{"level":"info","message":"User service running on port 8082","service":"user-service","timestamp":"2025-07-13 02:02:51"}
{"level":"info","message":"Environment: development","service":"user-service","timestamp":"2025-07-13 02:02:51"}
{"level":"info","message":"Health check: http://localhost:8082/api/health","service":"user-service","timestamp":"2025-07-13 02:02:51"}
{"level":"info","message":"MongoDB Connected: mongodb","service":"user-service","timestamp":"2025-07-13 02:02:52"}
{"ip":"::1","level":"info","message":"GET /api/health","service":"user-service","timestamp":"2025-07-13 02:02:53"}
{"ip":"::1","level":"info","message":"GET /api/health","service":"user-service","timestamp":"2025-07-13 02:03:24"}
{"ip":"::1","level":"info","message":"GET /api/health","service":"user-service","timestamp":"2025-07-13 02:03:54"}
{"ip":"::1","level":"info","message":"GET /api/health","service":"user-service","timestamp":"2025-07-13 02:04:24"}
{"ip":"::1","level":"info","message":"GET /api/health","service":"user-service","timestamp":"2025-07-13 02:04:55"}
{"ip":"::1","level":"info","message":"GET /api/health","service":"user-service","timestamp":"2025-07-13 02:05:25"}
{"ip":"::1","level":"info","message":"GET /api/health","service":"user-service","timestamp":"2025-07-13 02:05:55"}
{"ip":"::1","level":"info","message":"GET /api/health","service":"user-service","timestamp":"2025-07-13 02:06:26"}
{"ip":"::1","level":"info","message":"GET /api/health","service":"user-service","timestamp":"2025-07-13 02:06:56"}
{"ip":"::1","level":"info","message":"GET /api/health","service":"user-service","timestamp":"2025-07-13 02:07:27"}
{"ip":"::1","level":"info","message":"GET /api/health","service":"user-service","timestamp":"2025-07-13 02:07:57"}
{"ip":"::1","level":"info","message":"GET /api/health","service":"user-service","timestamp":"2025-07-13 02:08:27"}
{"ip":"::1","level":"info","message":"GET /api/health","service":"user-service","timestamp":"2025-07-13 02:08:58"}
{"ip":"::1","level":"info","message":"GET /api/health","service":"user-service","timestamp":"2025-07-13 02:09:28"}
{"ip":"::1","level":"info","message":"GET /api/health","service":"user-service","timestamp":"2025-07-13 02:09:59"}
{"ip":"::1","level":"info","message":"GET /api/health","service":"user-service","timestamp":"2025-07-13 02:10:29"}
{"ip":"::1","level":"info","message":"GET /api/health","service":"user-service","timestamp":"2025-07-13 02:10:59"}
{"ip":"::1","level":"info","message":"GET /api/health","service":"user-service","timestamp":"2025-07-13 02:11:31"}
{"ip":"::1","level":"info","message":"GET /api/health","service":"user-service","timestamp":"2025-07-13 02:12:02"}
{"ip":"::1","level":"info","message":"GET /api/health","service":"user-service","timestamp":"2025-07-13 02:12:33"}
{"ip":"::1","level":"info","message":"GET /api/health","service":"user-service","timestamp":"2025-07-13 02:13:04"}
{"ip":"::1","level":"info","message":"GET /api/health","service":"user-service","timestamp":"2025-07-13 02:13:35"}
{"ip":"::1","level":"info","message":"GET /api/health","service":"user-service","timestamp":"2025-07-13 02:14:06"}
{"ip":"::1","level":"info","message":"GET /api/health","service":"user-service","timestamp":"2025-07-13 02:14:37"}
{"ip":"::1","level":"info","message":"GET /api/health","service":"user-service","timestamp":"2025-07-13 02:15:07"}
{"ip":"::1","level":"info","message":"GET /api/health","service":"user-service","timestamp":"2025-07-13 02:15:37"}
{"ip":"::1","level":"info","message":"GET /api/health","service":"user-service","timestamp":"2025-07-13 02:16:08"}
{"ip":"::1","level":"info","message":"GET /api/health","service":"user-service","timestamp":"2025-07-13 02:16:38"}
{"ip":"::1","level":"info","message":"GET /api/health","service":"user-service","timestamp":"2025-07-13 02:17:09"}
{"ip":"::1","level":"info","message":"GET /api/health","service":"user-service","timestamp":"2025-07-13 02:17:39"}
{"ip":"::1","level":"info","message":"GET /api/health","service":"user-service","timestamp":"2025-07-13 02:18:10"}
{"ip":"::1","level":"info","message":"GET /api/health","service":"user-service","timestamp":"2025-07-13 02:18:40"}
{"ip":"::1","level":"info","message":"GET /api/health","service":"user-service","timestamp":"2025-07-13 02:19:10"}
{"ip":"::1","level":"info","message":"GET /api/health","service":"user-service","timestamp":"2025-07-13 02:19:40"}
{"ip":"::1","level":"info","message":"GET /api/health","service":"user-service","timestamp":"2025-07-13 02:20:10"}
{"ip":"::1","level":"info","message":"GET /api/health","service":"user-service","timestamp":"2025-07-13 02:20:41"}
{"ip":"::1","level":"info","message":"GET /api/health","service":"user-service","timestamp":"2025-07-13 02:21:11"}
{"ip":"::1","level":"info","message":"GET /api/health","service":"user-service","timestamp":"2025-07-13 02:21:41"}
{"ip":"::1","level":"info","message":"GET /api/health","service":"user-service","timestamp":"2025-07-13 02:22:11"}
{"ip":"::1","level":"info","message":"GET /api/health","service":"user-service","timestamp":"2025-07-13 02:22:42"}
{"ip":"::1","level":"info","message":"GET /api/health","service":"user-service","timestamp":"2025-07-13 02:23:12"}
{"ip":"::1","level":"info","message":"GET /api/health","service":"user-service","timestamp":"2025-07-13 02:23:42"}
{"ip":"::1","level":"info","message":"GET /api/health","service":"user-service","timestamp":"2025-07-13 02:24:12"}
{"ip":"::1","level":"info","message":"GET /api/health","service":"user-service","timestamp":"2025-07-13 02:24:42"}
{"ip":"::1","level":"info","message":"GET /api/health","service":"user-service","timestamp":"2025-07-13 02:25:13"}
{"ip":"::1","level":"info","message":"GET /api/health","service":"user-service","timestamp":"2025-07-13 02:25:43"}
{"ip":"::1","level":"info","message":"GET /api/health","service":"user-service","timestamp":"2025-07-13 02:26:13"}
{"ip":"::1","level":"info","message":"GET /api/health","service":"user-service","timestamp":"2025-07-13 02:26:43"}
{"ip":"::1","level":"info","message":"GET /api/health","service":"user-service","timestamp":"2025-07-13 02:27:13"}
{"ip":"::1","level":"info","message":"GET /api/health","service":"user-service","timestamp":"2025-07-13 02:27:44"}
{"ip":"::1","level":"info","message":"GET /api/health","service":"user-service","timestamp":"2025-07-13 02:28:14"}
{"ip":"::1","level":"info","message":"GET /api/health","service":"user-service","timestamp":"2025-07-13 02:28:44"}
{"ip":"::1","level":"info","message":"GET /api/health","service":"user-service","timestamp":"2025-07-13 02:29:14"}
{"ip":"::1","level":"info","message":"GET /api/health","service":"user-service","timestamp":"2025-07-13 02:29:45"}
{"ip":"::1","level":"info","message":"GET /api/health","service":"user-service","timestamp":"2025-07-13 02:30:15"}
{"ip":"::1","level":"info","message":"GET /api/health","service":"user-service","timestamp":"2025-07-13 02:30:45"}
{"ip":"::1","level":"info","message":"GET /api/health","service":"user-service","timestamp":"2025-07-13 02:31:15"}
{"ip":"::1","level":"info","message":"GET /api/health","service":"user-service","timestamp":"2025-07-13 02:31:45"}
{"ip":"::1","level":"info","message":"GET /api/health","service":"user-service","timestamp":"2025-07-13 02:32:16"}
{"ip":"::1","level":"info","message":"GET /api/health","service":"user-service","timestamp":"2025-07-13 02:32:46"}
{"ip":"::1","level":"info","message":"GET /api/health","service":"user-service","timestamp":"2025-07-13 02:33:16"}
{"ip":"::1","level":"info","message":"GET /api/health","service":"user-service","timestamp":"2025-07-13 02:33:46"}
{"ip":"::1","level":"info","message":"GET /api/health","service":"user-service","timestamp":"2025-07-13 02:34:16"}
{"ip":"::1","level":"info","message":"GET /api/health","service":"user-service","timestamp":"2025-07-13 02:34:47"}
{"ip":"::1","level":"info","message":"GET /api/health","service":"user-service","timestamp":"2025-07-13 02:35:17"}
{"ip":"::1","level":"info","message":"GET /api/health","service":"user-service","timestamp":"2025-07-13 02:35:47"}
{"ip":"::1","level":"info","message":"GET /api/health","service":"user-service","timestamp":"2025-07-13 02:36:17"}
{"ip":"::1","level":"info","message":"GET /api/health","service":"user-service","timestamp":"2025-07-13 02:36:47"}
{"ip":"::1","level":"info","message":"GET /api/health","service":"user-service","timestamp":"2025-07-13 02:37:18"}
{"ip":"::1","level":"info","message":"GET /api/health","service":"user-service","timestamp":"2025-07-13 02:37:48"}
{"ip":"::1","level":"info","message":"GET /api/health","service":"user-service","timestamp":"2025-07-13 02:38:18"}
{"ip":"::1","level":"info","message":"GET /api/health","service":"user-service","timestamp":"2025-07-13 02:38:48"}
{"ip":"::1","level":"info","message":"GET /api/health","service":"user-service","timestamp":"2025-07-13 02:39:19"}
{"ip":"::1","level":"info","message":"GET /api/health","service":"user-service","timestamp":"2025-07-13 02:39:49"}
{"ip":"::1","level":"info","message":"GET /api/health","service":"user-service","timestamp":"2025-07-13 02:40:19"}
{"ip":"::1","level":"info","message":"GET /api/health","service":"user-service","timestamp":"2025-07-13 02:40:49"}
{"ip":"::1","level":"info","message":"GET /api/health","service":"user-service","timestamp":"2025-07-13 02:41:20"}
{"ip":"::1","level":"info","message":"GET /api/health","service":"user-service","timestamp":"2025-07-13 02:41:50"}
{"ip":"::1","level":"info","message":"GET /api/health","service":"user-service","timestamp":"2025-07-13 02:42:20"}
{"ip":"::1","level":"info","message":"GET /api/health","service":"user-service","timestamp":"2025-07-13 02:42:50"}
{"ip":"::1","level":"info","message":"GET /api/health","service":"user-service","timestamp":"2025-07-13 02:43:20"}
{"ip":"::1","level":"info","message":"GET /api/health","service":"user-service","timestamp":"2025-07-13 02:43:51"}
{"ip":"::1","level":"info","message":"GET /api/health","service":"user-service","timestamp":"2025-07-13 02:44:21"}
{"ip":"::1","level":"info","message":"GET /api/health","service":"user-service","timestamp":"2025-07-13 02:44:51"}
{"ip":"::1","level":"info","message":"GET /api/health","service":"user-service","timestamp":"2025-07-13 02:45:21"}
{"ip":"::1","level":"info","message":"GET /api/health","service":"user-service","timestamp":"2025-07-13 02:45:52"}
{"ip":"::1","level":"info","message":"GET /api/health","service":"user-service","timestamp":"2025-07-13 02:46:22"}
{"ip":"::1","level":"info","message":"GET /api/health","service":"user-service","timestamp":"2025-07-13 02:46:52"}
{"ip":"::1","level":"info","message":"GET /api/health","service":"user-service","timestamp":"2025-07-13 02:47:22"}
{"ip":"::1","level":"info","message":"GET /api/health","service":"user-service","timestamp":"2025-07-13 02:47:52"}
{"ip":"::1","level":"info","message":"GET /api/health","service":"user-service","timestamp":"2025-07-13 02:48:23"}
{"ip":"::1","level":"info","message":"GET /api/health","service":"user-service","timestamp":"2025-07-13 02:48:53"}
{"ip":"::1","level":"info","message":"GET /api/health","service":"user-service","timestamp":"2025-07-13 02:49:23"}
{"ip":"::1","level":"info","message":"GET /api/health","service":"user-service","timestamp":"2025-07-13 02:49:53"}
{"ip":"::1","level":"info","message":"GET /api/health","service":"user-service","timestamp":"2025-07-13 02:50:24"}
{"ip":"::1","level":"info","message":"GET /api/health","service":"user-service","timestamp":"2025-07-13 02:50:54"}
{"ip":"::1","level":"info","message":"GET /api/health","service":"user-service","timestamp":"2025-07-13 02:51:24"}
{"ip":"::1","level":"info","message":"GET /api/health","service":"user-service","timestamp":"2025-07-13 02:51:54"}
{"ip":"::1","level":"info","message":"GET /api/health","service":"user-service","timestamp":"2025-07-13 02:52:25"}
{"ip":"::1","level":"info","message":"GET /api/health","service":"user-service","timestamp":"2025-07-13 02:52:55"}
{"ip":"::1","level":"info","message":"GET /api/health","service":"user-service","timestamp":"2025-07-13 02:53:25"}
{"ip":"::1","level":"info","message":"GET /api/health","service":"user-service","timestamp":"2025-07-13 02:53:55"}
{"ip":"::1","level":"info","message":"GET /api/health","service":"user-service","timestamp":"2025-07-13 02:54:25"}
{"ip":"::1","level":"info","message":"GET /api/health","service":"user-service","timestamp":"2025-07-13 02:54:56"}
{"ip":"::1","level":"info","message":"GET /api/health","service":"user-service","timestamp":"2025-07-13 02:55:26"}
{"ip":"::1","level":"info","message":"GET /api/health","service":"user-service","timestamp":"2025-07-13 02:55:56"}
{"body":"{\r\n  \"firstName\": \"John\",\r\n  \"lastName\": \"Doe\",\r\n  \"phone\": \"+1234567890\",\r\n  \"email\": \"john.doe@example.com\",\r\n  \"password\": \"securePassword123\",\r\n  \"role\": \"CUSTOMER\",        // Optional (default is CUSTOMER)\r\n  \"status\": \"PENDING\",       // Optional (default is PENDING)\r\n  \"profileImage\": null       // Optional (default is null)\r\n}","expose":true,"level":"error","message":"Global error handler: Unexpected token / in JSON at position 177","service":"user-service","stack":"SyntaxError: Unexpected token / in JSON at position 177\n    at JSON.parse (<anonymous>)\n    at parse (/app/node_modules/body-parser/lib/types/json.js:92:19)\n    at /app/node_modules/body-parser/lib/read.js:128:18\n    at AsyncResource.runInAsyncScope (node:async_hooks:203:9)\n    at invokeCallback (/app/node_modules/raw-body/index.js:238:16)\n    at done (/app/node_modules/raw-body/index.js:227:7)\n    at IncomingMessage.onEnd (/app/node_modules/raw-body/index.js:287:7)\n    at IncomingMessage.emit (node:events:517:28)\n    at endReadableNT (node:internal/streams/readable:1400:12)\n    at process.processTicksAndRejections (node:internal/process/task_queues:82:21)","status":400,"statusCode":400,"timestamp":"2025-07-13 02:56:12","type":"entity.parse.failed"}
{"ip":"::1","level":"info","message":"GET /api/health","service":"user-service","timestamp":"2025-07-13 02:56:26"}
{"ip":"::1","level":"info","message":"GET /api/health","service":"user-service","timestamp":"2025-07-13 02:56:57"}
{"ip":"::1","level":"info","message":"GET /api/health","service":"user-service","timestamp":"2025-07-13 02:57:27"}
{"ip":"::1","level":"info","message":"GET /api/health","service":"user-service","timestamp":"2025-07-13 02:57:57"}
{"ip":"::1","level":"info","message":"GET /api/health","service":"user-service","timestamp":"2025-07-13 02:58:27"}
{"ip":"::1","level":"info","message":"GET /api/health","service":"user-service","timestamp":"2025-07-13 02:58:57"}
{"ip":"::1","level":"info","message":"GET /api/health","service":"user-service","timestamp":"2025-07-13 02:59:28"}
{"body":"{\r\n  \"firstName\": \"John\",\r\n  \"lastName\": \"Doe\",\r\n  \"phone\": \"+1234567890\",\r\n  \"email\": \"john.doe@example.com\",\r\n  \"password\": \"securePassword123\",\r\n}","expose":true,"level":"error","message":"Global error handler: Unexpected token } in JSON at position 148","service":"user-service","stack":"SyntaxError: Unexpected token } in JSON at position 148\n    at JSON.parse (<anonymous>)\n    at parse (/app/node_modules/body-parser/lib/types/json.js:92:19)\n    at /app/node_modules/body-parser/lib/read.js:128:18\n    at AsyncResource.runInAsyncScope (node:async_hooks:203:9)\n    at invokeCallback (/app/node_modules/raw-body/index.js:238:16)\n    at done (/app/node_modules/raw-body/index.js:227:7)\n    at IncomingMessage.onEnd (/app/node_modules/raw-body/index.js:287:7)\n    at IncomingMessage.emit (node:events:517:28)\n    at endReadableNT (node:internal/streams/readable:1400:12)\n    at process.processTicksAndRejections (node:internal/process/task_queues:82:21)","status":400,"statusCode":400,"timestamp":"2025-07-13 02:59:58","type":"entity.parse.failed"}
{"ip":"::1","level":"info","message":"GET /api/health","service":"user-service","timestamp":"2025-07-13 02:59:58"}
{"ip":"::ffff:172.18.0.1","level":"info","message":"GET /api/users/register","service":"user-service","timestamp":"2025-07-13 03:00:08","userAgent":"PostmanRuntime/7.28.3"}
{"kind":"ObjectId","level":"error","message":"Error getting user by ID: Cast to ObjectId failed for value \"register\" (type string) at path \"_id\" for model \"User\"","path":"_id","reason":{},"service":"user-service","stack":"CastError: Cast to ObjectId failed for value \"register\" (type string) at path \"_id\" for model \"User\"\n    at SchemaObjectId.cast (/app/node_modules/mongoose/lib/schema/objectId.js:251:11)\n    at SchemaType.applySetters (/app/node_modules/mongoose/lib/schemaType.js:1258:12)\n    at SchemaType.castForQuery (/app/node_modules/mongoose/lib/schemaType.js:1676:17)\n    at cast (/app/node_modules/mongoose/lib/cast.js:390:32)\n    at Query.cast (/app/node_modules/mongoose/lib/query.js:5055:12)\n    at Query._castConditions (/app/node_modules/mongoose/lib/query.js:2351:10)\n    at model.Query._findOne (/app/node_modules/mongoose/lib/query.js:2674:8)\n    at model.Query.exec (/app/node_modules/mongoose/lib/query.js:4604:80)\n    at process.processTicksAndRejections (node:internal/process/task_queues:95:5)\n    at async UserService.getUserById (/app/src/services/UserService.js:39:20)","stringValue":"\"register\"","timestamp":"2025-07-13 03:00:08","value":"register","valueType":"string"}
{"kind":"ObjectId","level":"error","message":"Get user by ID error: Cast to ObjectId failed for value \"register\" (type string) at path \"_id\" for model \"User\"","path":"_id","reason":{},"service":"user-service","stack":"CastError: Cast to ObjectId failed for value \"register\" (type string) at path \"_id\" for model \"User\"\n    at SchemaObjectId.cast (/app/node_modules/mongoose/lib/schema/objectId.js:251:11)\n    at SchemaType.applySetters (/app/node_modules/mongoose/lib/schemaType.js:1258:12)\n    at SchemaType.castForQuery (/app/node_modules/mongoose/lib/schemaType.js:1676:17)\n    at cast (/app/node_modules/mongoose/lib/cast.js:390:32)\n    at Query.cast (/app/node_modules/mongoose/lib/query.js:5055:12)\n    at Query._castConditions (/app/node_modules/mongoose/lib/query.js:2351:10)\n    at model.Query._findOne (/app/node_modules/mongoose/lib/query.js:2674:8)\n    at model.Query.exec (/app/node_modules/mongoose/lib/query.js:4604:80)\n    at process.processTicksAndRejections (node:internal/process/task_queues:95:5)\n    at async UserService.getUserById (/app/src/services/UserService.js:39:20)","stringValue":"\"register\"","timestamp":"2025-07-13 03:00:08","value":"register","valueType":"string"}
{"ip":"::1","level":"info","message":"GET /api/health","service":"user-service","timestamp":"2025-07-13 03:00:28"}
{"ip":"::1","level":"info","message":"GET /api/health","service":"user-service","timestamp":"2025-07-13 03:00:58"}
{"ip":"::1","level":"info","message":"GET /api/health","service":"user-service","timestamp":"2025-07-13 03:01:28"}
{"ip":"::1","level":"info","message":"GET /api/health","service":"user-service","timestamp":"2025-07-13 03:01:59"}
{"ip":"::1","level":"info","message":"GET /api/health","service":"user-service","timestamp":"2025-07-13 03:02:29"}
{"ip":"::1","level":"info","message":"GET /api/health","service":"user-service","timestamp":"2025-07-13 03:02:59"}
{"ip":"::1","level":"info","message":"GET /api/health","service":"user-service","timestamp":"2025-07-13 03:03:29"}
{"ip":"::1","level":"info","message":"GET /api/health","service":"user-service","timestamp":"2025-07-13 03:03:59"}
{"ip":"::1","level":"info","message":"GET /api/health","service":"user-service","timestamp":"2025-07-13 03:04:30"}
{"ip":"::1","level":"info","message":"GET /api/health","service":"user-service","timestamp":"2025-07-13 03:05:00"}
{"ip":"::ffff:172.18.0.1","level":"info","message":"GET /api/users/register","service":"user-service","timestamp":"2025-07-13 03:05:01","userAgent":"PostmanRuntime/7.28.3"}
{"kind":"ObjectId","level":"error","message":"Error getting user by ID: Cast to ObjectId failed for value \"register\" (type string) at path \"_id\" for model \"User\"","path":"_id","reason":{},"service":"user-service","stack":"CastError: Cast to ObjectId failed for value \"register\" (type string) at path \"_id\" for model \"User\"\n    at SchemaObjectId.cast (/app/node_modules/mongoose/lib/schema/objectId.js:251:11)\n    at SchemaType.applySetters (/app/node_modules/mongoose/lib/schemaType.js:1258:12)\n    at SchemaType.castForQuery (/app/node_modules/mongoose/lib/schemaType.js:1676:17)\n    at cast (/app/node_modules/mongoose/lib/cast.js:390:32)\n    at Query.cast (/app/node_modules/mongoose/lib/query.js:5055:12)\n    at Query._castConditions (/app/node_modules/mongoose/lib/query.js:2351:10)\n    at model.Query._findOne (/app/node_modules/mongoose/lib/query.js:2674:8)\n    at model.Query.exec (/app/node_modules/mongoose/lib/query.js:4604:80)\n    at process.processTicksAndRejections (node:internal/process/task_queues:95:5)\n    at async UserService.getUserById (/app/src/services/UserService.js:39:20)","stringValue":"\"register\"","timestamp":"2025-07-13 03:05:01","value":"register","valueType":"string"}
{"kind":"ObjectId","level":"error","message":"Get user by ID error: Cast to ObjectId failed for value \"register\" (type string) at path \"_id\" for model \"User\"","path":"_id","reason":{},"service":"user-service","stack":"CastError: Cast to ObjectId failed for value \"register\" (type string) at path \"_id\" for model \"User\"\n    at SchemaObjectId.cast (/app/node_modules/mongoose/lib/schema/objectId.js:251:11)\n    at SchemaType.applySetters (/app/node_modules/mongoose/lib/schemaType.js:1258:12)\n    at SchemaType.castForQuery (/app/node_modules/mongoose/lib/schemaType.js:1676:17)\n    at cast (/app/node_modules/mongoose/lib/cast.js:390:32)\n    at Query.cast (/app/node_modules/mongoose/lib/query.js:5055:12)\n    at Query._castConditions (/app/node_modules/mongoose/lib/query.js:2351:10)\n    at model.Query._findOne (/app/node_modules/mongoose/lib/query.js:2674:8)\n    at model.Query.exec (/app/node_modules/mongoose/lib/query.js:4604:80)\n    at process.processTicksAndRejections (node:internal/process/task_queues:95:5)\n    at async UserService.getUserById (/app/src/services/UserService.js:39:20)","stringValue":"\"register\"","timestamp":"2025-07-13 03:05:01","value":"register","valueType":"string"}
{"level":"info","message":"SIGTERM received, shutting down gracefully","service":"user-service","timestamp":"2025-07-13 03:05:22"}
{"level":"info","message":"User service running on port 8082","service":"user-service","timestamp":"2025-07-13 03:07:44"}
{"level":"info","message":"Environment: development","service":"user-service","timestamp":"2025-07-13 03:07:44"}
{"level":"info","message":"Health check: http://localhost:8082/api/health","service":"user-service","timestamp":"2025-07-13 03:07:44"}
{"level":"info","message":"MongoDB Connected: mongodb","service":"user-service","timestamp":"2025-07-13 03:07:44"}
{"ip":"::1","level":"info","message":"GET /api/health","service":"user-service","timestamp":"2025-07-13 03:07:47"}
{"ip":"::ffff:172.18.0.1","level":"info","message":"GET /api/users/register","service":"user-service","timestamp":"2025-07-13 03:08:12","userAgent":"PostmanRuntime/7.28.3"}
{"kind":"ObjectId","level":"error","message":"Error getting user by ID: Cast to ObjectId failed for value \"register\" (type string) at path \"_id\" for model \"User\"","path":"_id","reason":{},"service":"user-service","stack":"CastError: Cast to ObjectId failed for value \"register\" (type string) at path \"_id\" for model \"User\"\n    at SchemaObjectId.cast (/app/node_modules/mongoose/lib/schema/objectId.js:251:11)\n    at SchemaType.applySetters (/app/node_modules/mongoose/lib/schemaType.js:1258:12)\n    at SchemaType.castForQuery (/app/node_modules/mongoose/lib/schemaType.js:1676:17)\n    at cast (/app/node_modules/mongoose/lib/cast.js:390:32)\n    at Query.cast (/app/node_modules/mongoose/lib/query.js:5055:12)\n    at Query._castConditions (/app/node_modules/mongoose/lib/query.js:2351:10)\n    at model.Query._findOne (/app/node_modules/mongoose/lib/query.js:2674:8)\n    at model.Query.exec (/app/node_modules/mongoose/lib/query.js:4604:80)\n    at process.processTicksAndRejections (node:internal/process/task_queues:95:5)\n    at async UserService.getUserById (/app/src/services/UserService.js:39:20)","stringValue":"\"register\"","timestamp":"2025-07-13 03:08:12","value":"register","valueType":"string"}
{"kind":"ObjectId","level":"error","message":"Get user by ID error: Cast to ObjectId failed for value \"register\" (type string) at path \"_id\" for model \"User\"","path":"_id","reason":{},"service":"user-service","stack":"CastError: Cast to ObjectId failed for value \"register\" (type string) at path \"_id\" for model \"User\"\n    at SchemaObjectId.cast (/app/node_modules/mongoose/lib/schema/objectId.js:251:11)\n    at SchemaType.applySetters (/app/node_modules/mongoose/lib/schemaType.js:1258:12)\n    at SchemaType.castForQuery (/app/node_modules/mongoose/lib/schemaType.js:1676:17)\n    at cast (/app/node_modules/mongoose/lib/cast.js:390:32)\n    at Query.cast (/app/node_modules/mongoose/lib/query.js:5055:12)\n    at Query._castConditions (/app/node_modules/mongoose/lib/query.js:2351:10)\n    at model.Query._findOne (/app/node_modules/mongoose/lib/query.js:2674:8)\n    at model.Query.exec (/app/node_modules/mongoose/lib/query.js:4604:80)\n    at process.processTicksAndRejections (node:internal/process/task_queues:95:5)\n    at async UserService.getUserById (/app/src/services/UserService.js:39:20)","stringValue":"\"register\"","timestamp":"2025-07-13 03:08:12","value":"register","valueType":"string"}
{"ip":"::1","level":"info","message":"GET /api/health","service":"user-service","timestamp":"2025-07-13 03:08:18"}
{"ip":"::1","level":"info","message":"GET /api/health","service":"user-service","timestamp":"2025-07-13 03:08:48"}
{"ip":"::1","level":"info","message":"GET /api/health","service":"user-service","timestamp":"2025-07-13 03:09:18"}
{"ip":"::1","level":"info","message":"GET /api/health","service":"user-service","timestamp":"2025-07-13 03:09:48"}
{"ip":"::1","level":"info","message":"GET /api/health","service":"user-service","timestamp":"2025-07-13 03:10:19"}
{"level":"info","message":"SIGTERM received, shutting down gracefully","service":"user-service","timestamp":"2025-07-13 03:10:39"}
{"level":"info","message":"User service running on port 8082","service":"user-service","timestamp":"2025-07-13 03:10:44"}
{"level":"info","message":"Environment: development","service":"user-service","timestamp":"2025-07-13 03:10:44"}
{"level":"info","message":"Health check: http://localhost:8082/api/health","service":"user-service","timestamp":"2025-07-13 03:10:44"}
{"level":"info","message":"MongoDB Connected: mongodb","service":"user-service","timestamp":"2025-07-13 03:10:44"}
{"ip":"::1","level":"info","message":"GET /api/health","service":"user-service","timestamp":"2025-07-13 03:10:46"}
{"ip":"::ffff:172.18.0.1","level":"info","message":"GET /api/users/register","service":"user-service","timestamp":"2025-07-13 03:10:53","userAgent":"PostmanRuntime/7.28.3"}
{"kind":"ObjectId","level":"error","message":"Error getting user by ID: Cast to ObjectId failed for value \"register\" (type string) at path \"_id\" for model \"User\"","path":"_id","reason":{},"service":"user-service","stack":"CastError: Cast to ObjectId failed for value \"register\" (type string) at path \"_id\" for model \"User\"\n    at SchemaObjectId.cast (/app/node_modules/mongoose/lib/schema/objectId.js:251:11)\n    at SchemaType.applySetters (/app/node_modules/mongoose/lib/schemaType.js:1258:12)\n    at SchemaType.castForQuery (/app/node_modules/mongoose/lib/schemaType.js:1676:17)\n    at cast (/app/node_modules/mongoose/lib/cast.js:390:32)\n    at Query.cast (/app/node_modules/mongoose/lib/query.js:5055:12)\n    at Query._castConditions (/app/node_modules/mongoose/lib/query.js:2351:10)\n    at model.Query._findOne (/app/node_modules/mongoose/lib/query.js:2674:8)\n    at model.Query.exec (/app/node_modules/mongoose/lib/query.js:4604:80)\n    at process.processTicksAndRejections (node:internal/process/task_queues:95:5)\n    at async UserService.getUserById (/app/src/services/UserService.js:39:20)","stringValue":"\"register\"","timestamp":"2025-07-13 03:10:53","value":"register","valueType":"string"}
{"kind":"ObjectId","level":"error","message":"Get user by ID error: Cast to ObjectId failed for value \"register\" (type string) at path \"_id\" for model \"User\"","path":"_id","reason":{},"service":"user-service","stack":"CastError: Cast to ObjectId failed for value \"register\" (type string) at path \"_id\" for model \"User\"\n    at SchemaObjectId.cast (/app/node_modules/mongoose/lib/schema/objectId.js:251:11)\n    at SchemaType.applySetters (/app/node_modules/mongoose/lib/schemaType.js:1258:12)\n    at SchemaType.castForQuery (/app/node_modules/mongoose/lib/schemaType.js:1676:17)\n    at cast (/app/node_modules/mongoose/lib/cast.js:390:32)\n    at Query.cast (/app/node_modules/mongoose/lib/query.js:5055:12)\n    at Query._castConditions (/app/node_modules/mongoose/lib/query.js:2351:10)\n    at model.Query._findOne (/app/node_modules/mongoose/lib/query.js:2674:8)\n    at model.Query.exec (/app/node_modules/mongoose/lib/query.js:4604:80)\n    at process.processTicksAndRejections (node:internal/process/task_queues:95:5)\n    at async UserService.getUserById (/app/src/services/UserService.js:39:20)","stringValue":"\"register\"","timestamp":"2025-07-13 03:10:53","value":"register","valueType":"string"}
{"ip":"::ffff:172.18.0.1","level":"info","message":"GET /api/users/register","service":"user-service","timestamp":"2025-07-13 03:10:55","userAgent":"PostmanRuntime/7.28.3"}
{"kind":"ObjectId","level":"error","message":"Error getting user by ID: Cast to ObjectId failed for value \"register\" (type string) at path \"_id\" for model \"User\"","path":"_id","reason":{},"service":"user-service","stack":"CastError: Cast to ObjectId failed for value \"register\" (type string) at path \"_id\" for model \"User\"\n    at SchemaObjectId.cast (/app/node_modules/mongoose/lib/schema/objectId.js:251:11)\n    at SchemaType.applySetters (/app/node_modules/mongoose/lib/schemaType.js:1258:12)\n    at SchemaType.castForQuery (/app/node_modules/mongoose/lib/schemaType.js:1676:17)\n    at cast (/app/node_modules/mongoose/lib/cast.js:390:32)\n    at Query.cast (/app/node_modules/mongoose/lib/query.js:5055:12)\n    at Query._castConditions (/app/node_modules/mongoose/lib/query.js:2351:10)\n    at model.Query._findOne (/app/node_modules/mongoose/lib/query.js:2674:8)\n    at model.Query.exec (/app/node_modules/mongoose/lib/query.js:4604:80)\n    at process.processTicksAndRejections (node:internal/process/task_queues:95:5)\n    at async UserService.getUserById (/app/src/services/UserService.js:39:20)","stringValue":"\"register\"","timestamp":"2025-07-13 03:10:55","value":"register","valueType":"string"}
{"kind":"ObjectId","level":"error","message":"Get user by ID error: Cast to ObjectId failed for value \"register\" (type string) at path \"_id\" for model \"User\"","path":"_id","reason":{},"service":"user-service","stack":"CastError: Cast to ObjectId failed for value \"register\" (type string) at path \"_id\" for model \"User\"\n    at SchemaObjectId.cast (/app/node_modules/mongoose/lib/schema/objectId.js:251:11)\n    at SchemaType.applySetters (/app/node_modules/mongoose/lib/schemaType.js:1258:12)\n    at SchemaType.castForQuery (/app/node_modules/mongoose/lib/schemaType.js:1676:17)\n    at cast (/app/node_modules/mongoose/lib/cast.js:390:32)\n    at Query.cast (/app/node_modules/mongoose/lib/query.js:5055:12)\n    at Query._castConditions (/app/node_modules/mongoose/lib/query.js:2351:10)\n    at model.Query._findOne (/app/node_modules/mongoose/lib/query.js:2674:8)\n    at model.Query.exec (/app/node_modules/mongoose/lib/query.js:4604:80)\n    at process.processTicksAndRejections (node:internal/process/task_queues:95:5)\n    at async UserService.getUserById (/app/src/services/UserService.js:39:20)","stringValue":"\"register\"","timestamp":"2025-07-13 03:10:55","value":"register","valueType":"string"}
{"ip":"::1","level":"info","message":"GET /api/health","service":"user-service","timestamp":"2025-07-13 03:11:16"}
{"ip":"::1","level":"info","message":"GET /api/health","service":"user-service","timestamp":"2025-07-13 03:11:47"}
{"ip":"::ffff:172.18.0.1","level":"info","message":"GET /api/users/register","service":"user-service","timestamp":"2025-07-13 03:12:04","userAgent":"PostmanRuntime/7.28.3"}
{"kind":"ObjectId","level":"error","message":"Error getting user by ID: Cast to ObjectId failed for value \"register\" (type string) at path \"_id\" for model \"User\"","path":"_id","reason":{},"service":"user-service","stack":"CastError: Cast to ObjectId failed for value \"register\" (type string) at path \"_id\" for model \"User\"\n    at SchemaObjectId.cast (/app/node_modules/mongoose/lib/schema/objectId.js:251:11)\n    at SchemaType.applySetters (/app/node_modules/mongoose/lib/schemaType.js:1258:12)\n    at SchemaType.castForQuery (/app/node_modules/mongoose/lib/schemaType.js:1676:17)\n    at cast (/app/node_modules/mongoose/lib/cast.js:390:32)\n    at Query.cast (/app/node_modules/mongoose/lib/query.js:5055:12)\n    at Query._castConditions (/app/node_modules/mongoose/lib/query.js:2351:10)\n    at model.Query._findOne (/app/node_modules/mongoose/lib/query.js:2674:8)\n    at model.Query.exec (/app/node_modules/mongoose/lib/query.js:4604:80)\n    at process.processTicksAndRejections (node:internal/process/task_queues:95:5)\n    at async UserService.getUserById (/app/src/services/UserService.js:39:20)","stringValue":"\"register\"","timestamp":"2025-07-13 03:12:04","value":"register","valueType":"string"}
{"kind":"ObjectId","level":"error","message":"Get user by ID error: Cast to ObjectId failed for value \"register\" (type string) at path \"_id\" for model \"User\"","path":"_id","reason":{},"service":"user-service","stack":"CastError: Cast to ObjectId failed for value \"register\" (type string) at path \"_id\" for model \"User\"\n    at SchemaObjectId.cast (/app/node_modules/mongoose/lib/schema/objectId.js:251:11)\n    at SchemaType.applySetters (/app/node_modules/mongoose/lib/schemaType.js:1258:12)\n    at SchemaType.castForQuery (/app/node_modules/mongoose/lib/schemaType.js:1676:17)\n    at cast (/app/node_modules/mongoose/lib/cast.js:390:32)\n    at Query.cast (/app/node_modules/mongoose/lib/query.js:5055:12)\n    at Query._castConditions (/app/node_modules/mongoose/lib/query.js:2351:10)\n    at model.Query._findOne (/app/node_modules/mongoose/lib/query.js:2674:8)\n    at model.Query.exec (/app/node_modules/mongoose/lib/query.js:4604:80)\n    at process.processTicksAndRejections (node:internal/process/task_queues:95:5)\n    at async UserService.getUserById (/app/src/services/UserService.js:39:20)","stringValue":"\"register\"","timestamp":"2025-07-13 03:12:04","value":"register","valueType":"string"}
{"ip":"::1","level":"info","message":"GET /api/health","service":"user-service","timestamp":"2025-07-13 03:12:17"}
{"ip":"::1","level":"info","message":"GET /api/health","service":"user-service","timestamp":"2025-07-13 03:12:47"}
{"ip":"::1","level":"info","message":"GET /api/health","service":"user-service","timestamp":"2025-07-13 03:13:17"}
{"ip":"::1","level":"info","message":"GET /api/health","service":"user-service","timestamp":"2025-07-13 03:13:47"}
{"ip":"::1","level":"info","message":"GET /api/health","service":"user-service","timestamp":"2025-07-13 03:14:18"}
{"ip":"::1","level":"info","message":"GET /api/health","service":"user-service","timestamp":"2025-07-13 03:14:48"}
{"ip":"::1","level":"info","message":"GET /api/health","service":"user-service","timestamp":"2025-07-13 03:15:18"}
{"ip":"::1","level":"info","message":"GET /api/health","service":"user-service","timestamp":"2025-07-13 03:15:48"}
{"ip":"::1","level":"info","message":"GET /api/health","service":"user-service","timestamp":"2025-07-13 03:16:18"}
{"ip":"::1","level":"info","message":"GET /api/health","service":"user-service","timestamp":"2025-07-13 03:16:49"}
{"ip":"::1","level":"info","message":"GET /api/health","service":"user-service","timestamp":"2025-07-13 03:17:19"}
{"ip":"::1","level":"info","message":"GET /api/health","service":"user-service","timestamp":"2025-07-13 03:17:49"}
{"ip":"::1","level":"info","message":"GET /api/health","service":"user-service","timestamp":"2025-07-13 03:18:19"}
{"ip":"::1","level":"info","message":"GET /api/health","service":"user-service","timestamp":"2025-07-13 03:18:49"}
{"ip":"::1","level":"info","message":"GET /api/health","service":"user-service","timestamp":"2025-07-13 03:19:20"}
{"ip":"::1","level":"info","message":"GET /api/health","service":"user-service","timestamp":"2025-07-13 03:19:50"}
{"ip":"::1","level":"info","message":"GET /api/health","service":"user-service","timestamp":"2025-07-13 03:20:20"}
{"ip":"::1","level":"info","message":"GET /api/health","service":"user-service","timestamp":"2025-07-13 03:20:50"}
{"ip":"::1","level":"info","message":"GET /api/health","service":"user-service","timestamp":"2025-07-13 03:21:21"}
{"ip":"::1","level":"info","message":"GET /api/health","service":"user-service","timestamp":"2025-07-13 03:21:51"}
{"ip":"::1","level":"info","message":"GET /api/health","service":"user-service","timestamp":"2025-07-13 03:22:21"}
{"ip":"::1","level":"info","message":"GET /api/health","service":"user-service","timestamp":"2025-07-13 03:22:51"}
{"ip":"::1","level":"info","message":"GET /api/health","service":"user-service","timestamp":"2025-07-13 03:23:21"}
{"ip":"::1","level":"info","message":"GET /api/health","service":"user-service","timestamp":"2025-07-13 03:23:52"}
{"ip":"::1","level":"info","message":"GET /api/health","service":"user-service","timestamp":"2025-07-13 03:24:22"}
{"ip":"::1","level":"info","message":"GET /api/health","service":"user-service","timestamp":"2025-07-13 03:24:52"}
{"ip":"::1","level":"info","message":"GET /api/health","service":"user-service","timestamp":"2025-07-13 03:25:22"}
{"ip":"::1","level":"info","message":"GET /api/health","service":"user-service","timestamp":"2025-07-13 03:25:52"}
{"ip":"::1","level":"info","message":"GET /api/health","service":"user-service","timestamp":"2025-07-13 03:26:22"}
{"ip":"::1","level":"info","message":"GET /api/health","service":"user-service","timestamp":"2025-07-13 03:26:53"}
{"ip":"::1","level":"info","message":"GET /api/health","service":"user-service","timestamp":"2025-07-13 03:27:23"}
{"ip":"::1","level":"info","message":"GET /api/health","service":"user-service","timestamp":"2025-07-13 03:27:53"}
{"ip":"::1","level":"info","message":"GET /api/health","service":"user-service","timestamp":"2025-07-13 03:28:23"}
{"ip":"::1","level":"info","message":"GET /api/health","service":"user-service","timestamp":"2025-07-13 03:28:54"}
{"ip":"::1","level":"info","message":"GET /api/health","service":"user-service","timestamp":"2025-07-13 03:29:24"}
{"ip":"::1","level":"info","message":"GET /api/health","service":"user-service","timestamp":"2025-07-13 03:29:54"}
{"ip":"::1","level":"info","message":"GET /api/health","service":"user-service","timestamp":"2025-07-13 03:30:24"}
{"ip":"::1","level":"info","message":"GET /api/health","service":"user-service","timestamp":"2025-07-13 03:30:54"}
{"ip":"::1","level":"info","message":"GET /api/health","service":"user-service","timestamp":"2025-07-13 03:31:24"}
{"ip":"::1","level":"info","message":"GET /api/health","service":"user-service","timestamp":"2025-07-13 03:31:55"}
{"ip":"::1","level":"info","message":"GET /api/health","service":"user-service","timestamp":"2025-07-13 03:32:25"}
{"ip":"::1","level":"info","message":"GET /api/health","service":"user-service","timestamp":"2025-07-13 03:32:55"}
{"ip":"::1","level":"info","message":"GET /api/health","service":"user-service","timestamp":"2025-07-13 03:33:25"}
{"ip":"::1","level":"info","message":"GET /api/health","service":"user-service","timestamp":"2025-07-13 03:33:55"}
{"ip":"::1","level":"info","message":"GET /api/health","service":"user-service","timestamp":"2025-07-13 03:34:26"}
{"ip":"::1","level":"info","message":"GET /api/health","service":"user-service","timestamp":"2025-07-13 03:34:56"}
{"ip":"::1","level":"info","message":"GET /api/health","service":"user-service","timestamp":"2025-07-13 03:35:26"}
{"ip":"::1","level":"info","message":"GET /api/health","service":"user-service","timestamp":"2025-07-13 03:35:56"}
{"ip":"::1","level":"info","message":"GET /api/health","service":"user-service","timestamp":"2025-07-13 03:36:26"}
{"ip":"::1","level":"info","message":"GET /api/health","service":"user-service","timestamp":"2025-07-13 03:36:56"}
{"ip":"::1","level":"info","message":"GET /api/health","service":"user-service","timestamp":"2025-07-13 03:37:27"}
{"ip":"::1","level":"info","message":"GET /api/health","service":"user-service","timestamp":"2025-07-13 03:37:57"}
{"ip":"::1","level":"info","message":"GET /api/health","service":"user-service","timestamp":"2025-07-13 03:38:27"}
{"ip":"::1","level":"info","message":"GET /api/health","service":"user-service","timestamp":"2025-07-13 03:38:57"}
{"ip":"::1","level":"info","message":"GET /api/health","service":"user-service","timestamp":"2025-07-13 03:39:27"}
{"ip":"::1","level":"info","message":"GET /api/health","service":"user-service","timestamp":"2025-07-13 03:39:58"}
{"ip":"::1","level":"info","message":"GET /api/health","service":"user-service","timestamp":"2025-07-13 03:40:28"}
{"ip":"::1","level":"info","message":"GET /api/health","service":"user-service","timestamp":"2025-07-13 03:40:58"}
{"ip":"::1","level":"info","message":"GET /api/health","service":"user-service","timestamp":"2025-07-13 03:41:28"}
{"ip":"::1","level":"info","message":"GET /api/health","service":"user-service","timestamp":"2025-07-13 03:41:58"}
{"ip":"::1","level":"info","message":"GET /api/health","service":"user-service","timestamp":"2025-07-13 03:42:28"}
{"ip":"::1","level":"info","message":"GET /api/health","service":"user-service","timestamp":"2025-07-13 03:42:59"}
{"ip":"::1","level":"info","message":"GET /api/health","service":"user-service","timestamp":"2025-07-13 03:43:29"}
{"ip":"::1","level":"info","message":"GET /api/health","service":"user-service","timestamp":"2025-07-13 03:43:59"}
{"ip":"::1","level":"info","message":"GET /api/health","service":"user-service","timestamp":"2025-07-13 03:44:29"}
{"ip":"::1","level":"info","message":"GET /api/health","service":"user-service","timestamp":"2025-07-13 03:44:59"}
{"ip":"::1","level":"info","message":"GET /api/health","service":"user-service","timestamp":"2025-07-13 03:45:30"}
{"ip":"::1","level":"info","message":"GET /api/health","service":"user-service","timestamp":"2025-07-13 03:46:00"}
{"ip":"::1","level":"info","message":"GET /api/health","service":"user-service","timestamp":"2025-07-13 03:46:30"}
{"ip":"::1","level":"info","message":"GET /api/health","service":"user-service","timestamp":"2025-07-13 03:47:00"}
{"ip":"::1","level":"info","message":"GET /api/health","service":"user-service","timestamp":"2025-07-13 03:47:30"}
{"ip":"::1","level":"info","message":"GET /api/health","service":"user-service","timestamp":"2025-07-13 03:48:01"}
{"ip":"::1","level":"info","message":"GET /api/health","service":"user-service","timestamp":"2025-07-13 03:48:31"}
{"ip":"::1","level":"info","message":"GET /api/health","service":"user-service","timestamp":"2025-07-13 03:49:01"}
{"ip":"::1","level":"info","message":"GET /api/health","service":"user-service","timestamp":"2025-07-13 03:49:31"}
{"ip":"::1","level":"info","message":"GET /api/health","service":"user-service","timestamp":"2025-07-13 03:50:01"}
{"ip":"::1","level":"info","message":"GET /api/health","service":"user-service","timestamp":"2025-07-13 03:50:32"}
{"ip":"::1","level":"info","message":"GET /api/health","service":"user-service","timestamp":"2025-07-13 03:51:02"}
{"ip":"::1","level":"info","message":"GET /api/health","service":"user-service","timestamp":"2025-07-13 03:51:32"}
{"ip":"::1","level":"info","message":"GET /api/health","service":"user-service","timestamp":"2025-07-13 03:52:02"}
{"ip":"::1","level":"info","message":"GET /api/health","service":"user-service","timestamp":"2025-07-13 03:52:32"}
{"ip":"::1","level":"info","message":"GET /api/health","service":"user-service","timestamp":"2025-07-13 03:53:03"}
{"ip":"::1","level":"info","message":"GET /api/health","service":"user-service","timestamp":"2025-07-13 03:53:33"}
{"ip":"::1","level":"info","message":"GET /api/health","service":"user-service","timestamp":"2025-07-13 03:54:03"}
{"ip":"::1","level":"info","message":"GET /api/health","service":"user-service","timestamp":"2025-07-13 03:54:33"}
{"ip":"::1","level":"info","message":"GET /api/health","service":"user-service","timestamp":"2025-07-13 03:55:03"}
{"ip":"::1","level":"info","message":"GET /api/health","service":"user-service","timestamp":"2025-07-13 03:55:34"}
{"ip":"::1","level":"info","message":"GET /api/health","service":"user-service","timestamp":"2025-07-13 03:56:04"}
{"ip":"::1","level":"info","message":"GET /api/health","service":"user-service","timestamp":"2025-07-13 03:56:34"}
{"ip":"::1","level":"info","message":"GET /api/health","service":"user-service","timestamp":"2025-07-13 03:57:04"}
{"ip":"::1","level":"info","message":"GET /api/health","service":"user-service","timestamp":"2025-07-13 03:57:34"}
{"ip":"::1","level":"info","message":"GET /api/health","service":"user-service","timestamp":"2025-07-13 03:58:05"}
{"ip":"::1","level":"info","message":"GET /api/health","service":"user-service","timestamp":"2025-07-13 03:58:35"}
{"ip":"::1","level":"info","message":"GET /api/health","service":"user-service","timestamp":"2025-07-13 03:59:05"}
{"ip":"::1","level":"info","message":"GET /api/health","service":"user-service","timestamp":"2025-07-13 03:59:35"}
{"ip":"::1","level":"info","message":"GET /api/health","service":"user-service","timestamp":"2025-07-13 04:00:05"}
{"ip":"::1","level":"info","message":"GET /api/health","service":"user-service","timestamp":"2025-07-13 04:00:36"}
{"ip":"::1","level":"info","message":"GET /api/health","service":"user-service","timestamp":"2025-07-13 04:01:06"}
{"ip":"::1","level":"info","message":"GET /api/health","service":"user-service","timestamp":"2025-07-13 04:01:36"}
{"ip":"::1","level":"info","message":"GET /api/health","service":"user-service","timestamp":"2025-07-13 04:02:06"}
{"ip":"::1","level":"info","message":"GET /api/health","service":"user-service","timestamp":"2025-07-13 04:02:36"}
{"ip":"::1","level":"info","message":"GET /api/health","service":"user-service","timestamp":"2025-07-13 04:03:07"}
{"ip":"::1","level":"info","message":"GET /api/health","service":"user-service","timestamp":"2025-07-13 04:03:37"}
{"ip":"::1","level":"info","message":"GET /api/health","service":"user-service","timestamp":"2025-07-13 04:04:07"}
{"ip":"::1","level":"info","message":"GET /api/health","service":"user-service","timestamp":"2025-07-13 04:04:37"}
{"ip":"::1","level":"info","message":"GET /api/health","service":"user-service","timestamp":"2025-07-13 04:05:07"}
{"ip":"::1","level":"info","message":"GET /api/health","service":"user-service","timestamp":"2025-07-13 04:05:38"}
{"ip":"::1","level":"info","message":"GET /api/health","service":"user-service","timestamp":"2025-07-13 04:06:08"}
{"ip":"::1","level":"info","message":"GET /api/health","service":"user-service","timestamp":"2025-07-13 04:06:38"}
{"ip":"::1","level":"info","message":"GET /api/health","service":"user-service","timestamp":"2025-07-13 04:07:08"}
{"ip":"::1","level":"info","message":"GET /api/health","service":"user-service","timestamp":"2025-07-13 04:07:38"}
{"ip":"::1","level":"info","message":"GET /api/health","service":"user-service","timestamp":"2025-07-13 04:08:09"}
{"ip":"::1","level":"info","message":"GET /api/health","service":"user-service","timestamp":"2025-07-13 04:08:39"}
{"ip":"::1","level":"info","message":"GET /api/health","service":"user-service","timestamp":"2025-07-13 04:09:09"}
{"ip":"::1","level":"info","message":"GET /api/health","service":"user-service","timestamp":"2025-07-13 04:09:39"}
{"ip":"::1","level":"info","message":"GET /api/health","service":"user-service","timestamp":"2025-07-13 04:10:09"}
{"ip":"::1","level":"info","message":"GET /api/health","service":"user-service","timestamp":"2025-07-13 04:10:40"}
{"ip":"::1","level":"info","message":"GET /api/health","service":"user-service","timestamp":"2025-07-13 04:11:10"}
{"ip":"::1","level":"info","message":"GET /api/health","service":"user-service","timestamp":"2025-07-13 04:11:40"}
{"ip":"::1","level":"info","message":"GET /api/health","service":"user-service","timestamp":"2025-07-13 04:12:10"}
{"ip":"::1","level":"info","message":"GET /api/health","service":"user-service","timestamp":"2025-07-13 04:12:40"}
{"ip":"::1","level":"info","message":"GET /api/health","service":"user-service","timestamp":"2025-07-13 04:13:11"}
{"ip":"::1","level":"info","message":"GET /api/health","service":"user-service","timestamp":"2025-07-13 04:13:41"}
{"ip":"::1","level":"info","message":"GET /api/health","service":"user-service","timestamp":"2025-07-13 04:14:11"}
{"ip":"::1","level":"info","message":"GET /api/health","service":"user-service","timestamp":"2025-07-13 04:14:41"}
{"ip":"::1","level":"info","message":"GET /api/health","service":"user-service","timestamp":"2025-07-13 04:15:11"}
{"ip":"::1","level":"info","message":"GET /api/health","service":"user-service","timestamp":"2025-07-13 04:15:42"}
{"ip":"::1","level":"info","message":"GET /api/health","service":"user-service","timestamp":"2025-07-13 04:16:12"}
{"ip":"::1","level":"info","message":"GET /api/health","service":"user-service","timestamp":"2025-07-13 04:16:42"}
{"ip":"::1","level":"info","message":"GET /api/health","service":"user-service","timestamp":"2025-07-13 04:17:12"}
{"ip":"::1","level":"info","message":"GET /api/health","service":"user-service","timestamp":"2025-07-13 04:17:42"}
{"ip":"::1","level":"info","message":"GET /api/health","service":"user-service","timestamp":"2025-07-13 04:18:13"}
{"ip":"::1","level":"info","message":"GET /api/health","service":"user-service","timestamp":"2025-07-13 04:18:43"}
{"ip":"::1","level":"info","message":"GET /api/health","service":"user-service","timestamp":"2025-07-13 04:19:13"}
{"ip":"::1","level":"info","message":"GET /api/health","service":"user-service","timestamp":"2025-07-13 04:19:43"}
{"ip":"::1","level":"info","message":"GET /api/health","service":"user-service","timestamp":"2025-07-13 04:20:13"}
{"ip":"::1","level":"info","message":"GET /api/health","service":"user-service","timestamp":"2025-07-13 04:20:44"}
{"ip":"::1","level":"info","message":"GET /api/health","service":"user-service","timestamp":"2025-07-13 04:21:14"}
{"ip":"::1","level":"info","message":"GET /api/health","service":"user-service","timestamp":"2025-07-13 04:21:44"}
{"ip":"::1","level":"info","message":"GET /api/health","service":"user-service","timestamp":"2025-07-13 04:22:14"}
{"ip":"::1","level":"info","message":"GET /api/health","service":"user-service","timestamp":"2025-07-13 04:22:45"}
{"ip":"::1","level":"info","message":"GET /api/health","service":"user-service","timestamp":"2025-07-13 04:23:15"}
{"ip":"::1","level":"info","message":"GET /api/health","service":"user-service","timestamp":"2025-07-13 04:23:45"}
{"ip":"::1","level":"info","message":"GET /api/health","service":"user-service","timestamp":"2025-07-13 04:24:15"}
{"ip":"::1","level":"info","message":"GET /api/health","service":"user-service","timestamp":"2025-07-13 04:24:45"}
{"ip":"::1","level":"info","message":"GET /api/health","service":"user-service","timestamp":"2025-07-13 04:25:16"}
{"ip":"::1","level":"info","message":"GET /api/health","service":"user-service","timestamp":"2025-07-13 04:25:46"}
{"ip":"::1","level":"info","message":"GET /api/health","service":"user-service","timestamp":"2025-07-13 04:26:16"}
{"ip":"::1","level":"info","message":"GET /api/health","service":"user-service","timestamp":"2025-07-13 04:26:46"}
{"ip":"::1","level":"info","message":"GET /api/health","service":"user-service","timestamp":"2025-07-13 04:27:16"}
{"ip":"::1","level":"info","message":"GET /api/health","service":"user-service","timestamp":"2025-07-13 04:27:47"}
{"ip":"::1","level":"info","message":"GET /api/health","service":"user-service","timestamp":"2025-07-13 04:28:17"}
{"ip":"::1","level":"info","message":"GET /api/health","service":"user-service","timestamp":"2025-07-13 04:28:47"}
{"ip":"::1","level":"info","message":"GET /api/health","service":"user-service","timestamp":"2025-07-13 04:29:17"}
{"ip":"::1","level":"info","message":"GET /api/health","service":"user-service","timestamp":"2025-07-13 04:29:47"}
{"ip":"::1","level":"info","message":"GET /api/health","service":"user-service","timestamp":"2025-07-13 04:30:18"}
{"ip":"::1","level":"info","message":"GET /api/health","service":"user-service","timestamp":"2025-07-13 04:30:48"}
{"ip":"::1","level":"info","message":"GET /api/health","service":"user-service","timestamp":"2025-07-13 04:31:18"}
{"ip":"::1","level":"info","message":"GET /api/health","service":"user-service","timestamp":"2025-07-13 04:31:48"}
{"ip":"::1","level":"info","message":"GET /api/health","service":"user-service","timestamp":"2025-07-13 04:32:18"}
{"ip":"::1","level":"info","message":"GET /api/health","service":"user-service","timestamp":"2025-07-13 04:32:48"}
{"ip":"::1","level":"info","message":"GET /api/health","service":"user-service","timestamp":"2025-07-13 04:33:19"}
{"ip":"::1","level":"info","message":"GET /api/health","service":"user-service","timestamp":"2025-07-13 04:33:49"}
{"ip":"::1","level":"info","message":"GET /api/health","service":"user-service","timestamp":"2025-07-13 04:34:19"}
{"ip":"::1","level":"info","message":"GET /api/health","service":"user-service","timestamp":"2025-07-13 04:34:49"}
{"ip":"::1","level":"info","message":"GET /api/health","service":"user-service","timestamp":"2025-07-13 04:35:19"}
{"ip":"::1","level":"info","message":"GET /api/health","service":"user-service","timestamp":"2025-07-13 04:35:50"}
{"ip":"::1","level":"info","message":"GET /api/health","service":"user-service","timestamp":"2025-07-13 04:36:20"}
{"ip":"::1","level":"info","message":"GET /api/health","service":"user-service","timestamp":"2025-07-13 04:36:50"}
{"ip":"::1","level":"info","message":"GET /api/health","service":"user-service","timestamp":"2025-07-13 04:37:20"}
{"ip":"::1","level":"info","message":"GET /api/health","service":"user-service","timestamp":"2025-07-13 04:37:50"}
{"ip":"::1","level":"info","message":"GET /api/health","service":"user-service","timestamp":"2025-07-13 04:38:21"}
{"ip":"::1","level":"info","message":"GET /api/health","service":"user-service","timestamp":"2025-07-13 04:38:51"}
{"ip":"::1","level":"info","message":"GET /api/health","service":"user-service","timestamp":"2025-07-13 04:39:21"}
{"ip":"::1","level":"info","message":"GET /api/health","service":"user-service","timestamp":"2025-07-13 04:39:51"}
{"ip":"::1","level":"info","message":"GET /api/health","service":"user-service","timestamp":"2025-07-13 04:40:21"}
{"ip":"::1","level":"info","message":"GET /api/health","service":"user-service","timestamp":"2025-07-13 04:40:52"}
{"ip":"::1","level":"info","message":"GET /api/health","service":"user-service","timestamp":"2025-07-13 04:41:22"}
{"ip":"::1","level":"info","message":"GET /api/health","service":"user-service","timestamp":"2025-07-13 04:41:52"}
{"ip":"::1","level":"info","message":"GET /api/health","service":"user-service","timestamp":"2025-07-13 04:42:22"}
{"ip":"::1","level":"info","message":"GET /api/health","service":"user-service","timestamp":"2025-07-13 04:42:52"}
{"ip":"::1","level":"info","message":"GET /api/health","service":"user-service","timestamp":"2025-07-13 04:43:23"}
{"ip":"::1","level":"info","message":"GET /api/health","service":"user-service","timestamp":"2025-07-13 04:43:53"}
{"ip":"::1","level":"info","message":"GET /api/health","service":"user-service","timestamp":"2025-07-13 04:44:23"}
{"ip":"::1","level":"info","message":"GET /api/health","service":"user-service","timestamp":"2025-07-13 04:44:53"}
{"ip":"::1","level":"info","message":"GET /api/health","service":"user-service","timestamp":"2025-07-13 04:45:23"}
{"ip":"::1","level":"info","message":"GET /api/health","service":"user-service","timestamp":"2025-07-13 04:45:53"}
{"ip":"::1","level":"info","message":"GET /api/health","service":"user-service","timestamp":"2025-07-13 04:46:24"}
{"ip":"::1","level":"info","message":"GET /api/health","service":"user-service","timestamp":"2025-07-13 04:46:54"}
{"ip":"::1","level":"info","message":"GET /api/health","service":"user-service","timestamp":"2025-07-13 04:47:24"}
{"ip":"::1","level":"info","message":"GET /api/health","service":"user-service","timestamp":"2025-07-13 04:47:54"}
{"ip":"::1","level":"info","message":"GET /api/health","service":"user-service","timestamp":"2025-07-13 04:48:25"}
{"ip":"::1","level":"info","message":"GET /api/health","service":"user-service","timestamp":"2025-07-13 04:48:55"}
{"ip":"::1","level":"info","message":"GET /api/health","service":"user-service","timestamp":"2025-07-13 04:49:25"}
{"ip":"::1","level":"info","message":"GET /api/health","service":"user-service","timestamp":"2025-07-13 04:49:55"}
{"ip":"::1","level":"info","message":"GET /api/health","service":"user-service","timestamp":"2025-07-13 04:50:25"}
{"ip":"::1","level":"info","message":"GET /api/health","service":"user-service","timestamp":"2025-07-13 04:50:56"}
{"ip":"::1","level":"info","message":"GET /api/health","service":"user-service","timestamp":"2025-07-13 04:51:26"}
{"ip":"::1","level":"info","message":"GET /api/health","service":"user-service","timestamp":"2025-07-13 04:51:56"}
{"ip":"::1","level":"info","message":"GET /api/health","service":"user-service","timestamp":"2025-07-13 04:52:26"}
{"ip":"::1","level":"info","message":"GET /api/health","service":"user-service","timestamp":"2025-07-13 04:52:56"}
{"ip":"::1","level":"info","message":"GET /api/health","service":"user-service","timestamp":"2025-07-13 04:53:27"}
{"ip":"::1","level":"info","message":"GET /api/health","service":"user-service","timestamp":"2025-07-13 04:53:57"}
{"ip":"::1","level":"info","message":"GET /api/health","service":"user-service","timestamp":"2025-07-13 04:54:27"}
{"ip":"::1","level":"info","message":"GET /api/health","service":"user-service","timestamp":"2025-07-13 04:54:57"}
{"ip":"::1","level":"info","message":"GET /api/health","service":"user-service","timestamp":"2025-07-13 04:55:27"}
{"ip":"::1","level":"info","message":"GET /api/health","service":"user-service","timestamp":"2025-07-13 04:55:58"}
{"ip":"::1","level":"info","message":"GET /api/health","service":"user-service","timestamp":"2025-07-13 04:56:28"}
{"ip":"::1","level":"info","message":"GET /api/health","service":"user-service","timestamp":"2025-07-13 04:56:58"}
{"ip":"::1","level":"info","message":"GET /api/health","service":"user-service","timestamp":"2025-07-13 04:57:28"}
{"ip":"::1","level":"info","message":"GET /api/health","service":"user-service","timestamp":"2025-07-13 04:57:58"}
{"ip":"::1","level":"info","message":"GET /api/health","service":"user-service","timestamp":"2025-07-13 04:58:29"}
{"ip":"::1","level":"info","message":"GET /api/health","service":"user-service","timestamp":"2025-07-13 04:58:59"}
{"ip":"::1","level":"info","message":"GET /api/health","service":"user-service","timestamp":"2025-07-13 04:59:29"}
{"ip":"::1","level":"info","message":"GET /api/health","service":"user-service","timestamp":"2025-07-13 04:59:59"}
{"ip":"::1","level":"info","message":"GET /api/health","service":"user-service","timestamp":"2025-07-13 05:00:29"}
{"ip":"::1","level":"info","message":"GET /api/health","service":"user-service","timestamp":"2025-07-13 05:01:00"}
{"ip":"::1","level":"info","message":"GET /api/health","service":"user-service","timestamp":"2025-07-13 05:01:30"}
{"ip":"::1","level":"info","message":"GET /api/health","service":"user-service","timestamp":"2025-07-13 05:02:00"}
{"ip":"::1","level":"info","message":"GET /api/health","service":"user-service","timestamp":"2025-07-13 05:02:30"}
{"ip":"::1","level":"info","message":"GET /api/health","service":"user-service","timestamp":"2025-07-13 05:03:00"}
{"ip":"::1","level":"info","message":"GET /api/health","service":"user-service","timestamp":"2025-07-13 05:03:31"}
{"ip":"::1","level":"info","message":"GET /api/health","service":"user-service","timestamp":"2025-07-13 05:04:01"}
{"ip":"::1","level":"info","message":"GET /api/health","service":"user-service","timestamp":"2025-07-13 05:04:31"}
{"ip":"::1","level":"info","message":"GET /api/health","service":"user-service","timestamp":"2025-07-13 05:05:01"}
{"ip":"::1","level":"info","message":"GET /api/health","service":"user-service","timestamp":"2025-07-13 05:05:31"}
{"ip":"::1","level":"info","message":"GET /api/health","service":"user-service","timestamp":"2025-07-13 05:06:02"}
{"ip":"::1","level":"info","message":"GET /api/health","service":"user-service","timestamp":"2025-07-13 05:06:32"}
{"ip":"::1","level":"info","message":"GET /api/health","service":"user-service","timestamp":"2025-07-13 05:07:02"}
{"ip":"::1","level":"info","message":"GET /api/health","service":"user-service","timestamp":"2025-07-13 05:07:32"}
{"ip":"::1","level":"info","message":"GET /api/health","service":"user-service","timestamp":"2025-07-13 05:08:02"}
{"ip":"::1","level":"info","message":"GET /api/health","service":"user-service","timestamp":"2025-07-13 05:08:33"}
{"ip":"::1","level":"info","message":"GET /api/health","service":"user-service","timestamp":"2025-07-13 05:09:03"}
{"ip":"::1","level":"info","message":"GET /api/health","service":"user-service","timestamp":"2025-07-13 05:09:33"}
{"ip":"::1","level":"info","message":"GET /api/health","service":"user-service","timestamp":"2025-07-13 05:10:03"}
{"ip":"::1","level":"info","message":"GET /api/health","service":"user-service","timestamp":"2025-07-13 05:10:33"}
{"ip":"::1","level":"info","message":"GET /api/health","service":"user-service","timestamp":"2025-07-13 05:11:04"}
{"ip":"::1","level":"info","message":"GET /api/health","service":"user-service","timestamp":"2025-07-13 05:11:34"}
{"ip":"::1","level":"info","message":"GET /api/health","service":"user-service","timestamp":"2025-07-13 05:12:04"}
{"ip":"::1","level":"info","message":"GET /api/health","service":"user-service","timestamp":"2025-07-13 05:12:34"}
{"ip":"::1","level":"info","message":"GET /api/health","service":"user-service","timestamp":"2025-07-13 05:13:04"}
{"ip":"::1","level":"info","message":"GET /api/health","service":"user-service","timestamp":"2025-07-13 05:13:35"}
{"ip":"::1","level":"info","message":"GET /api/health","service":"user-service","timestamp":"2025-07-13 05:14:05"}
{"ip":"::1","level":"info","message":"GET /api/health","service":"user-service","timestamp":"2025-07-13 05:14:35"}
{"ip":"::1","level":"info","message":"GET /api/health","service":"user-service","timestamp":"2025-07-13 05:15:05"}
{"ip":"::1","level":"info","message":"GET /api/health","service":"user-service","timestamp":"2025-07-13 05:15:35"}
{"ip":"::1","level":"info","message":"GET /api/health","service":"user-service","timestamp":"2025-07-13 05:16:06"}
{"ip":"::1","level":"info","message":"GET /api/health","service":"user-service","timestamp":"2025-07-13 05:16:36"}
{"ip":"::1","level":"info","message":"GET /api/health","service":"user-service","timestamp":"2025-07-13 05:17:06"}
{"ip":"::1","level":"info","message":"GET /api/health","service":"user-service","timestamp":"2025-07-13 05:17:36"}
{"ip":"::1","level":"info","message":"GET /api/health","service":"user-service","timestamp":"2025-07-13 05:18:06"}
{"ip":"::1","level":"info","message":"GET /api/health","service":"user-service","timestamp":"2025-07-13 05:18:36"}
{"ip":"::1","level":"info","message":"GET /api/health","service":"user-service","timestamp":"2025-07-13 05:19:07"}
{"ip":"::1","level":"info","message":"GET /api/health","service":"user-service","timestamp":"2025-07-13 05:19:37"}
{"ip":"::1","level":"info","message":"GET /api/health","service":"user-service","timestamp":"2025-07-13 05:20:07"}
{"ip":"::1","level":"info","message":"GET /api/health","service":"user-service","timestamp":"2025-07-13 05:20:37"}
{"ip":"::1","level":"info","message":"GET /api/health","service":"user-service","timestamp":"2025-07-13 05:21:07"}
{"ip":"::1","level":"info","message":"GET /api/health","service":"user-service","timestamp":"2025-07-13 05:21:38"}
{"ip":"::1","level":"info","message":"GET /api/health","service":"user-service","timestamp":"2025-07-13 05:22:08"}
{"ip":"::1","level":"info","message":"GET /api/health","service":"user-service","timestamp":"2025-07-13 05:22:38"}
{"ip":"::1","level":"info","message":"GET /api/health","service":"user-service","timestamp":"2025-07-13 05:23:08"}
{"ip":"::1","level":"info","message":"GET /api/health","service":"user-service","timestamp":"2025-07-13 05:23:38"}
{"ip":"::1","level":"info","message":"GET /api/health","service":"user-service","timestamp":"2025-07-13 05:24:09"}
{"ip":"::1","level":"info","message":"GET /api/health","service":"user-service","timestamp":"2025-07-13 05:24:39"}
{"ip":"::1","level":"info","message":"GET /api/health","service":"user-service","timestamp":"2025-07-13 05:25:09"}
{"ip":"::1","level":"info","message":"GET /api/health","service":"user-service","timestamp":"2025-07-13 05:25:39"}
{"ip":"::1","level":"info","message":"GET /api/health","service":"user-service","timestamp":"2025-07-13 05:26:09"}
{"ip":"::1","level":"info","message":"GET /api/health","service":"user-service","timestamp":"2025-07-13 05:26:40"}
{"ip":"::1","level":"info","message":"GET /api/health","service":"user-service","timestamp":"2025-07-13 05:27:10"}
{"ip":"::1","level":"info","message":"GET /api/health","service":"user-service","timestamp":"2025-07-13 05:27:40"}
{"ip":"::1","level":"info","message":"GET /api/health","service":"user-service","timestamp":"2025-07-13 05:28:10"}
{"ip":"::1","level":"info","message":"GET /api/health","service":"user-service","timestamp":"2025-07-13 05:28:40"}
{"ip":"::1","level":"info","message":"GET /api/health","service":"user-service","timestamp":"2025-07-13 05:29:11"}
{"ip":"::1","level":"info","message":"GET /api/health","service":"user-service","timestamp":"2025-07-13 05:29:41"}
{"ip":"::1","level":"info","message":"GET /api/health","service":"user-service","timestamp":"2025-07-13 05:30:11"}
{"ip":"::1","level":"info","message":"GET /api/health","service":"user-service","timestamp":"2025-07-13 05:30:41"}
{"ip":"::1","level":"info","message":"GET /api/health","service":"user-service","timestamp":"2025-07-13 05:31:11"}
{"ip":"::1","level":"info","message":"GET /api/health","service":"user-service","timestamp":"2025-07-13 05:31:42"}
{"ip":"::1","level":"info","message":"GET /api/health","service":"user-service","timestamp":"2025-07-13 05:32:12"}
{"ip":"::1","level":"info","message":"GET /api/health","service":"user-service","timestamp":"2025-07-13 05:32:42"}
{"ip":"::1","level":"info","message":"GET /api/health","service":"user-service","timestamp":"2025-07-13 05:33:12"}
{"ip":"::1","level":"info","message":"GET /api/health","service":"user-service","timestamp":"2025-07-13 05:33:42"}
{"ip":"::1","level":"info","message":"GET /api/health","service":"user-service","timestamp":"2025-07-13 05:34:13"}
{"ip":"::1","level":"info","message":"GET /api/health","service":"user-service","timestamp":"2025-07-13 05:34:43"}
{"ip":"::1","level":"info","message":"GET /api/health","service":"user-service","timestamp":"2025-07-13 05:35:13"}
{"ip":"::1","level":"info","message":"GET /api/health","service":"user-service","timestamp":"2025-07-13 05:35:43"}
{"ip":"::1","level":"info","message":"GET /api/health","service":"user-service","timestamp":"2025-07-13 05:36:13"}
{"ip":"::1","level":"info","message":"GET /api/health","service":"user-service","timestamp":"2025-07-13 05:36:44"}
{"ip":"::1","level":"info","message":"GET /api/health","service":"user-service","timestamp":"2025-07-13 05:37:14"}
{"ip":"::1","level":"info","message":"GET /api/health","service":"user-service","timestamp":"2025-07-13 05:37:44"}
{"ip":"::1","level":"info","message":"GET /api/health","service":"user-service","timestamp":"2025-07-13 05:38:14"}
{"ip":"::1","level":"info","message":"GET /api/health","service":"user-service","timestamp":"2025-07-13 05:38:44"}
{"ip":"::1","level":"info","message":"GET /api/health","service":"user-service","timestamp":"2025-07-13 05:39:15"}
{"ip":"::1","level":"info","message":"GET /api/health","service":"user-service","timestamp":"2025-07-13 05:39:45"}
{"ip":"::1","level":"info","message":"GET /api/health","service":"user-service","timestamp":"2025-07-13 05:40:15"}
{"ip":"::1","level":"info","message":"GET /api/health","service":"user-service","timestamp":"2025-07-13 05:40:45"}
{"ip":"::1","level":"info","message":"GET /api/health","service":"user-service","timestamp":"2025-07-13 05:41:15"}
{"ip":"::1","level":"info","message":"GET /api/health","service":"user-service","timestamp":"2025-07-13 05:41:46"}
{"ip":"::1","level":"info","message":"GET /api/health","service":"user-service","timestamp":"2025-07-13 05:42:16"}
{"ip":"::1","level":"info","message":"GET /api/health","service":"user-service","timestamp":"2025-07-13 05:42:46"}
{"ip":"::1","level":"info","message":"GET /api/health","service":"user-service","timestamp":"2025-07-13 05:43:16"}
{"ip":"::1","level":"info","message":"GET /api/health","service":"user-service","timestamp":"2025-07-13 05:43:46"}
{"ip":"::1","level":"info","message":"GET /api/health","service":"user-service","timestamp":"2025-07-13 05:44:16"}
{"ip":"::1","level":"info","message":"GET /api/health","service":"user-service","timestamp":"2025-07-13 05:44:47"}
{"ip":"::1","level":"info","message":"GET /api/health","service":"user-service","timestamp":"2025-07-13 05:45:17"}
{"ip":"::1","level":"info","message":"GET /api/health","service":"user-service","timestamp":"2025-07-13 05:45:47"}
{"ip":"::1","level":"info","message":"GET /api/health","service":"user-service","timestamp":"2025-07-13 05:46:17"}
{"ip":"::1","level":"info","message":"GET /api/health","service":"user-service","timestamp":"2025-07-13 05:46:47"}
{"ip":"::1","level":"info","message":"GET /api/health","service":"user-service","timestamp":"2025-07-13 05:47:18"}
{"ip":"::1","level":"info","message":"GET /api/health","service":"user-service","timestamp":"2025-07-13 05:47:48"}
{"ip":"::1","level":"info","message":"GET /api/health","service":"user-service","timestamp":"2025-07-13 05:48:18"}
{"ip":"::1","level":"info","message":"GET /api/health","service":"user-service","timestamp":"2025-07-13 05:48:48"}
{"ip":"::1","level":"info","message":"GET /api/health","service":"user-service","timestamp":"2025-07-13 05:49:19"}
{"ip":"::1","level":"info","message":"GET /api/health","service":"user-service","timestamp":"2025-07-13 05:49:49"}
{"ip":"::1","level":"info","message":"GET /api/health","service":"user-service","timestamp":"2025-07-13 05:50:19"}
{"ip":"::1","level":"info","message":"GET /api/health","service":"user-service","timestamp":"2025-07-13 05:50:49"}
{"ip":"::1","level":"info","message":"GET /api/health","service":"user-service","timestamp":"2025-07-13 05:51:19"}
{"ip":"::1","level":"info","message":"GET /api/health","service":"user-service","timestamp":"2025-07-13 05:51:50"}
{"ip":"::1","level":"info","message":"GET /api/health","service":"user-service","timestamp":"2025-07-13 05:52:20"}
{"ip":"::1","level":"info","message":"GET /api/health","service":"user-service","timestamp":"2025-07-13 05:52:50"}
{"ip":"::1","level":"info","message":"GET /api/health","service":"user-service","timestamp":"2025-07-13 05:53:20"}
{"ip":"::1","level":"info","message":"GET /api/health","service":"user-service","timestamp":"2025-07-13 05:53:50"}
{"ip":"::1","level":"info","message":"GET /api/health","service":"user-service","timestamp":"2025-07-13 05:54:21"}
{"ip":"::1","level":"info","message":"GET /api/health","service":"user-service","timestamp":"2025-07-13 05:54:51"}
{"ip":"::1","level":"info","message":"GET /api/health","service":"user-service","timestamp":"2025-07-13 05:55:21"}
{"ip":"::1","level":"info","message":"GET /api/health","service":"user-service","timestamp":"2025-07-13 05:55:51"}
{"ip":"::1","level":"info","message":"GET /api/health","service":"user-service","timestamp":"2025-07-13 05:56:21"}
{"ip":"::1","level":"info","message":"GET /api/health","service":"user-service","timestamp":"2025-07-13 05:56:52"}
{"ip":"::1","level":"info","message":"GET /api/health","service":"user-service","timestamp":"2025-07-13 05:57:22"}
{"ip":"::1","level":"info","message":"GET /api/health","service":"user-service","timestamp":"2025-07-13 05:57:52"}
{"ip":"::1","level":"info","message":"GET /api/health","service":"user-service","timestamp":"2025-07-13 05:58:22"}
{"ip":"::1","level":"info","message":"GET /api/health","service":"user-service","timestamp":"2025-07-13 05:58:52"}
{"ip":"::1","level":"info","message":"GET /api/health","service":"user-service","timestamp":"2025-07-13 05:59:23"}
{"ip":"::1","level":"info","message":"GET /api/health","service":"user-service","timestamp":"2025-07-13 05:59:53"}
{"ip":"::1","level":"info","message":"GET /api/health","service":"user-service","timestamp":"2025-07-13 06:00:23"}
{"ip":"::1","level":"info","message":"GET /api/health","service":"user-service","timestamp":"2025-07-13 06:00:53"}
{"ip":"::1","level":"info","message":"GET /api/health","service":"user-service","timestamp":"2025-07-13 06:01:23"}
{"ip":"::1","level":"info","message":"GET /api/health","service":"user-service","timestamp":"2025-07-13 06:01:54"}
{"ip":"::1","level":"info","message":"GET /api/health","service":"user-service","timestamp":"2025-07-13 06:02:24"}
{"ip":"::1","level":"info","message":"GET /api/health","service":"user-service","timestamp":"2025-07-13 06:02:54"}
{"ip":"::1","level":"info","message":"GET /api/health","service":"user-service","timestamp":"2025-07-13 06:03:24"}
{"ip":"::1","level":"info","message":"GET /api/health","service":"user-service","timestamp":"2025-07-13 06:03:54"}
{"ip":"::1","level":"info","message":"GET /api/health","service":"user-service","timestamp":"2025-07-13 06:04:25"}
{"ip":"::1","level":"info","message":"GET /api/health","service":"user-service","timestamp":"2025-07-13 06:04:55"}
{"ip":"::1","level":"info","message":"GET /api/health","service":"user-service","timestamp":"2025-07-13 06:05:25"}
{"ip":"::1","level":"info","message":"GET /api/health","service":"user-service","timestamp":"2025-07-13 06:05:55"}
{"ip":"::1","level":"info","message":"GET /api/health","service":"user-service","timestamp":"2025-07-13 06:06:25"}
{"ip":"::1","level":"info","message":"GET /api/health","service":"user-service","timestamp":"2025-07-13 06:06:55"}
{"ip":"::1","level":"info","message":"GET /api/health","service":"user-service","timestamp":"2025-07-13 06:07:26"}
{"ip":"::1","level":"info","message":"GET /api/health","service":"user-service","timestamp":"2025-07-13 06:07:56"}
{"ip":"::1","level":"info","message":"GET /api/health","service":"user-service","timestamp":"2025-07-13 06:08:26"}
{"ip":"::1","level":"info","message":"GET /api/health","service":"user-service","timestamp":"2025-07-13 06:08:56"}
{"ip":"::1","level":"info","message":"GET /api/health","service":"user-service","timestamp":"2025-07-13 06:09:26"}
{"ip":"::1","level":"info","message":"GET /api/health","service":"user-service","timestamp":"2025-07-13 06:09:57"}
{"ip":"::1","level":"info","message":"GET /api/health","service":"user-service","timestamp":"2025-07-13 06:10:27"}
{"ip":"::1","level":"info","message":"GET /api/health","service":"user-service","timestamp":"2025-07-13 06:10:57"}
{"ip":"::1","level":"info","message":"GET /api/health","service":"user-service","timestamp":"2025-07-13 06:11:27"}
{"ip":"::1","level":"info","message":"GET /api/health","service":"user-service","timestamp":"2025-07-13 06:11:57"}
{"ip":"::1","level":"info","message":"GET /api/health","service":"user-service","timestamp":"2025-07-13 06:12:28"}
{"ip":"::1","level":"info","message":"GET /api/health","service":"user-service","timestamp":"2025-07-13 06:12:58"}
{"ip":"::1","level":"info","message":"GET /api/health","service":"user-service","timestamp":"2025-07-13 06:13:28"}
{"ip":"::1","level":"info","message":"GET /api/health","service":"user-service","timestamp":"2025-07-13 06:13:58"}
{"ip":"::1","level":"info","message":"GET /api/health","service":"user-service","timestamp":"2025-07-13 06:14:28"}
{"ip":"::1","level":"info","message":"GET /api/health","service":"user-service","timestamp":"2025-07-13 06:14:59"}
{"ip":"::1","level":"info","message":"GET /api/health","service":"user-service","timestamp":"2025-07-13 06:15:29"}
{"ip":"::1","level":"info","message":"GET /api/health","service":"user-service","timestamp":"2025-07-13 06:15:59"}
{"ip":"::1","level":"info","message":"GET /api/health","service":"user-service","timestamp":"2025-07-13 06:16:29"}
{"ip":"::1","level":"info","message":"GET /api/health","service":"user-service","timestamp":"2025-07-13 06:16:59"}
{"ip":"::1","level":"info","message":"GET /api/health","service":"user-service","timestamp":"2025-07-13 06:17:30"}
{"ip":"::1","level":"info","message":"GET /api/health","service":"user-service","timestamp":"2025-07-13 06:18:00"}
{"ip":"::1","level":"info","message":"GET /api/health","service":"user-service","timestamp":"2025-07-13 06:18:30"}
{"ip":"::1","level":"info","message":"GET /api/health","service":"user-service","timestamp":"2025-07-13 06:19:00"}
{"ip":"::1","level":"info","message":"GET /api/health","service":"user-service","timestamp":"2025-07-13 06:19:30"}
{"ip":"::1","level":"info","message":"GET /api/health","service":"user-service","timestamp":"2025-07-13 06:20:01"}
{"ip":"::1","level":"info","message":"GET /api/health","service":"user-service","timestamp":"2025-07-13 06:20:31"}
{"ip":"::1","level":"info","message":"GET /api/health","service":"user-service","timestamp":"2025-07-13 06:21:01"}
{"ip":"::1","level":"info","message":"GET /api/health","service":"user-service","timestamp":"2025-07-13 06:21:31"}
{"ip":"::1","level":"info","message":"GET /api/health","service":"user-service","timestamp":"2025-07-13 06:22:01"}
{"ip":"::1","level":"info","message":"GET /api/health","service":"user-service","timestamp":"2025-07-13 06:22:32"}
{"ip":"::1","level":"info","message":"GET /api/health","service":"user-service","timestamp":"2025-07-13 06:23:02"}
{"ip":"::1","level":"info","message":"GET /api/health","service":"user-service","timestamp":"2025-07-13 06:23:32"}
{"ip":"::1","level":"info","message":"GET /api/health","service":"user-service","timestamp":"2025-07-13 06:24:02"}
{"ip":"::1","level":"info","message":"GET /api/health","service":"user-service","timestamp":"2025-07-13 06:24:32"}
{"ip":"::1","level":"info","message":"GET /api/health","service":"user-service","timestamp":"2025-07-13 06:25:03"}
{"ip":"::1","level":"info","message":"GET /api/health","service":"user-service","timestamp":"2025-07-13 06:25:33"}
{"ip":"::1","level":"info","message":"GET /api/health","service":"user-service","timestamp":"2025-07-13 06:26:03"}
{"ip":"::1","level":"info","message":"GET /api/health","service":"user-service","timestamp":"2025-07-13 06:26:33"}
{"ip":"::1","level":"info","message":"GET /api/health","service":"user-service","timestamp":"2025-07-13 06:27:03"}
{"ip":"::1","level":"info","message":"GET /api/health","service":"user-service","timestamp":"2025-07-13 06:27:34"}
{"ip":"::1","level":"info","message":"GET /api/health","service":"user-service","timestamp":"2025-07-13 06:28:04"}
{"ip":"::1","level":"info","message":"GET /api/health","service":"user-service","timestamp":"2025-07-13 06:28:34"}
{"ip":"::1","level":"info","message":"GET /api/health","service":"user-service","timestamp":"2025-07-13 06:29:04"}
{"ip":"::1","level":"info","message":"GET /api/health","service":"user-service","timestamp":"2025-07-13 06:29:34"}
{"ip":"::1","level":"info","message":"GET /api/health","service":"user-service","timestamp":"2025-07-13 06:30:05"}
{"ip":"::1","level":"info","message":"GET /api/health","service":"user-service","timestamp":"2025-07-13 06:30:35"}
{"ip":"::1","level":"info","message":"GET /api/health","service":"user-service","timestamp":"2025-07-13 06:31:05"}
{"ip":"::1","level":"info","message":"GET /api/health","service":"user-service","timestamp":"2025-07-13 06:31:35"}
{"ip":"::1","level":"info","message":"GET /api/health","service":"user-service","timestamp":"2025-07-13 06:32:05"}
{"ip":"::1","level":"info","message":"GET /api/health","service":"user-service","timestamp":"2025-07-13 06:32:36"}
{"ip":"::1","level":"info","message":"GET /api/health","service":"user-service","timestamp":"2025-07-13 06:33:06"}
{"ip":"::1","level":"info","message":"GET /api/health","service":"user-service","timestamp":"2025-07-13 06:33:36"}
{"ip":"::1","level":"info","message":"GET /api/health","service":"user-service","timestamp":"2025-07-13 06:34:06"}
{"ip":"::1","level":"info","message":"GET /api/health","service":"user-service","timestamp":"2025-07-13 06:34:36"}
{"ip":"::1","level":"info","message":"GET /api/health","service":"user-service","timestamp":"2025-07-13 06:35:07"}
{"ip":"::1","level":"info","message":"GET /api/health","service":"user-service","timestamp":"2025-07-13 06:35:37"}
{"ip":"::1","level":"info","message":"GET /api/health","service":"user-service","timestamp":"2025-07-13 06:36:07"}
{"ip":"::1","level":"info","message":"GET /api/health","service":"user-service","timestamp":"2025-07-13 06:36:37"}
{"ip":"::1","level":"info","message":"GET /api/health","service":"user-service","timestamp":"2025-07-13 06:37:07"}
{"ip":"::1","level":"info","message":"GET /api/health","service":"user-service","timestamp":"2025-07-13 06:37:38"}
{"ip":"::1","level":"info","message":"GET /api/health","service":"user-service","timestamp":"2025-07-13 06:38:08"}
{"ip":"::1","level":"info","message":"GET /api/health","service":"user-service","timestamp":"2025-07-13 06:38:38"}
{"ip":"::1","level":"info","message":"GET /api/health","service":"user-service","timestamp":"2025-07-13 06:39:08"}
{"ip":"::1","level":"info","message":"GET /api/health","service":"user-service","timestamp":"2025-07-13 06:39:38"}
{"ip":"::1","level":"info","message":"GET /api/health","service":"user-service","timestamp":"2025-07-13 06:40:09"}
{"ip":"::1","level":"info","message":"GET /api/health","service":"user-service","timestamp":"2025-07-13 06:40:39"}
{"ip":"::1","level":"info","message":"GET /api/health","service":"user-service","timestamp":"2025-07-13 06:41:09"}
{"ip":"::1","level":"info","message":"GET /api/health","service":"user-service","timestamp":"2025-07-13 06:41:39"}
{"ip":"::1","level":"info","message":"GET /api/health","service":"user-service","timestamp":"2025-07-13 06:42:09"}
{"ip":"::1","level":"info","message":"GET /api/health","service":"user-service","timestamp":"2025-07-13 06:42:40"}
{"ip":"::1","level":"info","message":"GET /api/health","service":"user-service","timestamp":"2025-07-13 06:43:10"}
{"ip":"::1","level":"info","message":"GET /api/health","service":"user-service","timestamp":"2025-07-13 06:43:40"}
{"ip":"::1","level":"info","message":"GET /api/health","service":"user-service","timestamp":"2025-07-13 06:44:10"}
{"ip":"::1","level":"info","message":"GET /api/health","service":"user-service","timestamp":"2025-07-13 06:44:40"}
{"ip":"::1","level":"info","message":"GET /api/health","service":"user-service","timestamp":"2025-07-13 06:45:10"}
{"ip":"::1","level":"info","message":"GET /api/health","service":"user-service","timestamp":"2025-07-13 06:45:41"}
{"ip":"::1","level":"info","message":"GET /api/health","service":"user-service","timestamp":"2025-07-13 06:46:11"}
{"ip":"::1","level":"info","message":"GET /api/health","service":"user-service","timestamp":"2025-07-13 06:46:41"}
{"ip":"::1","level":"info","message":"GET /api/health","service":"user-service","timestamp":"2025-07-13 06:47:11"}
{"ip":"::1","level":"info","message":"GET /api/health","service":"user-service","timestamp":"2025-07-13 06:47:41"}
{"ip":"::1","level":"info","message":"GET /api/health","service":"user-service","timestamp":"2025-07-13 06:48:12"}
{"ip":"::1","level":"info","message":"GET /api/health","service":"user-service","timestamp":"2025-07-13 06:48:42"}
{"ip":"::1","level":"info","message":"GET /api/health","service":"user-service","timestamp":"2025-07-13 06:49:12"}
{"ip":"::1","level":"info","message":"GET /api/health","service":"user-service","timestamp":"2025-07-13 06:49:42"}
{"ip":"::1","level":"info","message":"GET /api/health","service":"user-service","timestamp":"2025-07-13 06:50:12"}
{"ip":"::1","level":"info","message":"GET /api/health","service":"user-service","timestamp":"2025-07-13 06:50:43"}
{"ip":"::1","level":"info","message":"GET /api/health","service":"user-service","timestamp":"2025-07-13 06:51:13"}
{"ip":"::1","level":"info","message":"GET /api/health","service":"user-service","timestamp":"2025-07-13 06:51:43"}
{"ip":"::1","level":"info","message":"GET /api/health","service":"user-service","timestamp":"2025-07-13 06:52:13"}
{"ip":"::1","level":"info","message":"GET /api/health","service":"user-service","timestamp":"2025-07-13 06:52:43"}
{"ip":"::1","level":"info","message":"GET /api/health","service":"user-service","timestamp":"2025-07-13 06:53:14"}
{"ip":"::1","level":"info","message":"GET /api/health","service":"user-service","timestamp":"2025-07-13 06:53:44"}
{"ip":"::1","level":"info","message":"GET /api/health","service":"user-service","timestamp":"2025-07-13 06:54:14"}
{"ip":"::1","level":"info","message":"GET /api/health","service":"user-service","timestamp":"2025-07-13 06:54:44"}
{"ip":"::1","level":"info","message":"GET /api/health","service":"user-service","timestamp":"2025-07-13 06:55:15"}
{"ip":"::1","level":"info","message":"GET /api/health","service":"user-service","timestamp":"2025-07-13 06:55:45"}
{"ip":"::1","level":"info","message":"GET /api/health","service":"user-service","timestamp":"2025-07-13 06:56:15"}
{"ip":"::1","level":"info","message":"GET /api/health","service":"user-service","timestamp":"2025-07-13 06:56:45"}
{"ip":"::1","level":"info","message":"GET /api/health","service":"user-service","timestamp":"2025-07-13 06:57:15"}
{"ip":"::1","level":"info","message":"GET /api/health","service":"user-service","timestamp":"2025-07-13 06:57:46"}
{"ip":"::1","level":"info","message":"GET /api/health","service":"user-service","timestamp":"2025-07-13 06:58:16"}
{"ip":"::1","level":"info","message":"GET /api/health","service":"user-service","timestamp":"2025-07-13 06:58:46"}
{"ip":"::1","level":"info","message":"GET /api/health","service":"user-service","timestamp":"2025-07-13 06:59:16"}
{"ip":"::1","level":"info","message":"GET /api/health","service":"user-service","timestamp":"2025-07-13 06:59:46"}
{"ip":"::1","level":"info","message":"GET /api/health","service":"user-service","timestamp":"2025-07-13 07:00:17"}
{"ip":"::1","level":"info","message":"GET /api/health","service":"user-service","timestamp":"2025-07-13 07:00:47"}
{"ip":"::1","level":"info","message":"GET /api/health","service":"user-service","timestamp":"2025-07-13 07:01:17"}
{"ip":"::1","level":"info","message":"GET /api/health","service":"user-service","timestamp":"2025-07-13 07:01:47"}
{"ip":"::1","level":"info","message":"GET /api/health","service":"user-service","timestamp":"2025-07-13 07:02:17"}
{"ip":"::1","level":"info","message":"GET /api/health","service":"user-service","timestamp":"2025-07-13 07:02:48"}
{"ip":"::1","level":"info","message":"GET /api/health","service":"user-service","timestamp":"2025-07-13 07:03:18"}
{"ip":"::1","level":"info","message":"GET /api/health","service":"user-service","timestamp":"2025-07-13 07:03:48"}
{"ip":"::1","level":"info","message":"GET /api/health","service":"user-service","timestamp":"2025-07-13 07:04:18"}
{"ip":"::1","level":"info","message":"GET /api/health","service":"user-service","timestamp":"2025-07-13 07:04:48"}
{"ip":"::1","level":"info","message":"GET /api/health","service":"user-service","timestamp":"2025-07-13 07:05:19"}
{"ip":"::1","level":"info","message":"GET /api/health","service":"user-service","timestamp":"2025-07-13 07:05:49"}
{"ip":"::1","level":"info","message":"GET /api/health","service":"user-service","timestamp":"2025-07-13 07:06:19"}
{"ip":"::1","level":"info","message":"GET /api/health","service":"user-service","timestamp":"2025-07-13 07:06:49"}
{"ip":"::1","level":"info","message":"GET /api/health","service":"user-service","timestamp":"2025-07-13 07:07:19"}
{"ip":"::1","level":"info","message":"GET /api/health","service":"user-service","timestamp":"2025-07-13 07:07:49"}
{"ip":"::1","level":"info","message":"GET /api/health","service":"user-service","timestamp":"2025-07-13 07:08:20"}
{"ip":"::1","level":"info","message":"GET /api/health","service":"user-service","timestamp":"2025-07-13 07:08:50"}
{"ip":"::1","level":"info","message":"GET /api/health","service":"user-service","timestamp":"2025-07-13 07:09:20"}
{"ip":"::1","level":"info","message":"GET /api/health","service":"user-service","timestamp":"2025-07-13 07:09:50"}
{"ip":"::1","level":"info","message":"GET /api/health","service":"user-service","timestamp":"2025-07-13 07:10:20"}
{"ip":"::1","level":"info","message":"GET /api/health","service":"user-service","timestamp":"2025-07-13 07:10:51"}
{"ip":"::1","level":"info","message":"GET /api/health","service":"user-service","timestamp":"2025-07-13 07:11:21"}
{"ip":"::1","level":"info","message":"GET /api/health","service":"user-service","timestamp":"2025-07-13 07:11:51"}
{"ip":"::1","level":"info","message":"GET /api/health","service":"user-service","timestamp":"2025-07-13 07:12:21"}
{"ip":"::1","level":"info","message":"GET /api/health","service":"user-service","timestamp":"2025-07-13 07:12:51"}
{"ip":"::1","level":"info","message":"GET /api/health","service":"user-service","timestamp":"2025-07-13 07:13:21"}
{"ip":"::1","level":"info","message":"GET /api/health","service":"user-service","timestamp":"2025-07-13 07:13:52"}
{"ip":"::1","level":"info","message":"GET /api/health","service":"user-service","timestamp":"2025-07-13 07:14:22"}
{"ip":"::1","level":"info","message":"GET /api/health","service":"user-service","timestamp":"2025-07-13 07:14:52"}
{"ip":"::1","level":"info","message":"GET /api/health","service":"user-service","timestamp":"2025-07-13 07:15:22"}
{"ip":"::1","level":"info","message":"GET /api/health","service":"user-service","timestamp":"2025-07-13 07:15:52"}
{"ip":"::1","level":"info","message":"GET /api/health","service":"user-service","timestamp":"2025-07-13 07:16:23"}
{"ip":"::1","level":"info","message":"GET /api/health","service":"user-service","timestamp":"2025-07-13 07:16:53"}
{"ip":"::1","level":"info","message":"GET /api/health","service":"user-service","timestamp":"2025-07-13 07:17:23"}
{"ip":"::1","level":"info","message":"GET /api/health","service":"user-service","timestamp":"2025-07-13 07:17:53"}
{"ip":"::1","level":"info","message":"GET /api/health","service":"user-service","timestamp":"2025-07-13 07:18:23"}
{"ip":"::1","level":"info","message":"GET /api/health","service":"user-service","timestamp":"2025-07-13 07:18:54"}
{"ip":"::1","level":"info","message":"GET /api/health","service":"user-service","timestamp":"2025-07-13 07:19:24"}
{"ip":"::1","level":"info","message":"GET /api/health","service":"user-service","timestamp":"2025-07-13 07:19:54"}
{"ip":"::1","level":"info","message":"GET /api/health","service":"user-service","timestamp":"2025-07-13 07:20:24"}
{"ip":"::1","level":"info","message":"GET /api/health","service":"user-service","timestamp":"2025-07-13 07:20:54"}
{"ip":"::1","level":"info","message":"GET /api/health","service":"user-service","timestamp":"2025-07-13 07:21:25"}
{"ip":"::1","level":"info","message":"GET /api/health","service":"user-service","timestamp":"2025-07-13 07:21:55"}
{"ip":"::1","level":"info","message":"GET /api/health","service":"user-service","timestamp":"2025-07-13 07:22:25"}
{"ip":"::1","level":"info","message":"GET /api/health","service":"user-service","timestamp":"2025-07-13 07:22:55"}
{"ip":"::1","level":"info","message":"GET /api/health","service":"user-service","timestamp":"2025-07-13 07:23:25"}
{"ip":"::1","level":"info","message":"GET /api/health","service":"user-service","timestamp":"2025-07-13 07:23:56"}
{"ip":"::1","level":"info","message":"GET /api/health","service":"user-service","timestamp":"2025-07-13 07:24:26"}
{"ip":"::1","level":"info","message":"GET /api/health","service":"user-service","timestamp":"2025-07-13 07:24:56"}
{"ip":"::1","level":"info","message":"GET /api/health","service":"user-service","timestamp":"2025-07-13 07:25:26"}
{"ip":"::1","level":"info","message":"GET /api/health","service":"user-service","timestamp":"2025-07-13 07:25:56"}
{"ip":"::1","level":"info","message":"GET /api/health","service":"user-service","timestamp":"2025-07-13 07:26:27"}
{"ip":"::1","level":"info","message":"GET /api/health","service":"user-service","timestamp":"2025-07-13 07:26:57"}
{"ip":"::1","level":"info","message":"GET /api/health","service":"user-service","timestamp":"2025-07-13 07:27:27"}
{"ip":"::1","level":"info","message":"GET /api/health","service":"user-service","timestamp":"2025-07-13 07:27:57"}
{"ip":"::1","level":"info","message":"GET /api/health","service":"user-service","timestamp":"2025-07-13 07:28:27"}
{"ip":"::1","level":"info","message":"GET /api/health","service":"user-service","timestamp":"2025-07-13 07:28:58"}
{"ip":"::1","level":"info","message":"GET /api/health","service":"user-service","timestamp":"2025-07-13 07:29:28"}
{"ip":"::1","level":"info","message":"GET /api/health","service":"user-service","timestamp":"2025-07-13 07:29:58"}
{"ip":"::1","level":"info","message":"GET /api/health","service":"user-service","timestamp":"2025-07-13 07:30:28"}
{"ip":"::1","level":"info","message":"GET /api/health","service":"user-service","timestamp":"2025-07-13 07:30:58"}
{"ip":"::1","level":"info","message":"GET /api/health","service":"user-service","timestamp":"2025-07-13 07:31:29"}
{"ip":"::1","level":"info","message":"GET /api/health","service":"user-service","timestamp":"2025-07-13 07:31:59"}
{"ip":"::1","level":"info","message":"GET /api/health","service":"user-service","timestamp":"2025-07-13 07:32:29"}
{"ip":"::1","level":"info","message":"GET /api/health","service":"user-service","timestamp":"2025-07-13 07:32:59"}
{"ip":"::1","level":"info","message":"GET /api/health","service":"user-service","timestamp":"2025-07-13 07:33:29"}
{"ip":"::1","level":"info","message":"GET /api/health","service":"user-service","timestamp":"2025-07-13 07:34:00"}
{"ip":"::1","level":"info","message":"GET /api/health","service":"user-service","timestamp":"2025-07-13 07:34:30"}
{"ip":"::1","level":"info","message":"GET /api/health","service":"user-service","timestamp":"2025-07-13 07:35:00"}
{"ip":"::1","level":"info","message":"GET /api/health","service":"user-service","timestamp":"2025-07-13 07:35:30"}
{"ip":"::1","level":"info","message":"GET /api/health","service":"user-service","timestamp":"2025-07-13 07:36:00"}
{"ip":"::1","level":"info","message":"GET /api/health","service":"user-service","timestamp":"2025-07-13 07:36:31"}
{"ip":"::1","level":"info","message":"GET /api/health","service":"user-service","timestamp":"2025-07-13 07:37:01"}
{"ip":"::1","level":"info","message":"GET /api/health","service":"user-service","timestamp":"2025-07-13 07:37:31"}
{"ip":"::1","level":"info","message":"GET /api/health","service":"user-service","timestamp":"2025-07-13 07:38:01"}
{"ip":"::1","level":"info","message":"GET /api/health","service":"user-service","timestamp":"2025-07-13 07:38:31"}
{"ip":"::1","level":"info","message":"GET /api/health","service":"user-service","timestamp":"2025-07-13 07:39:02"}
{"ip":"::1","level":"info","message":"GET /api/health","service":"user-service","timestamp":"2025-07-13 07:39:32"}
{"ip":"::1","level":"info","message":"GET /api/health","service":"user-service","timestamp":"2025-07-13 07:40:02"}
{"ip":"::1","level":"info","message":"GET /api/health","service":"user-service","timestamp":"2025-07-13 07:40:32"}
{"ip":"::1","level":"info","message":"GET /api/health","service":"user-service","timestamp":"2025-07-13 07:41:02"}
{"ip":"::1","level":"info","message":"GET /api/health","service":"user-service","timestamp":"2025-07-13 07:41:33"}
{"ip":"::1","level":"info","message":"GET /api/health","service":"user-service","timestamp":"2025-07-13 07:42:03"}
{"ip":"::1","level":"info","message":"GET /api/health","service":"user-service","timestamp":"2025-07-13 07:42:33"}
{"ip":"::1","level":"info","message":"GET /api/health","service":"user-service","timestamp":"2025-07-13 07:43:03"}
{"ip":"::1","level":"info","message":"GET /api/health","service":"user-service","timestamp":"2025-07-13 07:43:33"}
{"ip":"::1","level":"info","message":"GET /api/health","service":"user-service","timestamp":"2025-07-13 07:44:03"}
{"ip":"::1","level":"info","message":"GET /api/health","service":"user-service","timestamp":"2025-07-13 07:44:34"}
{"ip":"::1","level":"info","message":"GET /api/health","service":"user-service","timestamp":"2025-07-13 07:45:04"}
{"ip":"::1","level":"info","message":"GET /api/health","service":"user-service","timestamp":"2025-07-13 07:45:34"}
{"ip":"::1","level":"info","message":"GET /api/health","service":"user-service","timestamp":"2025-07-13 07:46:04"}
{"ip":"::1","level":"info","message":"GET /api/health","service":"user-service","timestamp":"2025-07-13 07:46:34"}
{"ip":"::1","level":"info","message":"GET /api/health","service":"user-service","timestamp":"2025-07-13 07:47:05"}
{"ip":"::1","level":"info","message":"GET /api/health","service":"user-service","timestamp":"2025-07-13 07:47:35"}
{"ip":"::1","level":"info","message":"GET /api/health","service":"user-service","timestamp":"2025-07-13 07:48:05"}
{"ip":"::1","level":"info","message":"GET /api/health","service":"user-service","timestamp":"2025-07-13 07:48:35"}
{"ip":"::1","level":"info","message":"GET /api/health","service":"user-service","timestamp":"2025-07-13 07:49:05"}
{"ip":"::1","level":"info","message":"GET /api/health","service":"user-service","timestamp":"2025-07-13 07:49:36"}
{"ip":"::1","level":"info","message":"GET /api/health","service":"user-service","timestamp":"2025-07-13 07:50:06"}
{"ip":"::1","level":"info","message":"GET /api/health","service":"user-service","timestamp":"2025-07-13 07:50:36"}
{"ip":"::1","level":"info","message":"GET /api/health","service":"user-service","timestamp":"2025-07-13 07:51:06"}
{"ip":"::1","level":"info","message":"GET /api/health","service":"user-service","timestamp":"2025-07-13 07:51:36"}
{"ip":"::1","level":"info","message":"GET /api/health","service":"user-service","timestamp":"2025-07-13 07:52:07"}
{"ip":"::1","level":"info","message":"GET /api/health","service":"user-service","timestamp":"2025-07-13 07:52:37"}
{"ip":"::1","level":"info","message":"GET /api/health","service":"user-service","timestamp":"2025-07-13 07:53:07"}
{"ip":"::1","level":"info","message":"GET /api/health","service":"user-service","timestamp":"2025-07-13 07:53:37"}
{"ip":"::1","level":"info","message":"GET /api/health","service":"user-service","timestamp":"2025-07-13 07:54:07"}
{"ip":"::1","level":"info","message":"GET /api/health","service":"user-service","timestamp":"2025-07-13 07:54:38"}
{"ip":"::1","level":"info","message":"GET /api/health","service":"user-service","timestamp":"2025-07-13 07:55:08"}
{"ip":"::1","level":"info","message":"GET /api/health","service":"user-service","timestamp":"2025-07-13 07:55:38"}
{"ip":"::1","level":"info","message":"GET /api/health","service":"user-service","timestamp":"2025-07-13 07:56:08"}
{"ip":"::1","level":"info","message":"GET /api/health","service":"user-service","timestamp":"2025-07-13 07:56:38"}
{"ip":"::1","level":"info","message":"GET /api/health","service":"user-service","timestamp":"2025-07-13 07:57:08"}
{"ip":"::1","level":"info","message":"GET /api/health","service":"user-service","timestamp":"2025-07-13 07:57:39"}
{"ip":"::1","level":"info","message":"GET /api/health","service":"user-service","timestamp":"2025-07-13 07:58:09"}
{"ip":"::1","level":"info","message":"GET /api/health","service":"user-service","timestamp":"2025-07-13 07:58:39"}
{"ip":"::1","level":"info","message":"GET /api/health","service":"user-service","timestamp":"2025-07-13 07:59:09"}
{"ip":"::1","level":"info","message":"GET /api/health","service":"user-service","timestamp":"2025-07-13 07:59:39"}
{"ip":"::1","level":"info","message":"GET /api/health","service":"user-service","timestamp":"2025-07-13 08:00:10"}
{"ip":"::1","level":"info","message":"GET /api/health","service":"user-service","timestamp":"2025-07-13 08:00:40"}
{"ip":"::1","level":"info","message":"GET /api/health","service":"user-service","timestamp":"2025-07-13 08:01:10"}
{"ip":"::1","level":"info","message":"GET /api/health","service":"user-service","timestamp":"2025-07-13 08:01:40"}
{"ip":"::1","level":"info","message":"GET /api/health","service":"user-service","timestamp":"2025-07-13 08:02:10"}
{"ip":"::1","level":"info","message":"GET /api/health","service":"user-service","timestamp":"2025-07-13 08:02:41"}
{"ip":"::1","level":"info","message":"GET /api/health","service":"user-service","timestamp":"2025-07-13 08:03:11"}
{"ip":"::1","level":"info","message":"GET /api/health","service":"user-service","timestamp":"2025-07-13 08:03:41"}
{"ip":"::1","level":"info","message":"GET /api/health","service":"user-service","timestamp":"2025-07-13 08:04:11"}
{"ip":"::1","level":"info","message":"GET /api/health","service":"user-service","timestamp":"2025-07-13 08:04:41"}
{"ip":"::1","level":"info","message":"GET /api/health","service":"user-service","timestamp":"2025-07-13 08:05:12"}
{"ip":"::1","level":"info","message":"GET /api/health","service":"user-service","timestamp":"2025-07-13 08:05:42"}
{"ip":"::1","level":"info","message":"GET /api/health","service":"user-service","timestamp":"2025-07-13 08:06:12"}
{"ip":"::1","level":"info","message":"GET /api/health","service":"user-service","timestamp":"2025-07-13 08:06:42"}
{"ip":"::1","level":"info","message":"GET /api/health","service":"user-service","timestamp":"2025-07-13 08:07:12"}
{"ip":"::1","level":"info","message":"GET /api/health","service":"user-service","timestamp":"2025-07-13 08:07:43"}
{"ip":"::1","level":"info","message":"GET /api/health","service":"user-service","timestamp":"2025-07-13 08:08:13"}
{"ip":"::1","level":"info","message":"GET /api/health","service":"user-service","timestamp":"2025-07-13 08:08:43"}
{"ip":"::1","level":"info","message":"GET /api/health","service":"user-service","timestamp":"2025-07-13 08:09:13"}
{"ip":"::1","level":"info","message":"GET /api/health","service":"user-service","timestamp":"2025-07-13 08:09:43"}
{"ip":"::1","level":"info","message":"GET /api/health","service":"user-service","timestamp":"2025-07-13 08:10:14"}
{"ip":"::1","level":"info","message":"GET /api/health","service":"user-service","timestamp":"2025-07-13 08:10:44"}
{"ip":"::1","level":"info","message":"GET /api/health","service":"user-service","timestamp":"2025-07-13 08:11:14"}
{"ip":"::1","level":"info","message":"GET /api/health","service":"user-service","timestamp":"2025-07-13 08:11:44"}
{"ip":"::1","level":"info","message":"GET /api/health","service":"user-service","timestamp":"2025-07-13 08:12:14"}
{"ip":"::1","level":"info","message":"GET /api/health","service":"user-service","timestamp":"2025-07-13 08:12:45"}
{"ip":"::1","level":"info","message":"GET /api/health","service":"user-service","timestamp":"2025-07-13 08:13:15"}
{"ip":"::1","level":"info","message":"GET /api/health","service":"user-service","timestamp":"2025-07-13 08:13:49"}
{"ip":"::1","level":"info","message":"GET /api/health","service":"user-service","timestamp":"2025-07-14 00:55:58"}
{"ip":"::1","level":"info","message":"GET /api/health","service":"user-service","timestamp":"2025-07-14 00:56:28"}
{"ip":"::1","level":"info","message":"GET /api/health","service":"user-service","timestamp":"2025-07-14 00:56:58"}
{"ip":"::1","level":"info","message":"GET /api/health","service":"user-service","timestamp":"2025-07-14 00:57:29"}
{"ip":"::1","level":"info","message":"GET /api/health","service":"user-service","timestamp":"2025-07-14 00:57:59"}
{"ip":"::1","level":"info","message":"GET /api/health","service":"user-service","timestamp":"2025-07-14 00:58:29"}
{"ip":"::1","level":"info","message":"GET /api/health","service":"user-service","timestamp":"2025-07-14 00:59:00"}
{"ip":"::1","level":"info","message":"GET /api/health","service":"user-service","timestamp":"2025-07-14 00:59:30"}
{"ip":"::1","level":"info","message":"GET /api/health","service":"user-service","timestamp":"2025-07-14 01:00:00"}
{"ip":"::1","level":"info","message":"GET /api/health","service":"user-service","timestamp":"2025-07-14 01:00:30"}
{"ip":"::1","level":"info","message":"GET /api/health","service":"user-service","timestamp":"2025-07-14 01:01:00"}
{"ip":"::1","level":"info","message":"GET /api/health","service":"user-service","timestamp":"2025-07-14 01:01:31"}
{"ip":"::1","level":"info","message":"GET /api/health","service":"user-service","timestamp":"2025-07-14 01:02:01"}
{"ip":"::1","level":"info","message":"GET /api/health","service":"user-service","timestamp":"2025-07-14 01:02:31"}
{"ip":"::1","level":"info","message":"GET /api/health","service":"user-service","timestamp":"2025-07-14 01:03:01"}
{"ip":"::1","level":"info","message":"GET /api/health","service":"user-service","timestamp":"2025-07-14 01:03:31"}
{"ip":"::1","level":"info","message":"GET /api/health","service":"user-service","timestamp":"2025-07-14 01:04:02"}
{"ip":"::1","level":"info","message":"GET /api/health","service":"user-service","timestamp":"2025-07-14 01:04:32"}
{"ip":"::1","level":"info","message":"GET /api/health","service":"user-service","timestamp":"2025-07-14 01:05:02"}
{"ip":"::1","level":"info","message":"GET /api/health","service":"user-service","timestamp":"2025-07-14 01:05:32"}
{"ip":"::1","level":"info","message":"GET /api/health","service":"user-service","timestamp":"2025-07-14 01:06:02"}
{"ip":"::1","level":"info","message":"GET /api/health","service":"user-service","timestamp":"2025-07-14 01:06:33"}
{"ip":"::1","level":"info","message":"GET /api/health","service":"user-service","timestamp":"2025-07-14 01:07:03"}
{"ip":"::1","level":"info","message":"GET /api/health","service":"user-service","timestamp":"2025-07-14 01:07:33"}
{"ip":"::1","level":"info","message":"GET /api/health","service":"user-service","timestamp":"2025-07-14 01:08:03"}
{"ip":"::1","level":"info","message":"GET /api/health","service":"user-service","timestamp":"2025-07-14 01:08:33"}
{"ip":"::1","level":"info","message":"GET /api/health","service":"user-service","timestamp":"2025-07-14 01:09:04"}
{"ip":"::1","level":"info","message":"GET /api/health","service":"user-service","timestamp":"2025-07-14 01:09:34"}
{"ip":"::1","level":"info","message":"GET /api/health","service":"user-service","timestamp":"2025-07-14 01:10:04"}
{"ip":"::1","level":"info","message":"GET /api/health","service":"user-service","timestamp":"2025-07-14 01:10:34"}
{"ip":"::1","level":"info","message":"GET /api/health","service":"user-service","timestamp":"2025-07-14 01:11:04"}
{"ip":"::1","level":"info","message":"GET /api/health","service":"user-service","timestamp":"2025-07-14 01:11:35"}
{"ip":"::1","level":"info","message":"GET /api/health","service":"user-service","timestamp":"2025-07-14 01:12:05"}
{"ip":"::1","level":"info","message":"GET /api/health","service":"user-service","timestamp":"2025-07-14 01:12:35"}
{"ip":"::1","level":"info","message":"GET /api/health","service":"user-service","timestamp":"2025-07-14 01:13:05"}
{"ip":"::1","level":"info","message":"GET /api/health","service":"user-service","timestamp":"2025-07-14 01:13:35"}
{"ip":"::1","level":"info","message":"GET /api/health","service":"user-service","timestamp":"2025-07-14 01:14:06"}
{"ip":"::1","level":"info","message":"GET /api/health","service":"user-service","timestamp":"2025-07-14 01:14:36"}
{"ip":"::1","level":"info","message":"GET /api/health","service":"user-service","timestamp":"2025-07-14 01:15:06"}
{"ip":"::1","level":"info","message":"GET /api/health","service":"user-service","timestamp":"2025-07-14 01:15:36"}
{"ip":"::1","level":"info","message":"GET /api/health","service":"user-service","timestamp":"2025-07-14 01:16:06"}
{"ip":"::1","level":"info","message":"GET /api/health","service":"user-service","timestamp":"2025-07-14 01:16:37"}
{"ip":"::1","level":"info","message":"GET /api/health","service":"user-service","timestamp":"2025-07-14 01:17:07"}
{"ip":"::1","level":"info","message":"GET /api/health","service":"user-service","timestamp":"2025-07-14 01:17:37"}
{"ip":"::1","level":"info","message":"GET /api/health","service":"user-service","timestamp":"2025-07-14 01:18:07"}
{"ip":"::1","level":"info","message":"GET /api/health","service":"user-service","timestamp":"2025-07-14 01:18:37"}
{"ip":"::1","level":"info","message":"GET /api/health","service":"user-service","timestamp":"2025-07-14 01:19:08"}
{"ip":"::1","level":"info","message":"GET /api/health","service":"user-service","timestamp":"2025-07-14 01:19:38"}
{"ip":"::1","level":"info","message":"GET /api/health","service":"user-service","timestamp":"2025-07-14 01:20:08"}
{"ip":"::1","level":"info","message":"GET /api/health","service":"user-service","timestamp":"2025-07-14 01:20:38"}
{"ip":"::1","level":"info","message":"GET /api/health","service":"user-service","timestamp":"2025-07-14 01:21:08"}
{"ip":"::1","level":"info","message":"GET /api/health","service":"user-service","timestamp":"2025-07-14 01:21:39"}
{"ip":"::1","level":"info","message":"GET /api/health","service":"user-service","timestamp":"2025-07-14 01:22:09"}
{"ip":"::1","level":"info","message":"GET /api/health","service":"user-service","timestamp":"2025-07-14 01:22:39"}
{"ip":"::1","level":"info","message":"GET /api/health","service":"user-service","timestamp":"2025-07-14 01:23:09"}
{"ip":"::1","level":"info","message":"GET /api/health","service":"user-service","timestamp":"2025-07-14 01:23:39"}
{"ip":"::1","level":"info","message":"GET /api/health","service":"user-service","timestamp":"2025-07-14 01:24:10"}
{"ip":"::1","level":"info","message":"GET /api/health","service":"user-service","timestamp":"2025-07-14 01:24:39"}
{"ip":"::1","level":"info","message":"GET /api/health","service":"user-service","timestamp":"2025-07-14 01:25:09"}
{"ip":"::1","level":"info","message":"GET /api/health","service":"user-service","timestamp":"2025-07-14 01:25:39"}
{"ip":"::1","level":"info","message":"GET /api/health","service":"user-service","timestamp":"2025-07-14 01:26:08"}
{"ip":"::1","level":"info","message":"GET /api/health","service":"user-service","timestamp":"2025-07-14 01:26:37"}
{"ip":"::1","level":"info","message":"GET /api/health","service":"user-service","timestamp":"2025-07-14 01:27:07"}
{"ip":"::1","level":"info","message":"GET /api/health","service":"user-service","timestamp":"2025-07-14 01:27:36"}
{"ip":"::1","level":"info","message":"GET /api/health","service":"user-service","timestamp":"2025-07-14 01:28:05"}
{"ip":"::1","level":"info","message":"GET /api/health","service":"user-service","timestamp":"2025-07-14 01:28:34"}
{"ip":"::1","level":"info","message":"GET /api/health","service":"user-service","timestamp":"2025-07-14 01:29:04"}
{"ip":"::1","level":"info","message":"GET /api/health","service":"user-service","timestamp":"2025-07-14 01:29:33"}
{"ip":"::1","level":"info","message":"GET /api/health","service":"user-service","timestamp":"2025-07-14 01:30:02"}
{"ip":"::1","level":"info","message":"GET /api/health","service":"user-service","timestamp":"2025-07-14 01:30:31"}
{"ip":"::1","level":"info","message":"GET /api/health","service":"user-service","timestamp":"2025-07-14 01:31:00"}
{"ip":"::1","level":"info","message":"GET /api/health","service":"user-service","timestamp":"2025-07-14 01:31:30"}
{"ip":"::1","level":"info","message":"GET /api/health","service":"user-service","timestamp":"2025-07-14 01:31:59"}
{"ip":"::1","level":"info","message":"GET /api/health","service":"user-service","timestamp":"2025-07-14 01:32:28"}
{"ip":"::1","level":"info","message":"GET /api/health","service":"user-service","timestamp":"2025-07-14 01:32:57"}
{"ip":"::1","level":"info","message":"GET /api/health","service":"user-service","timestamp":"2025-07-14 01:33:26"}
{"ip":"::1","level":"info","message":"GET /api/health","service":"user-service","timestamp":"2025-07-14 01:33:55"}
{"ip":"::1","level":"info","message":"GET /api/health","service":"user-service","timestamp":"2025-07-14 01:34:24"}
{"ip":"::1","level":"info","message":"GET /api/health","service":"user-service","timestamp":"2025-07-14 01:34:54"}
{"ip":"::1","level":"info","message":"GET /api/health","service":"user-service","timestamp":"2025-07-14 01:35:23"}
{"ip":"::1","level":"info","message":"GET /api/health","service":"user-service","timestamp":"2025-07-14 01:35:52"}
{"ip":"::1","level":"info","message":"GET /api/health","service":"user-service","timestamp":"2025-07-14 01:36:21"}
{"ip":"::1","level":"info","message":"GET /api/health","service":"user-service","timestamp":"2025-07-14 01:36:50"}
{"ip":"::1","level":"info","message":"GET /api/health","service":"user-service","timestamp":"2025-07-14 01:37:19"}
{"ip":"::1","level":"info","message":"GET /api/health","service":"user-service","timestamp":"2025-07-14 01:37:48"}
{"ip":"::1","level":"info","message":"GET /api/health","service":"user-service","timestamp":"2025-07-14 01:38:17"}
{"ip":"::1","level":"info","message":"GET /api/health","service":"user-service","timestamp":"2025-07-14 01:38:46"}
{"ip":"::1","level":"info","message":"GET /api/health","service":"user-service","timestamp":"2025-07-14 01:39:15"}
{"ip":"::1","level":"info","message":"GET /api/health","service":"user-service","timestamp":"2025-07-14 01:39:44"}
{"ip":"::1","level":"info","message":"GET /api/health","service":"user-service","timestamp":"2025-07-14 01:40:13"}
{"ip":"::1","level":"info","message":"GET /api/health","service":"user-service","timestamp":"2025-07-14 01:40:42"}
{"ip":"::1","level":"info","message":"GET /api/health","service":"user-service","timestamp":"2025-07-14 01:41:11"}
{"ip":"::1","level":"info","message":"GET /api/health","service":"user-service","timestamp":"2025-07-14 01:41:40"}
{"ip":"::1","level":"info","message":"GET /api/health","service":"user-service","timestamp":"2025-07-14 01:42:09"}
{"ip":"::1","level":"info","message":"GET /api/health","service":"user-service","timestamp":"2025-07-14 01:42:38"}
{"ip":"::1","level":"info","message":"GET /api/health","service":"user-service","timestamp":"2025-07-14 01:43:07"}
{"ip":"::1","level":"info","message":"GET /api/health","service":"user-service","timestamp":"2025-07-14 01:43:36"}
{"ip":"::1","level":"info","message":"GET /api/health","service":"user-service","timestamp":"2025-07-14 01:44:05"}
{"ip":"::1","level":"info","message":"GET /api/health","service":"user-service","timestamp":"2025-07-14 01:44:34"}
{"ip":"::1","level":"info","message":"GET /api/health","service":"user-service","timestamp":"2025-07-14 01:45:03"}
{"ip":"::1","level":"info","message":"GET /api/health","service":"user-service","timestamp":"2025-07-14 01:45:32"}
{"ip":"::1","level":"info","message":"GET /api/health","service":"user-service","timestamp":"2025-07-14 01:46:01"}
{"ip":"::1","level":"info","message":"GET /api/health","service":"user-service","timestamp":"2025-07-14 01:46:30"}
{"ip":"::1","level":"info","message":"GET /api/health","service":"user-service","timestamp":"2025-07-14 01:46:58"}
{"ip":"::1","level":"info","message":"GET /api/health","service":"user-service","timestamp":"2025-07-14 01:47:27"}
{"ip":"::1","level":"info","message":"GET /api/health","service":"user-service","timestamp":"2025-07-14 01:47:56"}
{"ip":"::1","level":"info","message":"GET /api/health","service":"user-service","timestamp":"2025-07-14 01:48:25"}
{"ip":"::1","level":"info","message":"GET /api/health","service":"user-service","timestamp":"2025-07-14 01:48:54"}
{"ip":"::1","level":"info","message":"GET /api/health","service":"user-service","timestamp":"2025-07-14 01:49:23"}
{"ip":"::1","level":"info","message":"GET /api/health","service":"user-service","timestamp":"2025-07-14 01:49:52"}
{"ip":"::1","level":"info","message":"GET /api/health","service":"user-service","timestamp":"2025-07-14 01:50:21"}
{"ip":"::1","level":"info","message":"GET /api/health","service":"user-service","timestamp":"2025-07-14 01:50:50"}
{"ip":"::1","level":"info","message":"GET /api/health","service":"user-service","timestamp":"2025-07-14 01:51:19"}
{"ip":"::1","level":"info","message":"GET /api/health","service":"user-service","timestamp":"2025-07-14 01:51:47"}
{"ip":"::1","level":"info","message":"GET /api/health","service":"user-service","timestamp":"2025-07-14 01:52:16"}
{"ip":"::1","level":"info","message":"GET /api/health","service":"user-service","timestamp":"2025-07-14 01:52:45"}
{"ip":"::1","level":"info","message":"GET /api/health","service":"user-service","timestamp":"2025-07-14 01:53:14"}
{"ip":"::1","level":"info","message":"GET /api/health","service":"user-service","timestamp":"2025-07-14 01:53:43"}
{"ip":"::1","level":"info","message":"GET /api/health","service":"user-service","timestamp":"2025-07-14 01:54:12"}
{"ip":"::1","level":"info","message":"GET /api/health","service":"user-service","timestamp":"2025-07-14 01:54:41"}
{"ip":"::1","level":"info","message":"GET /api/health","service":"user-service","timestamp":"2025-07-14 01:55:10"}
{"ip":"::1","level":"info","message":"GET /api/health","service":"user-service","timestamp":"2025-07-14 01:55:38"}
{"ip":"::1","level":"info","message":"GET /api/health","service":"user-service","timestamp":"2025-07-14 01:56:07"}
{"ip":"::1","level":"info","message":"GET /api/health","service":"user-service","timestamp":"2025-07-14 01:56:36"}
{"ip":"::1","level":"info","message":"GET /api/health","service":"user-service","timestamp":"2025-07-14 01:57:05"}
{"ip":"::1","level":"info","message":"GET /api/health","service":"user-service","timestamp":"2025-07-14 01:57:33"}
{"ip":"::1","level":"info","message":"GET /api/health","service":"user-service","timestamp":"2025-07-14 01:58:02"}
{"ip":"::1","level":"info","message":"GET /api/health","service":"user-service","timestamp":"2025-07-14 01:58:30"}
{"ip":"::1","level":"info","message":"GET /api/health","service":"user-service","timestamp":"2025-07-14 01:58:59"}
{"ip":"::1","level":"info","message":"GET /api/health","service":"user-service","timestamp":"2025-07-14 01:59:28"}
{"ip":"::1","level":"info","message":"GET /api/health","service":"user-service","timestamp":"2025-07-14 01:59:57"}
{"ip":"::1","level":"info","message":"GET /api/health","service":"user-service","timestamp":"2025-07-14 02:00:25"}
{"ip":"::1","level":"info","message":"GET /api/health","service":"user-service","timestamp":"2025-07-14 02:00:54"}
{"ip":"::1","level":"info","message":"GET /api/health","service":"user-service","timestamp":"2025-07-14 02:01:23"}
{"ip":"::1","level":"info","message":"GET /api/health","service":"user-service","timestamp":"2025-07-14 02:01:52"}
{"ip":"::1","level":"info","message":"GET /api/health","service":"user-service","timestamp":"2025-07-14 02:02:21"}
{"ip":"::1","level":"info","message":"GET /api/health","service":"user-service","timestamp":"2025-07-14 02:02:49"}
{"ip":"::1","level":"info","message":"GET /api/health","service":"user-service","timestamp":"2025-07-14 02:03:18"}
{"ip":"::1","level":"info","message":"GET /api/health","service":"user-service","timestamp":"2025-07-14 02:03:47"}
{"ip":"::1","level":"info","message":"GET /api/health","service":"user-service","timestamp":"2025-07-14 02:04:16"}
{"ip":"::1","level":"info","message":"GET /api/health","service":"user-service","timestamp":"2025-07-14 02:04:45"}
{"ip":"::1","level":"info","message":"GET /api/health","service":"user-service","timestamp":"2025-07-14 02:05:14"}
{"ip":"::1","level":"info","message":"GET /api/health","service":"user-service","timestamp":"2025-07-14 02:05:42"}
{"ip":"::1","level":"info","message":"GET /api/health","service":"user-service","timestamp":"2025-07-14 02:06:11"}
{"ip":"::1","level":"info","message":"GET /api/health","service":"user-service","timestamp":"2025-07-14 02:06:40"}
{"ip":"::1","level":"info","message":"GET /api/health","service":"user-service","timestamp":"2025-07-14 02:07:09"}
{"ip":"::1","level":"info","message":"GET /api/health","service":"user-service","timestamp":"2025-07-14 02:07:38"}
{"ip":"::1","level":"info","message":"GET /api/health","service":"user-service","timestamp":"2025-07-14 02:08:06"}
{"ip":"::1","level":"info","message":"GET /api/health","service":"user-service","timestamp":"2025-07-14 02:08:35"}
{"ip":"::1","level":"info","message":"GET /api/health","service":"user-service","timestamp":"2025-07-14 02:09:04"}
{"ip":"::1","level":"info","message":"GET /api/health","service":"user-service","timestamp":"2025-07-14 02:09:33"}
{"ip":"::1","level":"info","message":"GET /api/health","service":"user-service","timestamp":"2025-07-14 02:10:01"}
{"ip":"::1","level":"info","message":"GET /api/health","service":"user-service","timestamp":"2025-07-14 02:10:30"}
{"ip":"::1","level":"info","message":"GET /api/health","service":"user-service","timestamp":"2025-07-14 02:10:59"}
{"ip":"::1","level":"info","message":"GET /api/health","service":"user-service","timestamp":"2025-07-14 02:11:28"}
{"ip":"::1","level":"info","message":"GET /api/health","service":"user-service","timestamp":"2025-07-14 02:11:57"}
{"ip":"::1","level":"info","message":"GET /api/health","service":"user-service","timestamp":"2025-07-14 02:12:26"}
{"ip":"::1","level":"info","message":"GET /api/health","service":"user-service","timestamp":"2025-07-14 02:12:54"}
{"ip":"::1","level":"info","message":"GET /api/health","service":"user-service","timestamp":"2025-07-14 02:13:23"}
{"ip":"::1","level":"info","message":"GET /api/health","service":"user-service","timestamp":"2025-07-14 02:13:52"}
{"ip":"::1","level":"info","message":"GET /api/health","service":"user-service","timestamp":"2025-07-14 02:14:21"}
{"ip":"::1","level":"info","message":"GET /api/health","service":"user-service","timestamp":"2025-07-14 02:14:50"}
{"ip":"::1","level":"info","message":"GET /api/health","service":"user-service","timestamp":"2025-07-14 02:15:18"}
{"ip":"::1","level":"info","message":"GET /api/health","service":"user-service","timestamp":"2025-07-14 02:15:47"}
{"ip":"::1","level":"info","message":"GET /api/health","service":"user-service","timestamp":"2025-07-14 02:16:16"}
{"ip":"::1","level":"info","message":"GET /api/health","service":"user-service","timestamp":"2025-07-14 02:16:45"}
{"ip":"::1","level":"info","message":"GET /api/health","service":"user-service","timestamp":"2025-07-14 02:17:14"}
{"ip":"::1","level":"info","message":"GET /api/health","service":"user-service","timestamp":"2025-07-14 02:17:42"}
{"ip":"::1","level":"info","message":"GET /api/health","service":"user-service","timestamp":"2025-07-14 02:18:11"}
{"ip":"::1","level":"info","message":"GET /api/health","service":"user-service","timestamp":"2025-07-14 02:18:40"}
{"ip":"::1","level":"info","message":"GET /api/health","service":"user-service","timestamp":"2025-07-14 02:19:09"}
{"ip":"::1","level":"info","message":"GET /api/health","service":"user-service","timestamp":"2025-07-14 02:19:37"}
{"ip":"::1","level":"info","message":"GET /api/health","service":"user-service","timestamp":"2025-07-14 02:20:06"}
{"ip":"::1","level":"info","message":"GET /api/health","service":"user-service","timestamp":"2025-07-14 02:20:35"}
{"ip":"::1","level":"info","message":"GET /api/health","service":"user-service","timestamp":"2025-07-14 02:21:04"}
{"ip":"::1","level":"info","message":"GET /api/health","service":"user-service","timestamp":"2025-07-14 02:21:33"}
{"ip":"::1","level":"info","message":"GET /api/health","service":"user-service","timestamp":"2025-07-14 02:22:01"}
{"ip":"::1","level":"info","message":"GET /api/health","service":"user-service","timestamp":"2025-07-14 02:22:30"}
{"ip":"::1","level":"info","message":"GET /api/health","service":"user-service","timestamp":"2025-07-14 02:22:59"}
{"ip":"::1","level":"info","message":"GET /api/health","service":"user-service","timestamp":"2025-07-14 02:23:28"}
{"ip":"::1","level":"info","message":"GET /api/health","service":"user-service","timestamp":"2025-07-14 02:23:57"}
{"ip":"::1","level":"info","message":"GET /api/health","service":"user-service","timestamp":"2025-07-14 02:24:25"}
{"ip":"::1","level":"info","message":"GET /api/health","service":"user-service","timestamp":"2025-07-14 02:24:54"}
{"ip":"::1","level":"info","message":"GET /api/health","service":"user-service","timestamp":"2025-07-14 02:25:23"}
{"ip":"::1","level":"info","message":"GET /api/health","service":"user-service","timestamp":"2025-07-14 02:25:51"}
{"ip":"::1","level":"info","message":"GET /api/health","service":"user-service","timestamp":"2025-07-14 02:26:20"}
{"ip":"::1","level":"info","message":"GET /api/health","service":"user-service","timestamp":"2025-07-14 02:26:49"}
{"ip":"::1","level":"info","message":"GET /api/health","service":"user-service","timestamp":"2025-07-14 02:27:18"}
{"ip":"::1","level":"info","message":"GET /api/health","service":"user-service","timestamp":"2025-07-14 02:27:46"}
{"ip":"::1","level":"info","message":"GET /api/health","service":"user-service","timestamp":"2025-07-14 02:28:15"}
{"ip":"::1","level":"info","message":"GET /api/health","service":"user-service","timestamp":"2025-07-14 02:28:44"}
{"ip":"::1","level":"info","message":"GET /api/health","service":"user-service","timestamp":"2025-07-14 02:29:13"}
{"ip":"::1","level":"info","message":"GET /api/health","service":"user-service","timestamp":"2025-07-14 02:29:41"}
{"ip":"::1","level":"info","message":"GET /api/health","service":"user-service","timestamp":"2025-07-14 02:30:10"}
{"ip":"::1","level":"info","message":"GET /api/health","service":"user-service","timestamp":"2025-07-14 02:30:39"}
{"ip":"::1","level":"info","message":"GET /api/health","service":"user-service","timestamp":"2025-07-14 02:31:08"}
{"ip":"::1","level":"info","message":"GET /api/health","service":"user-service","timestamp":"2025-07-14 02:31:36"}
{"ip":"::1","level":"info","message":"GET /api/health","service":"user-service","timestamp":"2025-07-14 02:32:05"}
{"ip":"::1","level":"info","message":"GET /api/health","service":"user-service","timestamp":"2025-07-14 02:32:34"}
{"ip":"::1","level":"info","message":"GET /api/health","service":"user-service","timestamp":"2025-07-14 02:33:03"}
{"ip":"::1","level":"info","message":"GET /api/health","service":"user-service","timestamp":"2025-07-14 02:33:32"}
{"ip":"::1","level":"info","message":"GET /api/health","service":"user-service","timestamp":"2025-07-14 02:34:00"}
{"ip":"::1","level":"info","message":"GET /api/health","service":"user-service","timestamp":"2025-07-14 02:34:29"}
{"ip":"::1","level":"info","message":"GET /api/health","service":"user-service","timestamp":"2025-07-14 02:34:58"}
{"ip":"::1","level":"info","message":"GET /api/health","service":"user-service","timestamp":"2025-07-14 02:35:26"}
{"ip":"::1","level":"info","message":"GET /api/health","service":"user-service","timestamp":"2025-07-14 02:35:55"}
{"ip":"::1","level":"info","message":"GET /api/health","service":"user-service","timestamp":"2025-07-14 02:36:24"}
{"ip":"::1","level":"info","message":"GET /api/health","service":"user-service","timestamp":"2025-07-14 02:36:53"}
{"ip":"::1","level":"info","message":"GET /api/health","service":"user-service","timestamp":"2025-07-14 02:37:21"}
{"ip":"::1","level":"info","message":"GET /api/health","service":"user-service","timestamp":"2025-07-14 02:37:50"}
{"ip":"::1","level":"info","message":"GET /api/health","service":"user-service","timestamp":"2025-07-14 02:38:19"}
{"ip":"::1","level":"info","message":"GET /api/health","service":"user-service","timestamp":"2025-07-14 02:38:48"}
{"ip":"::1","level":"info","message":"GET /api/health","service":"user-service","timestamp":"2025-07-14 02:39:16"}
{"ip":"::1","level":"info","message":"GET /api/health","service":"user-service","timestamp":"2025-07-14 02:39:45"}
{"ip":"::1","level":"info","message":"GET /api/health","service":"user-service","timestamp":"2025-07-14 02:40:14"}
{"ip":"::1","level":"info","message":"GET /api/health","service":"user-service","timestamp":"2025-07-14 02:40:43"}
{"ip":"::1","level":"info","message":"GET /api/health","service":"user-service","timestamp":"2025-07-14 02:41:11"}
{"ip":"::1","level":"info","message":"GET /api/health","service":"user-service","timestamp":"2025-07-14 02:41:40"}
{"ip":"::1","level":"info","message":"GET /api/health","service":"user-service","timestamp":"2025-07-14 02:42:09"}
{"ip":"::1","level":"info","message":"GET /api/health","service":"user-service","timestamp":"2025-07-14 02:42:38"}
{"ip":"::1","level":"info","message":"GET /api/health","service":"user-service","timestamp":"2025-07-14 02:43:06"}
{"ip":"::1","level":"info","message":"GET /api/health","service":"user-service","timestamp":"2025-07-14 02:43:35"}
{"ip":"::1","level":"info","message":"GET /api/health","service":"user-service","timestamp":"2025-07-14 02:44:04"}
{"ip":"::1","level":"info","message":"GET /api/health","service":"user-service","timestamp":"2025-07-14 02:44:33"}
{"ip":"::1","level":"info","message":"GET /api/health","service":"user-service","timestamp":"2025-07-14 02:45:01"}
{"ip":"::1","level":"info","message":"GET /api/health","service":"user-service","timestamp":"2025-07-14 02:45:30"}
{"ip":"::1","level":"info","message":"GET /api/health","service":"user-service","timestamp":"2025-07-14 02:45:59"}
{"ip":"::1","level":"info","message":"GET /api/health","service":"user-service","timestamp":"2025-07-14 02:46:27"}
{"ip":"::1","level":"info","message":"GET /api/health","service":"user-service","timestamp":"2025-07-14 02:46:56"}
{"ip":"::1","level":"info","message":"GET /api/health","service":"user-service","timestamp":"2025-07-14 02:47:25"}
{"ip":"::1","level":"info","message":"GET /api/health","service":"user-service","timestamp":"2025-07-14 02:47:53"}
{"ip":"::1","level":"info","message":"GET /api/health","service":"user-service","timestamp":"2025-07-14 02:48:22"}
{"ip":"::1","level":"info","message":"GET /api/health","service":"user-service","timestamp":"2025-07-14 02:48:51"}
{"ip":"::1","level":"info","message":"GET /api/health","service":"user-service","timestamp":"2025-07-14 02:49:20"}
{"ip":"::1","level":"info","message":"GET /api/health","service":"user-service","timestamp":"2025-07-14 02:49:49"}
{"ip":"::1","level":"info","message":"GET /api/health","service":"user-service","timestamp":"2025-07-14 02:50:17"}
{"ip":"::1","level":"info","message":"GET /api/health","service":"user-service","timestamp":"2025-07-14 02:50:46"}
{"ip":"::1","level":"info","message":"GET /api/health","service":"user-service","timestamp":"2025-07-14 02:51:15"}
{"ip":"::1","level":"info","message":"GET /api/health","service":"user-service","timestamp":"2025-07-14 02:51:44"}
{"ip":"::1","level":"info","message":"GET /api/health","service":"user-service","timestamp":"2025-07-14 02:52:12"}
{"ip":"::1","level":"info","message":"GET /api/health","service":"user-service","timestamp":"2025-07-14 02:52:41"}
{"ip":"::1","level":"info","message":"GET /api/health","service":"user-service","timestamp":"2025-07-14 02:53:10"}
{"ip":"::1","level":"info","message":"GET /api/health","service":"user-service","timestamp":"2025-07-14 02:53:39"}
{"ip":"::1","level":"info","message":"GET /api/health","service":"user-service","timestamp":"2025-07-14 02:54:07"}
{"ip":"::1","level":"info","message":"GET /api/health","service":"user-service","timestamp":"2025-07-14 02:54:36"}
{"ip":"::1","level":"info","message":"GET /api/health","service":"user-service","timestamp":"2025-07-14 02:55:05"}
{"ip":"::1","level":"info","message":"GET /api/health","service":"user-service","timestamp":"2025-07-14 02:55:33"}
{"ip":"::1","level":"info","message":"GET /api/health","service":"user-service","timestamp":"2025-07-14 02:56:02"}
{"ip":"::1","level":"info","message":"GET /api/health","service":"user-service","timestamp":"2025-07-14 02:56:31"}
{"ip":"::1","level":"info","message":"GET /api/health","service":"user-service","timestamp":"2025-07-14 02:57:00"}
{"ip":"::1","level":"info","message":"GET /api/health","service":"user-service","timestamp":"2025-07-14 02:57:29"}
{"ip":"::1","level":"info","message":"GET /api/health","service":"user-service","timestamp":"2025-07-14 02:57:57"}
{"ip":"::1","level":"info","message":"GET /api/health","service":"user-service","timestamp":"2025-07-14 02:58:26"}
{"ip":"::1","level":"info","message":"GET /api/health","service":"user-service","timestamp":"2025-07-14 02:58:55"}
{"ip":"::1","level":"info","message":"GET /api/health","service":"user-service","timestamp":"2025-07-14 02:59:24"}
{"ip":"::1","level":"info","message":"GET /api/health","service":"user-service","timestamp":"2025-07-14 02:59:52"}
{"ip":"::1","level":"info","message":"GET /api/health","service":"user-service","timestamp":"2025-07-14 03:00:21"}
{"ip":"::1","level":"info","message":"GET /api/health","service":"user-service","timestamp":"2025-07-14 03:00:50"}
{"ip":"::1","level":"info","message":"GET /api/health","service":"user-service","timestamp":"2025-07-14 03:01:18"}
{"ip":"::1","level":"info","message":"GET /api/health","service":"user-service","timestamp":"2025-07-14 03:01:47"}
{"ip":"::1","level":"info","message":"GET /api/health","service":"user-service","timestamp":"2025-07-14 03:02:16"}
{"ip":"::1","level":"info","message":"GET /api/health","service":"user-service","timestamp":"2025-07-14 03:02:45"}
{"ip":"::1","level":"info","message":"GET /api/health","service":"user-service","timestamp":"2025-07-14 03:03:13"}
{"ip":"::1","level":"info","message":"GET /api/health","service":"user-service","timestamp":"2025-07-14 03:03:42"}
{"ip":"::1","level":"info","message":"GET /api/health","service":"user-service","timestamp":"2025-07-14 03:04:11"}
{"ip":"::1","level":"info","message":"GET /api/health","service":"user-service","timestamp":"2025-07-14 03:04:40"}
{"ip":"::1","level":"info","message":"GET /api/health","service":"user-service","timestamp":"2025-07-14 03:05:08"}
{"ip":"::1","level":"info","message":"GET /api/health","service":"user-service","timestamp":"2025-07-14 03:05:37"}
{"ip":"::1","level":"info","message":"GET /api/health","service":"user-service","timestamp":"2025-07-14 03:06:06"}
{"ip":"::1","level":"info","message":"GET /api/health","service":"user-service","timestamp":"2025-07-14 03:06:34"}
{"ip":"::1","level":"info","message":"GET /api/health","service":"user-service","timestamp":"2025-07-14 03:07:03"}
{"ip":"::1","level":"info","message":"GET /api/health","service":"user-service","timestamp":"2025-07-14 03:07:32"}
{"ip":"::1","level":"info","message":"GET /api/health","service":"user-service","timestamp":"2025-07-14 03:08:01"}
{"ip":"::1","level":"info","message":"GET /api/health","service":"user-service","timestamp":"2025-07-14 03:08:30"}
{"ip":"::1","level":"info","message":"GET /api/health","service":"user-service","timestamp":"2025-07-14 03:08:58"}
{"ip":"::1","level":"info","message":"GET /api/health","service":"user-service","timestamp":"2025-07-14 03:09:27"}
{"ip":"::1","level":"info","message":"GET /api/health","service":"user-service","timestamp":"2025-07-14 03:09:54"}
{"ip":"::1","level":"info","message":"GET /api/health","service":"user-service","timestamp":"2025-07-14 03:10:23"}
{"ip":"::1","level":"info","message":"GET /api/health","service":"user-service","timestamp":"2025-07-14 03:10:52"}
{"ip":"::1","level":"info","message":"GET /api/health","service":"user-service","timestamp":"2025-07-14 03:11:21"}
{"ip":"::1","level":"info","message":"GET /api/health","service":"user-service","timestamp":"2025-07-14 03:11:49"}
{"ip":"::1","level":"info","message":"GET /api/health","service":"user-service","timestamp":"2025-07-14 03:12:18"}
{"ip":"::1","level":"info","message":"GET /api/health","service":"user-service","timestamp":"2025-07-14 03:12:47"}
{"ip":"::1","level":"info","message":"GET /api/health","service":"user-service","timestamp":"2025-07-14 03:13:16"}
{"ip":"::1","level":"info","message":"GET /api/health","service":"user-service","timestamp":"2025-07-14 03:13:45"}
{"ip":"::1","level":"info","message":"GET /api/health","service":"user-service","timestamp":"2025-07-14 03:14:13"}
{"ip":"::1","level":"info","message":"GET /api/health","service":"user-service","timestamp":"2025-07-14 03:14:42"}
{"ip":"::1","level":"info","message":"GET /api/health","service":"user-service","timestamp":"2025-07-14 03:15:11"}
{"ip":"::1","level":"info","message":"GET /api/health","service":"user-service","timestamp":"2025-07-14 03:15:39"}
{"ip":"::1","level":"info","message":"GET /api/health","service":"user-service","timestamp":"2025-07-14 03:16:08"}
{"ip":"::1","level":"info","message":"GET /api/health","service":"user-service","timestamp":"2025-07-14 03:16:37"}
{"ip":"::1","level":"info","message":"GET /api/health","service":"user-service","timestamp":"2025-07-14 03:17:06"}
{"ip":"::1","level":"info","message":"GET /api/health","service":"user-service","timestamp":"2025-07-14 03:17:34"}
{"ip":"::1","level":"info","message":"GET /api/health","service":"user-service","timestamp":"2025-07-14 03:18:04"}
{"ip":"::1","level":"info","message":"GET /api/health","service":"user-service","timestamp":"2025-07-14 03:18:32"}
{"ip":"::1","level":"info","message":"GET /api/health","service":"user-service","timestamp":"2025-07-14 03:19:01"}
{"ip":"::1","level":"info","message":"GET /api/health","service":"user-service","timestamp":"2025-07-14 03:19:29"}
{"ip":"::1","level":"info","message":"GET /api/health","service":"user-service","timestamp":"2025-07-14 03:19:58"}
{"ip":"::1","level":"info","message":"GET /api/health","service":"user-service","timestamp":"2025-07-14 03:20:27"}
{"ip":"::1","level":"info","message":"GET /api/health","service":"user-service","timestamp":"2025-07-14 03:20:55"}
{"ip":"::1","level":"info","message":"GET /api/health","service":"user-service","timestamp":"2025-07-14 03:21:24"}
{"ip":"::1","level":"info","message":"GET /api/health","service":"user-service","timestamp":"2025-07-14 03:21:53"}
{"ip":"::1","level":"info","message":"GET /api/health","service":"user-service","timestamp":"2025-07-14 03:22:22"}
{"ip":"::1","level":"info","message":"GET /api/health","service":"user-service","timestamp":"2025-07-14 03:22:50"}
{"ip":"::1","level":"info","message":"GET /api/health","service":"user-service","timestamp":"2025-07-14 03:23:19"}
{"ip":"::1","level":"info","message":"GET /api/health","service":"user-service","timestamp":"2025-07-14 03:23:48"}
{"ip":"::1","level":"info","message":"GET /api/health","service":"user-service","timestamp":"2025-07-14 03:24:17"}
{"ip":"::1","level":"info","message":"GET /api/health","service":"user-service","timestamp":"2025-07-14 03:24:45"}
{"ip":"::1","level":"info","message":"GET /api/health","service":"user-service","timestamp":"2025-07-14 03:25:14"}
{"ip":"::1","level":"info","message":"GET /api/health","service":"user-service","timestamp":"2025-07-14 03:25:43"}
{"ip":"::1","level":"info","message":"GET /api/health","service":"user-service","timestamp":"2025-07-14 03:26:12"}
{"ip":"::1","level":"info","message":"GET /api/health","service":"user-service","timestamp":"2025-07-14 03:26:40"}
{"ip":"::1","level":"info","message":"GET /api/health","service":"user-service","timestamp":"2025-07-14 03:27:09"}
{"ip":"::1","level":"info","message":"GET /api/health","service":"user-service","timestamp":"2025-07-14 03:27:38"}
{"ip":"::1","level":"info","message":"GET /api/health","service":"user-service","timestamp":"2025-07-14 03:28:06"}
{"ip":"::1","level":"info","message":"GET /api/health","service":"user-service","timestamp":"2025-07-14 03:28:35"}
{"ip":"::1","level":"info","message":"GET /api/health","service":"user-service","timestamp":"2025-07-14 03:29:04"}
{"ip":"::1","level":"info","message":"GET /api/health","service":"user-service","timestamp":"2025-07-14 03:29:33"}
{"ip":"::1","level":"info","message":"GET /api/health","service":"user-service","timestamp":"2025-07-14 03:30:01"}
{"ip":"::1","level":"info","message":"GET /api/health","service":"user-service","timestamp":"2025-07-14 03:30:30"}
{"ip":"::1","level":"info","message":"GET /api/health","service":"user-service","timestamp":"2025-07-14 03:30:59"}
{"ip":"::1","level":"info","message":"GET /api/health","service":"user-service","timestamp":"2025-07-14 03:31:27"}
{"ip":"::1","level":"info","message":"GET /api/health","service":"user-service","timestamp":"2025-07-14 03:31:57"}
{"ip":"::1","level":"info","message":"GET /api/health","service":"user-service","timestamp":"2025-07-14 03:32:25"}
{"ip":"::1","level":"info","message":"GET /api/health","service":"user-service","timestamp":"2025-07-14 03:32:54"}
{"ip":"::1","level":"info","message":"GET /api/health","service":"user-service","timestamp":"2025-07-14 03:33:22"}
{"ip":"::1","level":"info","message":"GET /api/health","service":"user-service","timestamp":"2025-07-14 03:33:51"}
{"ip":"::1","level":"info","message":"GET /api/health","service":"user-service","timestamp":"2025-07-14 03:34:20"}
{"ip":"::1","level":"info","message":"GET /api/health","service":"user-service","timestamp":"2025-07-14 03:34:48"}
{"ip":"::1","level":"info","message":"GET /api/health","service":"user-service","timestamp":"2025-07-14 03:35:17"}
{"ip":"::1","level":"info","message":"GET /api/health","service":"user-service","timestamp":"2025-07-14 03:35:46"}
{"ip":"::1","level":"info","message":"GET /api/health","service":"user-service","timestamp":"2025-07-14 03:36:15"}
{"ip":"::1","level":"info","message":"GET /api/health","service":"user-service","timestamp":"2025-07-14 03:36:43"}
{"ip":"::1","level":"info","message":"GET /api/health","service":"user-service","timestamp":"2025-07-14 03:37:12"}
{"ip":"::1","level":"info","message":"GET /api/health","service":"user-service","timestamp":"2025-07-14 03:37:41"}
{"ip":"::1","level":"info","message":"GET /api/health","service":"user-service","timestamp":"2025-07-14 03:38:09"}
{"ip":"::1","level":"info","message":"GET /api/health","service":"user-service","timestamp":"2025-07-14 03:38:38"}
{"ip":"::1","level":"info","message":"GET /api/health","service":"user-service","timestamp":"2025-07-14 03:39:07"}
{"ip":"::1","level":"info","message":"GET /api/health","service":"user-service","timestamp":"2025-07-14 03:39:35"}
{"ip":"::1","level":"info","message":"GET /api/health","service":"user-service","timestamp":"2025-07-14 03:40:04"}
{"ip":"::1","level":"info","message":"GET /api/health","service":"user-service","timestamp":"2025-07-14 03:40:33"}
{"ip":"::1","level":"info","message":"GET /api/health","service":"user-service","timestamp":"2025-07-14 03:41:02"}
{"ip":"::1","level":"info","message":"GET /api/health","service":"user-service","timestamp":"2025-07-14 03:41:30"}
{"ip":"::1","level":"info","message":"GET /api/health","service":"user-service","timestamp":"2025-07-14 03:41:59"}
{"ip":"::1","level":"info","message":"GET /api/health","service":"user-service","timestamp":"2025-07-14 03:42:28"}
{"ip":"::1","level":"info","message":"GET /api/health","service":"user-service","timestamp":"2025-07-14 03:42:56"}
{"ip":"::1","level":"info","message":"GET /api/health","service":"user-service","timestamp":"2025-07-14 03:43:25"}
{"ip":"::1","level":"info","message":"GET /api/health","service":"user-service","timestamp":"2025-07-14 03:43:54"}
{"ip":"::1","level":"info","message":"GET /api/health","service":"user-service","timestamp":"2025-07-14 03:44:23"}
{"ip":"::1","level":"info","message":"GET /api/health","service":"user-service","timestamp":"2025-07-14 03:44:51"}
{"ip":"::1","level":"info","message":"GET /api/health","service":"user-service","timestamp":"2025-07-14 03:45:20"}
{"ip":"::1","level":"info","message":"GET /api/health","service":"user-service","timestamp":"2025-07-14 03:45:49"}
{"ip":"::1","level":"info","message":"GET /api/health","service":"user-service","timestamp":"2025-07-14 03:46:18"}
{"ip":"::1","level":"info","message":"GET /api/health","service":"user-service","timestamp":"2025-07-14 03:46:46"}
{"ip":"::1","level":"info","message":"GET /api/health","service":"user-service","timestamp":"2025-07-14 03:47:15"}
{"ip":"::1","level":"info","message":"GET /api/health","service":"user-service","timestamp":"2025-07-14 03:47:44"}
{"ip":"::1","level":"info","message":"GET /api/health","service":"user-service","timestamp":"2025-07-14 03:48:12"}
{"ip":"::1","level":"info","message":"GET /api/health","service":"user-service","timestamp":"2025-07-14 03:48:41"}
{"ip":"::1","level":"info","message":"GET /api/health","service":"user-service","timestamp":"2025-07-14 03:49:10"}
{"ip":"::1","level":"info","message":"GET /api/health","service":"user-service","timestamp":"2025-07-14 03:49:39"}
{"ip":"::1","level":"info","message":"GET /api/health","service":"user-service","timestamp":"2025-07-14 03:50:07"}
{"ip":"::1","level":"info","message":"GET /api/health","service":"user-service","timestamp":"2025-07-14 03:50:36"}
{"ip":"::1","level":"info","message":"GET /api/health","service":"user-service","timestamp":"2025-07-14 03:51:05"}
{"ip":"::1","level":"info","message":"GET /api/health","service":"user-service","timestamp":"2025-07-14 03:51:33"}
{"ip":"::1","level":"info","message":"GET /api/health","service":"user-service","timestamp":"2025-07-14 03:52:02"}
{"ip":"::1","level":"info","message":"GET /api/health","service":"user-service","timestamp":"2025-07-14 03:52:31"}
{"ip":"::1","level":"info","message":"GET /api/health","service":"user-service","timestamp":"2025-07-14 03:53:00"}
{"ip":"::1","level":"info","message":"GET /api/health","service":"user-service","timestamp":"2025-07-14 03:53:28"}
{"ip":"::1","level":"info","message":"GET /api/health","service":"user-service","timestamp":"2025-07-14 03:53:57"}
{"ip":"::1","level":"info","message":"GET /api/health","service":"user-service","timestamp":"2025-07-14 03:54:26"}
{"ip":"::1","level":"info","message":"GET /api/health","service":"user-service","timestamp":"2025-07-14 03:54:54"}
{"ip":"::1","level":"info","message":"GET /api/health","service":"user-service","timestamp":"2025-07-14 03:55:23"}
{"ip":"::1","level":"info","message":"GET /api/health","service":"user-service","timestamp":"2025-07-14 03:55:52"}
{"ip":"::1","level":"info","message":"GET /api/health","service":"user-service","timestamp":"2025-07-14 03:56:20"}
{"ip":"::1","level":"info","message":"GET /api/health","service":"user-service","timestamp":"2025-07-14 03:56:49"}
{"ip":"::1","level":"info","message":"GET /api/health","service":"user-service","timestamp":"2025-07-14 03:57:18"}
{"ip":"::1","level":"info","message":"GET /api/health","service":"user-service","timestamp":"2025-07-14 03:57:47"}
{"ip":"::1","level":"info","message":"GET /api/health","service":"user-service","timestamp":"2025-07-14 03:58:15"}
{"ip":"::1","level":"info","message":"GET /api/health","service":"user-service","timestamp":"2025-07-14 03:58:44"}
{"ip":"::1","level":"info","message":"GET /api/health","service":"user-service","timestamp":"2025-07-14 03:59:13"}
{"ip":"::1","level":"info","message":"GET /api/health","service":"user-service","timestamp":"2025-07-14 03:59:41"}
{"ip":"::1","level":"info","message":"GET /api/health","service":"user-service","timestamp":"2025-07-14 04:00:10"}
{"ip":"::1","level":"info","message":"GET /api/health","service":"user-service","timestamp":"2025-07-14 04:00:38"}
{"ip":"::1","level":"info","message":"GET /api/health","service":"user-service","timestamp":"2025-07-14 04:01:08"}
{"ip":"::1","level":"info","message":"GET /api/health","service":"user-service","timestamp":"2025-07-14 04:01:36"}
{"ip":"::1","level":"info","message":"GET /api/health","service":"user-service","timestamp":"2025-07-14 04:02:05"}
{"ip":"::1","level":"info","message":"GET /api/health","service":"user-service","timestamp":"2025-07-14 04:02:34"}
{"ip":"::1","level":"info","message":"GET /api/health","service":"user-service","timestamp":"2025-07-14 04:03:02"}
{"ip":"::1","level":"info","message":"GET /api/health","service":"user-service","timestamp":"2025-07-14 04:03:31"}
{"ip":"::1","level":"info","message":"GET /api/health","service":"user-service","timestamp":"2025-07-14 04:04:00"}
{"ip":"::1","level":"info","message":"GET /api/health","service":"user-service","timestamp":"2025-07-14 04:04:29"}
{"ip":"::1","level":"info","message":"GET /api/health","service":"user-service","timestamp":"2025-07-14 04:04:57"}
{"ip":"::1","level":"info","message":"GET /api/health","service":"user-service","timestamp":"2025-07-14 04:05:26"}
{"ip":"::1","level":"info","message":"GET /api/health","service":"user-service","timestamp":"2025-07-14 04:05:55"}
{"ip":"::1","level":"info","message":"GET /api/health","service":"user-service","timestamp":"2025-07-14 04:06:23"}
{"ip":"::1","level":"info","message":"GET /api/health","service":"user-service","timestamp":"2025-07-14 04:06:51"}
{"ip":"::1","level":"info","message":"GET /api/health","service":"user-service","timestamp":"2025-07-14 04:07:21"}
{"ip":"::1","level":"info","message":"GET /api/health","service":"user-service","timestamp":"2025-07-14 04:07:50"}
{"ip":"::1","level":"info","message":"GET /api/health","service":"user-service","timestamp":"2025-07-14 04:08:18"}
{"ip":"::1","level":"info","message":"GET /api/health","service":"user-service","timestamp":"2025-07-14 04:08:47"}
{"ip":"::1","level":"info","message":"GET /api/health","service":"user-service","timestamp":"2025-07-14 04:09:16"}
{"ip":"::1","level":"info","message":"GET /api/health","service":"user-service","timestamp":"2025-07-14 04:09:45"}
{"ip":"::1","level":"info","message":"GET /api/health","service":"user-service","timestamp":"2025-07-14 04:10:13"}
{"ip":"::1","level":"info","message":"GET /api/health","service":"user-service","timestamp":"2025-07-14 04:10:42"}
{"ip":"::1","level":"info","message":"GET /api/health","service":"user-service","timestamp":"2025-07-14 04:11:11"}
{"ip":"::1","level":"info","message":"GET /api/health","service":"user-service","timestamp":"2025-07-14 04:11:39"}
{"ip":"::1","level":"info","message":"GET /api/health","service":"user-service","timestamp":"2025-07-14 04:12:07"}
{"ip":"::1","level":"info","message":"GET /api/health","service":"user-service","timestamp":"2025-07-14 04:12:37"}
{"ip":"::1","level":"info","message":"GET /api/health","service":"user-service","timestamp":"2025-07-14 04:13:05"}
{"ip":"::1","level":"info","message":"GET /api/health","service":"user-service","timestamp":"2025-07-14 04:13:34"}
{"ip":"::1","level":"info","message":"GET /api/health","service":"user-service","timestamp":"2025-07-14 04:14:03"}
{"ip":"::1","level":"info","message":"GET /api/health","service":"user-service","timestamp":"2025-07-14 04:14:32"}
{"ip":"::1","level":"info","message":"GET /api/health","service":"user-service","timestamp":"2025-07-14 04:15:00"}
{"ip":"::1","level":"info","message":"GET /api/health","service":"user-service","timestamp":"2025-07-14 04:15:29"}
{"ip":"::1","level":"info","message":"GET /api/health","service":"user-service","timestamp":"2025-07-14 04:15:58"}
{"ip":"::1","level":"info","message":"GET /api/health","service":"user-service","timestamp":"2025-07-14 04:16:26"}
{"ip":"::1","level":"info","message":"GET /api/health","service":"user-service","timestamp":"2025-07-14 04:16:55"}
{"ip":"::1","level":"info","message":"GET /api/health","service":"user-service","timestamp":"2025-07-14 04:17:24"}
{"ip":"::1","level":"info","message":"GET /api/health","service":"user-service","timestamp":"2025-07-14 04:17:52"}
{"ip":"::1","level":"info","message":"GET /api/health","service":"user-service","timestamp":"2025-07-14 04:18:21"}
{"ip":"::1","level":"info","message":"GET /api/health","service":"user-service","timestamp":"2025-07-14 04:18:50"}
{"ip":"::1","level":"info","message":"GET /api/health","service":"user-service","timestamp":"2025-07-14 04:19:19"}
{"ip":"::1","level":"info","message":"GET /api/health","service":"user-service","timestamp":"2025-07-14 04:19:47"}
{"ip":"::1","level":"info","message":"GET /api/health","service":"user-service","timestamp":"2025-07-14 04:20:15"}
{"ip":"::1","level":"info","message":"GET /api/health","service":"user-service","timestamp":"2025-07-14 04:20:44"}
{"ip":"::1","level":"info","message":"GET /api/health","service":"user-service","timestamp":"2025-07-14 04:21:12"}
{"ip":"::1","level":"info","message":"GET /api/health","service":"user-service","timestamp":"2025-07-14 04:21:41"}
{"ip":"::1","level":"info","message":"GET /api/health","service":"user-service","timestamp":"2025-07-14 04:22:10"}
{"ip":"::1","level":"info","message":"GET /api/health","service":"user-service","timestamp":"2025-07-14 04:22:38"}
{"ip":"::1","level":"info","message":"GET /api/health","service":"user-service","timestamp":"2025-07-14 04:23:07"}
{"ip":"::1","level":"info","message":"GET /api/health","service":"user-service","timestamp":"2025-07-14 04:23:36"}
{"ip":"::1","level":"info","message":"GET /api/health","service":"user-service","timestamp":"2025-07-14 04:24:04"}
{"ip":"::1","level":"info","message":"GET /api/health","service":"user-service","timestamp":"2025-07-14 04:24:33"}
{"ip":"::1","level":"info","message":"GET /api/health","service":"user-service","timestamp":"2025-07-14 04:25:02"}
{"ip":"::1","level":"info","message":"GET /api/health","service":"user-service","timestamp":"2025-07-14 04:25:31"}
{"ip":"::1","level":"info","message":"GET /api/health","service":"user-service","timestamp":"2025-07-14 04:25:59"}
{"ip":"::1","level":"info","message":"GET /api/health","service":"user-service","timestamp":"2025-07-14 04:26:28"}
{"ip":"::1","level":"info","message":"GET /api/health","service":"user-service","timestamp":"2025-07-14 04:26:57"}
{"ip":"::1","level":"info","message":"GET /api/health","service":"user-service","timestamp":"2025-07-14 04:27:26"}
{"ip":"::1","level":"info","message":"GET /api/health","service":"user-service","timestamp":"2025-07-14 04:27:54"}
{"ip":"::1","level":"info","message":"GET /api/health","service":"user-service","timestamp":"2025-07-14 04:28:23"}
{"ip":"::1","level":"info","message":"GET /api/health","service":"user-service","timestamp":"2025-07-14 04:28:52"}
{"ip":"::1","level":"info","message":"GET /api/health","service":"user-service","timestamp":"2025-07-14 04:29:20"}
{"ip":"::1","level":"info","message":"GET /api/health","service":"user-service","timestamp":"2025-07-14 04:29:49"}
{"ip":"::1","level":"info","message":"GET /api/health","service":"user-service","timestamp":"2025-07-14 04:30:18"}
{"ip":"::1","level":"info","message":"GET /api/health","service":"user-service","timestamp":"2025-07-14 04:30:47"}
{"ip":"::1","level":"info","message":"GET /api/health","service":"user-service","timestamp":"2025-07-14 04:31:15"}
{"ip":"::1","level":"info","message":"GET /api/health","service":"user-service","timestamp":"2025-07-14 04:31:44"}
{"ip":"::1","level":"info","message":"GET /api/health","service":"user-service","timestamp":"2025-07-14 04:32:13"}
{"ip":"::1","level":"info","message":"GET /api/health","service":"user-service","timestamp":"2025-07-14 04:32:42"}
{"ip":"::1","level":"info","message":"GET /api/health","service":"user-service","timestamp":"2025-07-14 04:33:10"}
{"ip":"::1","level":"info","message":"GET /api/health","service":"user-service","timestamp":"2025-07-14 04:33:39"}
{"ip":"::1","level":"info","message":"GET /api/health","service":"user-service","timestamp":"2025-07-14 04:34:08"}
{"ip":"::1","level":"info","message":"GET /api/health","service":"user-service","timestamp":"2025-07-14 04:34:36"}
{"ip":"::1","level":"info","message":"GET /api/health","service":"user-service","timestamp":"2025-07-14 04:35:05"}
{"ip":"::1","level":"info","message":"GET /api/health","service":"user-service","timestamp":"2025-07-14 04:35:34"}
{"ip":"::1","level":"info","message":"GET /api/health","service":"user-service","timestamp":"2025-07-14 04:36:02"}
{"ip":"::1","level":"info","message":"GET /api/health","service":"user-service","timestamp":"2025-07-14 04:36:31"}
{"ip":"::1","level":"info","message":"GET /api/health","service":"user-service","timestamp":"2025-07-14 04:37:00"}
{"ip":"::1","level":"info","message":"GET /api/health","service":"user-service","timestamp":"2025-07-14 04:37:29"}
{"ip":"::1","level":"info","message":"GET /api/health","service":"user-service","timestamp":"2025-07-14 04:37:57"}
{"ip":"::1","level":"info","message":"GET /api/health","service":"user-service","timestamp":"2025-07-14 04:38:26"}
{"ip":"::1","level":"info","message":"GET /api/health","service":"user-service","timestamp":"2025-07-14 04:38:55"}
{"ip":"::1","level":"info","message":"GET /api/health","service":"user-service","timestamp":"2025-07-14 04:39:24"}
{"ip":"::1","level":"info","message":"GET /api/health","service":"user-service","timestamp":"2025-07-14 04:39:52"}
{"ip":"::1","level":"info","message":"GET /api/health","service":"user-service","timestamp":"2025-07-14 04:40:21"}
{"ip":"::1","level":"info","message":"GET /api/health","service":"user-service","timestamp":"2025-07-14 04:40:50"}
{"ip":"::1","level":"info","message":"GET /api/health","service":"user-service","timestamp":"2025-07-14 04:41:18"}
{"ip":"::1","level":"info","message":"GET /api/health","service":"user-service","timestamp":"2025-07-14 04:41:47"}
{"ip":"::1","level":"info","message":"GET /api/health","service":"user-service","timestamp":"2025-07-14 04:42:16"}
{"ip":"::1","level":"info","message":"GET /api/health","service":"user-service","timestamp":"2025-07-14 04:42:45"}
{"ip":"::1","level":"info","message":"GET /api/health","service":"user-service","timestamp":"2025-07-14 04:43:13"}
{"ip":"::1","level":"info","message":"GET /api/health","service":"user-service","timestamp":"2025-07-14 04:43:43"}
{"ip":"::1","level":"info","message":"GET /api/health","service":"user-service","timestamp":"2025-07-14 04:44:11"}
{"ip":"::1","level":"info","message":"GET /api/health","service":"user-service","timestamp":"2025-07-14 04:44:40"}
{"ip":"::1","level":"info","message":"GET /api/health","service":"user-service","timestamp":"2025-07-14 04:45:08"}
{"ip":"::1","level":"info","message":"GET /api/health","service":"user-service","timestamp":"2025-07-14 04:45:37"}
{"ip":"::1","level":"info","message":"GET /api/health","service":"user-service","timestamp":"2025-07-14 04:46:06"}
{"ip":"::1","level":"info","message":"GET /api/health","service":"user-service","timestamp":"2025-07-14 04:46:34"}
{"ip":"::1","level":"info","message":"GET /api/health","service":"user-service","timestamp":"2025-07-14 04:47:03"}
{"ip":"::1","level":"info","message":"GET /api/health","service":"user-service","timestamp":"2025-07-14 04:47:32"}
{"ip":"::1","level":"info","message":"GET /api/health","service":"user-service","timestamp":"2025-07-14 04:48:01"}
{"ip":"::1","level":"info","message":"GET /api/health","service":"user-service","timestamp":"2025-07-14 04:48:29"}
{"ip":"::1","level":"info","message":"GET /api/health","service":"user-service","timestamp":"2025-07-14 04:48:58"}
{"ip":"::1","level":"info","message":"GET /api/health","service":"user-service","timestamp":"2025-07-14 04:49:27"}
{"ip":"::1","level":"info","message":"GET /api/health","service":"user-service","timestamp":"2025-07-14 04:49:55"}
{"ip":"::1","level":"info","message":"GET /api/health","service":"user-service","timestamp":"2025-07-14 04:50:24"}
{"ip":"::1","level":"info","message":"GET /api/health","service":"user-service","timestamp":"2025-07-14 04:50:53"}
{"ip":"::1","level":"info","message":"GET /api/health","service":"user-service","timestamp":"2025-07-14 04:51:22"}
{"ip":"::1","level":"info","message":"GET /api/health","service":"user-service","timestamp":"2025-07-14 04:51:51"}
{"ip":"::1","level":"info","message":"GET /api/health","service":"user-service","timestamp":"2025-07-14 04:52:19"}
{"ip":"::1","level":"info","message":"GET /api/health","service":"user-service","timestamp":"2025-07-14 04:52:48"}
{"ip":"::1","level":"info","message":"GET /api/health","service":"user-service","timestamp":"2025-07-14 04:53:16"}
{"ip":"::1","level":"info","message":"GET /api/health","service":"user-service","timestamp":"2025-07-14 04:53:45"}
{"ip":"::1","level":"info","message":"GET /api/health","service":"user-service","timestamp":"2025-07-14 04:54:14"}
{"ip":"::1","level":"info","message":"GET /api/health","service":"user-service","timestamp":"2025-07-14 04:54:43"}
{"ip":"::1","level":"info","message":"GET /api/health","service":"user-service","timestamp":"2025-07-14 04:55:11"}
{"ip":"::1","level":"info","message":"GET /api/health","service":"user-service","timestamp":"2025-07-14 04:55:40"}
{"ip":"::1","level":"info","message":"GET /api/health","service":"user-service","timestamp":"2025-07-14 04:56:09"}
{"ip":"::1","level":"info","message":"GET /api/health","service":"user-service","timestamp":"2025-07-14 04:56:38"}
{"ip":"::1","level":"info","message":"GET /api/health","service":"user-service","timestamp":"2025-07-14 04:57:06"}
{"ip":"::1","level":"info","message":"GET /api/health","service":"user-service","timestamp":"2025-07-14 04:57:35"}
{"ip":"::1","level":"info","message":"GET /api/health","service":"user-service","timestamp":"2025-07-14 04:58:04"}
{"ip":"::1","level":"info","message":"GET /api/health","service":"user-service","timestamp":"2025-07-14 04:58:33"}
{"ip":"::1","level":"info","message":"GET /api/health","service":"user-service","timestamp":"2025-07-14 04:59:01"}
{"ip":"::1","level":"info","message":"GET /api/health","service":"user-service","timestamp":"2025-07-14 04:59:30"}
{"ip":"::1","level":"info","message":"GET /api/health","service":"user-service","timestamp":"2025-07-14 04:59:59"}
{"ip":"::1","level":"info","message":"GET /api/health","service":"user-service","timestamp":"2025-07-14 05:00:27"}
{"ip":"::1","level":"info","message":"GET /api/health","service":"user-service","timestamp":"2025-07-14 05:00:56"}
{"ip":"::1","level":"info","message":"GET /api/health","service":"user-service","timestamp":"2025-07-14 05:01:25"}
{"ip":"::1","level":"info","message":"GET /api/health","service":"user-service","timestamp":"2025-07-14 05:01:54"}
{"ip":"::1","level":"info","message":"GET /api/health","service":"user-service","timestamp":"2025-07-14 05:02:22"}
{"ip":"::1","level":"info","message":"GET /api/health","service":"user-service","timestamp":"2025-07-14 05:02:51"}
{"ip":"::1","level":"info","message":"GET /api/health","service":"user-service","timestamp":"2025-07-14 05:03:20"}
{"ip":"::1","level":"info","message":"GET /api/health","service":"user-service","timestamp":"2025-07-14 05:03:49"}
{"ip":"::1","level":"info","message":"GET /api/health","service":"user-service","timestamp":"2025-07-14 05:04:17"}
{"ip":"::1","level":"info","message":"GET /api/health","service":"user-service","timestamp":"2025-07-14 05:04:46"}
{"ip":"::1","level":"info","message":"GET /api/health","service":"user-service","timestamp":"2025-07-14 05:05:15"}
{"ip":"::1","level":"info","message":"GET /api/health","service":"user-service","timestamp":"2025-07-14 05:05:44"}
{"ip":"::1","level":"info","message":"GET /api/health","service":"user-service","timestamp":"2025-07-14 05:06:12"}
{"ip":"::1","level":"info","message":"GET /api/health","service":"user-service","timestamp":"2025-07-14 05:06:41"}
{"ip":"::1","level":"info","message":"GET /api/health","service":"user-service","timestamp":"2025-07-14 05:07:10"}
{"ip":"::1","level":"info","message":"GET /api/health","service":"user-service","timestamp":"2025-07-14 05:07:38"}
{"ip":"::1","level":"info","message":"GET /api/health","service":"user-service","timestamp":"2025-07-14 05:08:07"}
{"ip":"::1","level":"info","message":"GET /api/health","service":"user-service","timestamp":"2025-07-14 05:08:36"}
{"ip":"::1","level":"info","message":"GET /api/health","service":"user-service","timestamp":"2025-07-14 05:09:04"}
{"ip":"::1","level":"info","message":"GET /api/health","service":"user-service","timestamp":"2025-07-14 05:09:32"}
{"ip":"::1","level":"info","message":"GET /api/health","service":"user-service","timestamp":"2025-07-14 05:10:02"}
{"ip":"::1","level":"info","message":"GET /api/health","service":"user-service","timestamp":"2025-07-14 05:10:31"}
{"ip":"::1","level":"info","message":"GET /api/health","service":"user-service","timestamp":"2025-07-14 05:10:59"}
{"ip":"::1","level":"info","message":"GET /api/health","service":"user-service","timestamp":"2025-07-14 05:11:28"}
{"ip":"::1","level":"info","message":"GET /api/health","service":"user-service","timestamp":"2025-07-14 05:11:57"}
{"ip":"::1","level":"info","message":"GET /api/health","service":"user-service","timestamp":"2025-07-14 05:12:26"}
{"ip":"::1","level":"info","message":"GET /api/health","service":"user-service","timestamp":"2025-07-14 05:12:54"}
{"ip":"::1","level":"info","message":"GET /api/health","service":"user-service","timestamp":"2025-07-14 05:13:23"}
{"ip":"::1","level":"info","message":"GET /api/health","service":"user-service","timestamp":"2025-07-14 05:13:52"}
{"ip":"::1","level":"info","message":"GET /api/health","service":"user-service","timestamp":"2025-07-14 05:14:20"}
{"ip":"::1","level":"info","message":"GET /api/health","service":"user-service","timestamp":"2025-07-14 05:14:49"}
{"ip":"::1","level":"info","message":"GET /api/health","service":"user-service","timestamp":"2025-07-14 05:15:18"}
{"ip":"::1","level":"info","message":"GET /api/health","service":"user-service","timestamp":"2025-07-14 05:15:47"}
{"ip":"::1","level":"info","message":"GET /api/health","service":"user-service","timestamp":"2025-07-14 05:16:15"}
{"ip":"::1","level":"info","message":"GET /api/health","service":"user-service","timestamp":"2025-07-14 05:16:44"}
{"ip":"::1","level":"info","message":"GET /api/health","service":"user-service","timestamp":"2025-07-14 05:17:13"}
{"ip":"::1","level":"info","message":"GET /api/health","service":"user-service","timestamp":"2025-07-14 05:17:41"}
{"ip":"::1","level":"info","message":"GET /api/health","service":"user-service","timestamp":"2025-07-14 05:18:10"}
{"ip":"::1","level":"info","message":"GET /api/health","service":"user-service","timestamp":"2025-07-14 05:18:39"}
{"ip":"::1","level":"info","message":"GET /api/health","service":"user-service","timestamp":"2025-07-14 05:19:08"}
{"ip":"::1","level":"info","message":"GET /api/health","service":"user-service","timestamp":"2025-07-14 05:19:36"}
{"ip":"::1","level":"info","message":"GET /api/health","service":"user-service","timestamp":"2025-07-14 05:20:05"}
{"ip":"::1","level":"info","message":"GET /api/health","service":"user-service","timestamp":"2025-07-14 05:20:34"}
{"ip":"::1","level":"info","message":"GET /api/health","service":"user-service","timestamp":"2025-07-14 05:21:02"}
{"ip":"::1","level":"info","message":"GET /api/health","service":"user-service","timestamp":"2025-07-14 05:21:31"}
{"ip":"::1","level":"info","message":"GET /api/health","service":"user-service","timestamp":"2025-07-14 05:22:00"}
{"ip":"::1","level":"info","message":"GET /api/health","service":"user-service","timestamp":"2025-07-14 05:22:28"}
{"ip":"::1","level":"info","message":"GET /api/health","service":"user-service","timestamp":"2025-07-14 05:22:57"}
{"ip":"::1","level":"info","message":"GET /api/health","service":"user-service","timestamp":"2025-07-14 05:23:26"}
{"ip":"::1","level":"info","message":"GET /api/health","service":"user-service","timestamp":"2025-07-14 05:23:54"}
{"ip":"::1","level":"info","message":"GET /api/health","service":"user-service","timestamp":"2025-07-14 05:24:23"}
{"ip":"::1","level":"info","message":"GET /api/health","service":"user-service","timestamp":"2025-07-14 05:24:52"}
{"ip":"::1","level":"info","message":"GET /api/health","service":"user-service","timestamp":"2025-07-14 05:25:20"}
{"ip":"::1","level":"info","message":"GET /api/health","service":"user-service","timestamp":"2025-07-14 05:25:49"}
{"ip":"::1","level":"info","message":"GET /api/health","service":"user-service","timestamp":"2025-07-14 05:26:18"}
{"ip":"::1","level":"info","message":"GET /api/health","service":"user-service","timestamp":"2025-07-14 05:26:47"}
{"ip":"::1","level":"info","message":"GET /api/health","service":"user-service","timestamp":"2025-07-14 05:27:15"}
{"ip":"::1","level":"info","message":"GET /api/health","service":"user-service","timestamp":"2025-07-14 05:27:44"}
{"ip":"::1","level":"info","message":"GET /api/health","service":"user-service","timestamp":"2025-07-14 05:28:13"}
{"ip":"::1","level":"info","message":"GET /api/health","service":"user-service","timestamp":"2025-07-14 05:28:41"}
{"ip":"::1","level":"info","message":"GET /api/health","service":"user-service","timestamp":"2025-07-14 05:29:10"}
{"ip":"::1","level":"info","message":"GET /api/health","service":"user-service","timestamp":"2025-07-14 05:29:39"}
{"ip":"::1","level":"info","message":"GET /api/health","service":"user-service","timestamp":"2025-07-14 05:30:07"}
{"ip":"::1","level":"info","message":"GET /api/health","service":"user-service","timestamp":"2025-07-14 05:30:36"}
{"ip":"::1","level":"info","message":"GET /api/health","service":"user-service","timestamp":"2025-07-14 05:31:05"}
{"ip":"::1","level":"info","message":"GET /api/health","service":"user-service","timestamp":"2025-07-14 05:31:34"}
{"ip":"::1","level":"info","message":"GET /api/health","service":"user-service","timestamp":"2025-07-14 05:32:02"}
{"ip":"::1","level":"info","message":"GET /api/health","service":"user-service","timestamp":"2025-07-14 05:32:32"}
{"ip":"::1","level":"info","message":"GET /api/health","service":"user-service","timestamp":"2025-07-14 05:33:00"}
{"ip":"::1","level":"info","message":"GET /api/health","service":"user-service","timestamp":"2025-07-14 05:33:28"}
{"ip":"::1","level":"info","message":"GET /api/health","service":"user-service","timestamp":"2025-07-14 05:33:57"}
{"ip":"::1","level":"info","message":"GET /api/health","service":"user-service","timestamp":"2025-07-14 05:34:25"}
{"ip":"::1","level":"info","message":"GET /api/health","service":"user-service","timestamp":"2025-07-14 05:34:53"}
{"ip":"::1","level":"info","message":"GET /api/health","service":"user-service","timestamp":"2025-07-14 05:35:22"}
{"ip":"::1","level":"info","message":"GET /api/health","service":"user-service","timestamp":"2025-07-14 05:35:51"}
{"ip":"::1","level":"info","message":"GET /api/health","service":"user-service","timestamp":"2025-07-14 05:36:20"}
{"ip":"::1","level":"info","message":"GET /api/health","service":"user-service","timestamp":"2025-07-14 05:36:48"}
{"ip":"::1","level":"info","message":"GET /api/health","service":"user-service","timestamp":"2025-07-14 05:37:17"}
{"ip":"::1","level":"info","message":"GET /api/health","service":"user-service","timestamp":"2025-07-14 05:37:45"}
{"ip":"::1","level":"info","message":"GET /api/health","service":"user-service","timestamp":"2025-07-14 05:38:14"}
{"ip":"::1","level":"info","message":"GET /api/health","service":"user-service","timestamp":"2025-07-14 05:38:43"}
{"ip":"::1","level":"info","message":"GET /api/health","service":"user-service","timestamp":"2025-07-14 05:39:11"}
{"ip":"::1","level":"info","message":"GET /api/health","service":"user-service","timestamp":"2025-07-14 05:39:40"}
{"ip":"::1","level":"info","message":"GET /api/health","service":"user-service","timestamp":"2025-07-14 05:40:09"}
{"ip":"::1","level":"info","message":"GET /api/health","service":"user-service","timestamp":"2025-07-14 05:40:38"}
{"ip":"::1","level":"info","message":"GET /api/health","service":"user-service","timestamp":"2025-07-14 05:41:06"}
{"ip":"::1","level":"info","message":"GET /api/health","service":"user-service","timestamp":"2025-07-14 05:41:35"}
{"ip":"::1","level":"info","message":"GET /api/health","service":"user-service","timestamp":"2025-07-14 05:42:04"}
{"ip":"::1","level":"info","message":"GET /api/health","service":"user-service","timestamp":"2025-07-14 05:42:32"}
{"ip":"::1","level":"info","message":"GET /api/health","service":"user-service","timestamp":"2025-07-14 05:43:01"}
{"ip":"::1","level":"info","message":"GET /api/health","service":"user-service","timestamp":"2025-07-14 05:43:29"}
{"ip":"::1","level":"info","message":"GET /api/health","service":"user-service","timestamp":"2025-07-14 05:43:58"}
{"ip":"::1","level":"info","message":"GET /api/health","service":"user-service","timestamp":"2025-07-14 05:44:27"}
{"ip":"::1","level":"info","message":"GET /api/health","service":"user-service","timestamp":"2025-07-14 05:44:56"}
{"ip":"::1","level":"info","message":"GET /api/health","service":"user-service","timestamp":"2025-07-14 05:45:24"}
{"ip":"::1","level":"info","message":"GET /api/health","service":"user-service","timestamp":"2025-07-14 05:45:53"}
{"ip":"::1","level":"info","message":"GET /api/health","service":"user-service","timestamp":"2025-07-14 05:46:22"}
{"ip":"::1","level":"info","message":"GET /api/health","service":"user-service","timestamp":"2025-07-14 05:46:50"}
{"ip":"::1","level":"info","message":"GET /api/health","service":"user-service","timestamp":"2025-07-14 05:47:19"}
{"ip":"::1","level":"info","message":"GET /api/health","service":"user-service","timestamp":"2025-07-14 05:47:48"}
{"ip":"::1","level":"info","message":"GET /api/health","service":"user-service","timestamp":"2025-07-14 05:48:16"}
{"ip":"::1","level":"info","message":"GET /api/health","service":"user-service","timestamp":"2025-07-14 05:48:46"}
{"ip":"::1","level":"info","message":"GET /api/health","service":"user-service","timestamp":"2025-07-14 05:49:14"}
{"ip":"::1","level":"info","message":"GET /api/health","service":"user-service","timestamp":"2025-07-14 05:49:42"}
{"ip":"::1","level":"info","message":"GET /api/health","service":"user-service","timestamp":"2025-07-14 05:50:11"}
{"ip":"::1","level":"info","message":"GET /api/health","service":"user-service","timestamp":"2025-07-14 05:50:40"}
{"ip":"::1","level":"info","message":"GET /api/health","service":"user-service","timestamp":"2025-07-14 05:51:08"}
{"ip":"::1","level":"info","message":"GET /api/health","service":"user-service","timestamp":"2025-07-14 05:51:37"}
{"ip":"::1","level":"info","message":"GET /api/health","service":"user-service","timestamp":"2025-07-14 05:52:07"}
{"ip":"::1","level":"info","message":"GET /api/health","service":"user-service","timestamp":"2025-07-14 05:52:35"}
{"ip":"::1","level":"info","message":"GET /api/health","service":"user-service","timestamp":"2025-07-14 05:53:03"}
{"ip":"::1","level":"info","message":"GET /api/health","service":"user-service","timestamp":"2025-07-14 05:53:32"}
{"ip":"::1","level":"info","message":"GET /api/health","service":"user-service","timestamp":"2025-07-14 05:54:01"}
{"ip":"::1","level":"info","message":"GET /api/health","service":"user-service","timestamp":"2025-07-14 05:54:30"}
{"ip":"::1","level":"info","message":"GET /api/health","service":"user-service","timestamp":"2025-07-14 05:54:58"}
{"ip":"::1","level":"info","message":"GET /api/health","service":"user-service","timestamp":"2025-07-14 05:55:27"}
{"ip":"::1","level":"info","message":"GET /api/health","service":"user-service","timestamp":"2025-07-14 05:55:56"}
{"ip":"::1","level":"info","message":"GET /api/health","service":"user-service","timestamp":"2025-07-14 05:56:25"}
{"ip":"::1","level":"info","message":"GET /api/health","service":"user-service","timestamp":"2025-07-14 05:56:53"}
{"ip":"::1","level":"info","message":"GET /api/health","service":"user-service","timestamp":"2025-07-14 05:57:22"}
{"ip":"::1","level":"info","message":"GET /api/health","service":"user-service","timestamp":"2025-07-14 05:57:51"}
{"ip":"::1","level":"info","message":"GET /api/health","service":"user-service","timestamp":"2025-07-14 05:58:19"}
{"ip":"::1","level":"info","message":"GET /api/health","service":"user-service","timestamp":"2025-07-14 05:58:48"}
{"ip":"::1","level":"info","message":"GET /api/health","service":"user-service","timestamp":"2025-07-14 05:59:17"}
{"ip":"::1","level":"info","message":"GET /api/health","service":"user-service","timestamp":"2025-07-14 05:59:46"}
{"ip":"::1","level":"info","message":"GET /api/health","service":"user-service","timestamp":"2025-07-14 06:00:14"}
{"ip":"::1","level":"info","message":"GET /api/health","service":"user-service","timestamp":"2025-07-14 06:00:43"}
{"ip":"::1","level":"info","message":"GET /api/health","service":"user-service","timestamp":"2025-07-14 06:01:12"}
{"ip":"::1","level":"info","message":"GET /api/health","service":"user-service","timestamp":"2025-07-14 06:01:41"}
{"ip":"::1","level":"info","message":"GET /api/health","service":"user-service","timestamp":"2025-07-14 06:02:09"}
{"ip":"::1","level":"info","message":"GET /api/health","service":"user-service","timestamp":"2025-07-14 06:02:38"}
{"ip":"::1","level":"info","message":"GET /api/health","service":"user-service","timestamp":"2025-07-14 06:03:07"}
{"ip":"::1","level":"info","message":"GET /api/health","service":"user-service","timestamp":"2025-07-14 06:03:35"}
{"ip":"::1","level":"info","message":"GET /api/health","service":"user-service","timestamp":"2025-07-14 06:04:05"}
{"ip":"::1","level":"info","message":"GET /api/health","service":"user-service","timestamp":"2025-07-14 06:04:33"}
{"ip":"::1","level":"info","message":"GET /api/health","service":"user-service","timestamp":"2025-07-14 06:05:01"}
{"ip":"::1","level":"info","message":"GET /api/health","service":"user-service","timestamp":"2025-07-14 06:05:30"}
{"ip":"::1","level":"info","message":"GET /api/health","service":"user-service","timestamp":"2025-07-14 06:05:59"}
{"ip":"::1","level":"info","message":"GET /api/health","service":"user-service","timestamp":"2025-07-14 06:06:28"}
{"ip":"::1","level":"info","message":"GET /api/health","service":"user-service","timestamp":"2025-07-14 06:06:56"}
{"ip":"::1","level":"info","message":"GET /api/health","service":"user-service","timestamp":"2025-07-14 06:07:25"}
{"ip":"::1","level":"info","message":"GET /api/health","service":"user-service","timestamp":"2025-07-14 06:07:55"}
{"ip":"::1","level":"info","message":"GET /api/health","service":"user-service","timestamp":"2025-07-14 06:08:23"}
{"ip":"::1","level":"info","message":"GET /api/health","service":"user-service","timestamp":"2025-07-14 06:08:51"}
{"ip":"::1","level":"info","message":"GET /api/health","service":"user-service","timestamp":"2025-07-14 06:09:20"}
{"ip":"::1","level":"info","message":"GET /api/health","service":"user-service","timestamp":"2025-07-14 06:09:49"}
{"ip":"::1","level":"info","message":"GET /api/health","service":"user-service","timestamp":"2025-07-14 06:10:17"}
{"ip":"::1","level":"info","message":"GET /api/health","service":"user-service","timestamp":"2025-07-14 06:10:46"}
{"ip":"::1","level":"info","message":"GET /api/health","service":"user-service","timestamp":"2025-07-14 06:11:15"}
{"ip":"::1","level":"info","message":"GET /api/health","service":"user-service","timestamp":"2025-07-14 06:11:44"}
{"ip":"::1","level":"info","message":"GET /api/health","service":"user-service","timestamp":"2025-07-14 06:12:12"}
{"ip":"::1","level":"info","message":"GET /api/health","service":"user-service","timestamp":"2025-07-14 06:12:41"}
{"ip":"::1","level":"info","message":"GET /api/health","service":"user-service","timestamp":"2025-07-14 06:13:10"}
{"ip":"::1","level":"info","message":"GET /api/health","service":"user-service","timestamp":"2025-07-14 06:13:39"}
{"ip":"::1","level":"info","message":"GET /api/health","service":"user-service","timestamp":"2025-07-14 06:14:07"}
{"ip":"::1","level":"info","message":"GET /api/health","service":"user-service","timestamp":"2025-07-14 06:14:36"}
{"ip":"::1","level":"info","message":"GET /api/health","service":"user-service","timestamp":"2025-07-14 06:15:05"}
{"ip":"::1","level":"info","message":"GET /api/health","service":"user-service","timestamp":"2025-07-14 06:15:34"}
{"ip":"::1","level":"info","message":"GET /api/health","service":"user-service","timestamp":"2025-07-14 06:16:02"}
{"ip":"::1","level":"info","message":"GET /api/health","service":"user-service","timestamp":"2025-07-14 06:16:31"}
{"ip":"::1","level":"info","message":"GET /api/health","service":"user-service","timestamp":"2025-07-14 06:17:00"}
{"ip":"::1","level":"info","message":"GET /api/health","service":"user-service","timestamp":"2025-07-14 06:17:29"}
{"ip":"::1","level":"info","message":"GET /api/health","service":"user-service","timestamp":"2025-07-14 06:17:57"}
{"ip":"::1","level":"info","message":"GET /api/health","service":"user-service","timestamp":"2025-07-14 06:18:26"}
{"ip":"::1","level":"info","message":"GET /api/health","service":"user-service","timestamp":"2025-07-14 06:18:54"}
{"ip":"::1","level":"info","message":"GET /api/health","service":"user-service","timestamp":"2025-07-14 06:19:24"}
{"ip":"::1","level":"info","message":"GET /api/health","service":"user-service","timestamp":"2025-07-14 06:19:52"}
{"ip":"::1","level":"info","message":"GET /api/health","service":"user-service","timestamp":"2025-07-14 06:20:21"}
{"ip":"::1","level":"info","message":"GET /api/health","service":"user-service","timestamp":"2025-07-14 06:20:50"}
{"ip":"::1","level":"info","message":"GET /api/health","service":"user-service","timestamp":"2025-07-14 06:21:19"}
{"ip":"::1","level":"info","message":"GET /api/health","service":"user-service","timestamp":"2025-07-14 06:21:47"}
{"ip":"::1","level":"info","message":"GET /api/health","service":"user-service","timestamp":"2025-07-14 06:22:16"}
{"ip":"::1","level":"info","message":"GET /api/health","service":"user-service","timestamp":"2025-07-14 06:22:45"}
{"ip":"::1","level":"info","message":"GET /api/health","service":"user-service","timestamp":"2025-07-14 06:23:14"}
{"ip":"::1","level":"info","message":"GET /api/health","service":"user-service","timestamp":"2025-07-14 06:23:42"}
{"ip":"::1","level":"info","message":"GET /api/health","service":"user-service","timestamp":"2025-07-14 06:24:11"}
{"ip":"::1","level":"info","message":"GET /api/health","service":"user-service","timestamp":"2025-07-14 06:24:40"}
{"ip":"::1","level":"info","message":"GET /api/health","service":"user-service","timestamp":"2025-07-14 06:25:08"}
{"ip":"::1","level":"info","message":"GET /api/health","service":"user-service","timestamp":"2025-07-14 06:25:37"}
{"ip":"::1","level":"info","message":"GET /api/health","service":"user-service","timestamp":"2025-07-14 06:26:06"}
{"ip":"::1","level":"info","message":"GET /api/health","service":"user-service","timestamp":"2025-07-14 06:26:35"}
{"ip":"::1","level":"info","message":"GET /api/health","service":"user-service","timestamp":"2025-07-14 06:27:03"}
{"ip":"::1","level":"info","message":"GET /api/health","service":"user-service","timestamp":"2025-07-14 06:27:32"}
{"ip":"::1","level":"info","message":"GET /api/health","service":"user-service","timestamp":"2025-07-14 06:28:01"}
{"ip":"::1","level":"info","message":"GET /api/health","service":"user-service","timestamp":"2025-07-14 06:28:30"}
{"ip":"::1","level":"info","message":"GET /api/health","service":"user-service","timestamp":"2025-07-14 06:28:58"}
{"ip":"::1","level":"info","message":"GET /api/health","service":"user-service","timestamp":"2025-07-14 06:29:27"}
{"ip":"::1","level":"info","message":"GET /api/health","service":"user-service","timestamp":"2025-07-14 06:29:56"}
{"ip":"::1","level":"info","message":"GET /api/health","service":"user-service","timestamp":"2025-07-14 06:30:25"}
{"ip":"::1","level":"info","message":"GET /api/health","service":"user-service","timestamp":"2025-07-14 06:30:53"}
{"ip":"::1","level":"info","message":"GET /api/health","service":"user-service","timestamp":"2025-07-14 06:31:22"}
{"ip":"::1","level":"info","message":"GET /api/health","service":"user-service","timestamp":"2025-07-14 06:31:51"}
{"ip":"::1","level":"info","message":"GET /api/health","service":"user-service","timestamp":"2025-07-14 06:32:20"}
{"ip":"::1","level":"info","message":"GET /api/health","service":"user-service","timestamp":"2025-07-14 06:32:48"}
{"ip":"::1","level":"info","message":"GET /api/health","service":"user-service","timestamp":"2025-07-14 06:33:17"}
{"ip":"::1","level":"info","message":"GET /api/health","service":"user-service","timestamp":"2025-07-14 06:33:46"}
{"ip":"::1","level":"info","message":"GET /api/health","service":"user-service","timestamp":"2025-07-14 06:34:15"}
{"ip":"::1","level":"info","message":"GET /api/health","service":"user-service","timestamp":"2025-07-14 06:34:43"}
{"ip":"::1","level":"info","message":"GET /api/health","service":"user-service","timestamp":"2025-07-14 06:35:12"}
{"ip":"::1","level":"info","message":"GET /api/health","service":"user-service","timestamp":"2025-07-14 06:35:41"}
{"ip":"::1","level":"info","message":"GET /api/health","service":"user-service","timestamp":"2025-07-14 06:36:10"}
{"ip":"::1","level":"info","message":"GET /api/health","service":"user-service","timestamp":"2025-07-14 06:36:38"}
{"ip":"::1","level":"info","message":"GET /api/health","service":"user-service","timestamp":"2025-07-14 06:37:07"}
{"ip":"::1","level":"info","message":"GET /api/health","service":"user-service","timestamp":"2025-07-14 06:37:36"}
{"ip":"::1","level":"info","message":"GET /api/health","service":"user-service","timestamp":"2025-07-14 06:38:05"}
{"ip":"::1","level":"info","message":"GET /api/health","service":"user-service","timestamp":"2025-07-14 06:38:34"}
{"ip":"::1","level":"info","message":"GET /api/health","service":"user-service","timestamp":"2025-07-14 06:39:02"}
{"ip":"::1","level":"info","message":"GET /api/health","service":"user-service","timestamp":"2025-07-14 06:39:30"}
{"ip":"::1","level":"info","message":"GET /api/health","service":"user-service","timestamp":"2025-07-14 06:40:00"}
{"ip":"::1","level":"info","message":"GET /api/health","service":"user-service","timestamp":"2025-07-14 06:40:28"}
{"ip":"::1","level":"info","message":"GET /api/health","service":"user-service","timestamp":"2025-07-14 06:40:58"}
{"ip":"::1","level":"info","message":"GET /api/health","service":"user-service","timestamp":"2025-07-14 06:41:26"}
{"ip":"::1","level":"info","message":"GET /api/health","service":"user-service","timestamp":"2025-07-14 06:41:55"}
{"ip":"::1","level":"info","message":"GET /api/health","service":"user-service","timestamp":"2025-07-14 06:42:23"}
{"ip":"::1","level":"info","message":"GET /api/health","service":"user-service","timestamp":"2025-07-14 06:42:52"}
{"ip":"::1","level":"info","message":"GET /api/health","service":"user-service","timestamp":"2025-07-14 06:43:22"}
{"ip":"::1","level":"info","message":"GET /api/health","service":"user-service","timestamp":"2025-07-14 06:43:50"}
{"ip":"::1","level":"info","message":"GET /api/health","service":"user-service","timestamp":"2025-07-14 06:44:19"}
{"ip":"::1","level":"info","message":"GET /api/health","service":"user-service","timestamp":"2025-07-14 06:44:48"}
{"ip":"::1","level":"info","message":"GET /api/health","service":"user-service","timestamp":"2025-07-14 06:45:16"}
{"ip":"::1","level":"info","message":"GET /api/health","service":"user-service","timestamp":"2025-07-14 06:45:45"}
{"ip":"::1","level":"info","message":"GET /api/health","service":"user-service","timestamp":"2025-07-14 06:46:13"}
{"ip":"::1","level":"info","message":"GET /api/health","service":"user-service","timestamp":"2025-07-14 06:46:42"}
{"ip":"::1","level":"info","message":"GET /api/health","service":"user-service","timestamp":"2025-07-14 06:47:11"}
{"ip":"::1","level":"info","message":"GET /api/health","service":"user-service","timestamp":"2025-07-14 06:47:40"}
{"ip":"::1","level":"info","message":"GET /api/health","service":"user-service","timestamp":"2025-07-14 06:48:08"}
{"ip":"::1","level":"info","message":"GET /api/health","service":"user-service","timestamp":"2025-07-14 06:48:37"}
{"ip":"::1","level":"info","message":"GET /api/health","service":"user-service","timestamp":"2025-07-14 06:49:07"}
{"ip":"::1","level":"info","message":"GET /api/health","service":"user-service","timestamp":"2025-07-14 06:49:35"}
{"ip":"::1","level":"info","message":"GET /api/health","service":"user-service","timestamp":"2025-07-14 06:50:03"}
{"ip":"::1","level":"info","message":"GET /api/health","service":"user-service","timestamp":"2025-07-14 06:50:32"}
{"ip":"::1","level":"info","message":"GET /api/health","service":"user-service","timestamp":"2025-07-14 06:51:01"}
{"ip":"::1","level":"info","message":"GET /api/health","service":"user-service","timestamp":"2025-07-14 06:51:30"}
{"ip":"::1","level":"info","message":"GET /api/health","service":"user-service","timestamp":"2025-07-14 06:51:59"}
{"ip":"::1","level":"info","message":"GET /api/health","service":"user-service","timestamp":"2025-07-14 06:52:27"}
{"ip":"::1","level":"info","message":"GET /api/health","service":"user-service","timestamp":"2025-07-14 06:52:56"}
{"ip":"::1","level":"info","message":"GET /api/health","service":"user-service","timestamp":"2025-07-14 06:53:25"}
{"ip":"::1","level":"info","message":"GET /api/health","service":"user-service","timestamp":"2025-07-14 06:53:54"}
{"ip":"::1","level":"info","message":"GET /api/health","service":"user-service","timestamp":"2025-07-14 06:54:23"}
{"ip":"::1","level":"info","message":"GET /api/health","service":"user-service","timestamp":"2025-07-14 06:54:51"}
{"ip":"::1","level":"info","message":"GET /api/health","service":"user-service","timestamp":"2025-07-14 06:55:20"}
{"ip":"::1","level":"info","message":"GET /api/health","service":"user-service","timestamp":"2025-07-14 06:55:49"}
{"ip":"::1","level":"info","message":"GET /api/health","service":"user-service","timestamp":"2025-07-14 06:56:18"}
{"ip":"::1","level":"info","message":"GET /api/health","service":"user-service","timestamp":"2025-07-14 06:56:47"}
{"ip":"::1","level":"info","message":"GET /api/health","service":"user-service","timestamp":"2025-07-14 06:57:16"}
{"ip":"::1","level":"info","message":"GET /api/health","service":"user-service","timestamp":"2025-07-14 06:57:44"}
{"ip":"::1","level":"info","message":"GET /api/health","service":"user-service","timestamp":"2025-07-14 06:58:13"}
{"ip":"::1","level":"info","message":"GET /api/health","service":"user-service","timestamp":"2025-07-14 06:58:42"}
{"ip":"::1","level":"info","message":"GET /api/health","service":"user-service","timestamp":"2025-07-14 06:59:11"}
{"ip":"::1","level":"info","message":"GET /api/health","service":"user-service","timestamp":"2025-07-14 06:59:40"}
{"ip":"::1","level":"info","message":"GET /api/health","service":"user-service","timestamp":"2025-07-14 07:00:08"}
{"ip":"::1","level":"info","message":"GET /api/health","service":"user-service","timestamp":"2025-07-14 07:00:37"}
{"ip":"::1","level":"info","message":"GET /api/health","service":"user-service","timestamp":"2025-07-14 07:01:06"}
{"ip":"::1","level":"info","message":"GET /api/health","service":"user-service","timestamp":"2025-07-14 07:01:35"}
{"ip":"::1","level":"info","message":"GET /api/health","service":"user-service","timestamp":"2025-07-14 07:02:04"}
{"ip":"::1","level":"info","message":"GET /api/health","service":"user-service","timestamp":"2025-07-14 07:02:32"}
{"ip":"::1","level":"info","message":"GET /api/health","service":"user-service","timestamp":"2025-07-14 07:03:01"}
{"ip":"::1","level":"info","message":"GET /api/health","service":"user-service","timestamp":"2025-07-14 07:03:30"}
{"ip":"::1","level":"info","message":"GET /api/health","service":"user-service","timestamp":"2025-07-14 07:03:59"}
{"ip":"::1","level":"info","message":"GET /api/health","service":"user-service","timestamp":"2025-07-14 07:04:27"}
{"ip":"::1","level":"info","message":"GET /api/health","service":"user-service","timestamp":"2025-07-14 07:04:56"}
{"ip":"::1","level":"info","message":"GET /api/health","service":"user-service","timestamp":"2025-07-14 07:05:25"}
{"ip":"::1","level":"info","message":"GET /api/health","service":"user-service","timestamp":"2025-07-14 07:05:54"}
{"ip":"::1","level":"info","message":"GET /api/health","service":"user-service","timestamp":"2025-07-14 07:06:23"}
{"ip":"::1","level":"info","message":"GET /api/health","service":"user-service","timestamp":"2025-07-14 07:06:51"}
{"ip":"::1","level":"info","message":"GET /api/health","service":"user-service","timestamp":"2025-07-14 07:07:20"}
{"ip":"::1","level":"info","message":"GET /api/health","service":"user-service","timestamp":"2025-07-14 07:07:50"}
{"ip":"::1","level":"info","message":"GET /api/health","service":"user-service","timestamp":"2025-07-14 07:08:18"}
{"ip":"::1","level":"info","message":"GET /api/health","service":"user-service","timestamp":"2025-07-14 07:08:47"}
{"ip":"::1","level":"info","message":"GET /api/health","service":"user-service","timestamp":"2025-07-14 07:09:16"}
{"ip":"::1","level":"info","message":"GET /api/health","service":"user-service","timestamp":"2025-07-14 07:09:44"}
{"ip":"::1","level":"info","message":"GET /api/health","service":"user-service","timestamp":"2025-07-14 07:10:13"}
{"ip":"::1","level":"info","message":"GET /api/health","service":"user-service","timestamp":"2025-07-14 07:10:42"}
{"ip":"::1","level":"info","message":"GET /api/health","service":"user-service","timestamp":"2025-07-14 07:11:11"}
{"ip":"::1","level":"info","message":"GET /api/health","service":"user-service","timestamp":"2025-07-14 07:11:40"}
{"ip":"::1","level":"info","message":"GET /api/health","service":"user-service","timestamp":"2025-07-14 07:12:09"}
{"ip":"::1","level":"info","message":"GET /api/health","service":"user-service","timestamp":"2025-07-14 07:12:37"}
{"ip":"::1","level":"info","message":"GET /api/health","service":"user-service","timestamp":"2025-07-14 07:13:06"}
{"ip":"::1","level":"info","message":"GET /api/health","service":"user-service","timestamp":"2025-07-14 07:13:35"}
{"ip":"::1","level":"info","message":"GET /api/health","service":"user-service","timestamp":"2025-07-14 07:14:04"}
{"ip":"::1","level":"info","message":"GET /api/health","service":"user-service","timestamp":"2025-07-14 07:14:33"}
{"ip":"::1","level":"info","message":"GET /api/health","service":"user-service","timestamp":"2025-07-14 07:15:02"}
{"ip":"::1","level":"info","message":"GET /api/health","service":"user-service","timestamp":"2025-07-14 07:15:30"}
{"ip":"::1","level":"info","message":"GET /api/health","service":"user-service","timestamp":"2025-07-14 07:15:59"}
{"ip":"::1","level":"info","message":"GET /api/health","service":"user-service","timestamp":"2025-07-14 07:16:28"}
{"ip":"::1","level":"info","message":"GET /api/health","service":"user-service","timestamp":"2025-07-14 07:16:57"}
{"ip":"::1","level":"info","message":"GET /api/health","service":"user-service","timestamp":"2025-07-14 07:17:26"}
{"ip":"::1","level":"info","message":"GET /api/health","service":"user-service","timestamp":"2025-07-14 07:17:55"}
{"ip":"::1","level":"info","message":"GET /api/health","service":"user-service","timestamp":"2025-07-14 07:18:23"}
{"ip":"::1","level":"info","message":"GET /api/health","service":"user-service","timestamp":"2025-07-14 07:18:52"}
{"ip":"::1","level":"info","message":"GET /api/health","service":"user-service","timestamp":"2025-07-14 07:19:21"}
{"ip":"::1","level":"info","message":"GET /api/health","service":"user-service","timestamp":"2025-07-14 07:19:50"}
{"ip":"::1","level":"info","message":"GET /api/health","service":"user-service","timestamp":"2025-07-14 07:20:19"}
{"ip":"::1","level":"info","message":"GET /api/health","service":"user-service","timestamp":"2025-07-14 07:20:48"}
{"ip":"::1","level":"info","message":"GET /api/health","service":"user-service","timestamp":"2025-07-14 07:21:16"}
{"ip":"::1","level":"info","message":"GET /api/health","service":"user-service","timestamp":"2025-07-14 07:21:45"}
{"ip":"::1","level":"info","message":"GET /api/health","service":"user-service","timestamp":"2025-07-14 07:22:14"}
{"ip":"::1","level":"info","message":"GET /api/health","service":"user-service","timestamp":"2025-07-14 07:22:43"}
{"ip":"::1","level":"info","message":"GET /api/health","service":"user-service","timestamp":"2025-07-14 07:23:12"}
{"ip":"::1","level":"info","message":"GET /api/health","service":"user-service","timestamp":"2025-07-14 07:23:41"}
{"ip":"::1","level":"info","message":"GET /api/health","service":"user-service","timestamp":"2025-07-14 07:24:09"}
{"ip":"::1","level":"info","message":"GET /api/health","service":"user-service","timestamp":"2025-07-14 07:24:38"}
{"ip":"::1","level":"info","message":"GET /api/health","service":"user-service","timestamp":"2025-07-14 07:25:07"}
{"ip":"::1","level":"info","message":"GET /api/health","service":"user-service","timestamp":"2025-07-14 07:25:36"}
{"ip":"::1","level":"info","message":"GET /api/health","service":"user-service","timestamp":"2025-07-14 07:26:05"}
{"ip":"::1","level":"info","message":"GET /api/health","service":"user-service","timestamp":"2025-07-14 07:26:34"}
{"ip":"::1","level":"info","message":"GET /api/health","service":"user-service","timestamp":"2025-07-14 07:27:02"}
{"ip":"::1","level":"info","message":"GET /api/health","service":"user-service","timestamp":"2025-07-14 07:27:31"}
{"ip":"::1","level":"info","message":"GET /api/health","service":"user-service","timestamp":"2025-07-14 07:28:00"}
{"ip":"::1","level":"info","message":"GET /api/health","service":"user-service","timestamp":"2025-07-14 07:28:29"}
{"ip":"::1","level":"info","message":"GET /api/health","service":"user-service","timestamp":"2025-07-14 07:28:58"}
{"ip":"::1","level":"info","message":"GET /api/health","service":"user-service","timestamp":"2025-07-14 07:29:27"}
{"ip":"::1","level":"info","message":"GET /api/health","service":"user-service","timestamp":"2025-07-14 07:29:55"}
{"ip":"::1","level":"info","message":"GET /api/health","service":"user-service","timestamp":"2025-07-14 07:30:24"}
{"ip":"::1","level":"info","message":"GET /api/health","service":"user-service","timestamp":"2025-07-14 07:30:53"}
{"ip":"::1","level":"info","message":"GET /api/health","service":"user-service","timestamp":"2025-07-14 07:31:22"}
{"ip":"::1","level":"info","message":"GET /api/health","service":"user-service","timestamp":"2025-07-14 07:31:50"}
{"ip":"::1","level":"info","message":"GET /api/health","service":"user-service","timestamp":"2025-07-14 07:32:20"}
{"ip":"::1","level":"info","message":"GET /api/health","service":"user-service","timestamp":"2025-07-14 07:32:48"}
{"ip":"::1","level":"info","message":"GET /api/health","service":"user-service","timestamp":"2025-07-14 07:33:17"}
{"ip":"::1","level":"info","message":"GET /api/health","service":"user-service","timestamp":"2025-07-14 07:33:46"}
{"ip":"::1","level":"info","message":"GET /api/health","service":"user-service","timestamp":"2025-07-14 07:34:15"}
{"ip":"::1","level":"info","message":"GET /api/health","service":"user-service","timestamp":"2025-07-14 07:34:44"}
{"ip":"::1","level":"info","message":"GET /api/health","service":"user-service","timestamp":"2025-07-14 07:35:12"}
{"ip":"::1","level":"info","message":"GET /api/health","service":"user-service","timestamp":"2025-07-14 07:35:41"}
{"ip":"::1","level":"info","message":"GET /api/health","service":"user-service","timestamp":"2025-07-14 07:36:10"}
{"ip":"::1","level":"info","message":"GET /api/health","service":"user-service","timestamp":"2025-07-14 07:36:39"}
{"ip":"::1","level":"info","message":"GET /api/health","service":"user-service","timestamp":"2025-07-14 07:37:08"}
{"ip":"::1","level":"info","message":"GET /api/health","service":"user-service","timestamp":"2025-07-14 07:37:36"}
{"ip":"::1","level":"info","message":"GET /api/health","service":"user-service","timestamp":"2025-07-14 07:38:05"}
{"ip":"::1","level":"info","message":"GET /api/health","service":"user-service","timestamp":"2025-07-14 07:38:34"}
{"ip":"::1","level":"info","message":"GET /api/health","service":"user-service","timestamp":"2025-07-14 07:39:03"}
{"ip":"::1","level":"info","message":"GET /api/health","service":"user-service","timestamp":"2025-07-14 07:39:32"}
{"ip":"::1","level":"info","message":"GET /api/health","service":"user-service","timestamp":"2025-07-14 07:40:00"}
{"ip":"::1","level":"info","message":"GET /api/health","service":"user-service","timestamp":"2025-07-14 07:40:29"}
{"ip":"::1","level":"info","message":"GET /api/health","service":"user-service","timestamp":"2025-07-14 07:40:58"}
{"ip":"::1","level":"info","message":"GET /api/health","service":"user-service","timestamp":"2025-07-14 07:41:27"}
{"ip":"::1","level":"info","message":"GET /api/health","service":"user-service","timestamp":"2025-07-14 07:41:56"}
{"ip":"::1","level":"info","message":"GET /api/health","service":"user-service","timestamp":"2025-07-14 07:42:25"}
{"ip":"::1","level":"info","message":"GET /api/health","service":"user-service","timestamp":"2025-07-14 07:42:53"}
{"ip":"::1","level":"info","message":"GET /api/health","service":"user-service","timestamp":"2025-07-14 07:43:22"}
{"ip":"::1","level":"info","message":"GET /api/health","service":"user-service","timestamp":"2025-07-14 07:43:51"}
{"ip":"::1","level":"info","message":"GET /api/health","service":"user-service","timestamp":"2025-07-14 07:44:20"}
{"ip":"::1","level":"info","message":"GET /api/health","service":"user-service","timestamp":"2025-07-14 07:44:49"}
{"ip":"::1","level":"info","message":"GET /api/health","service":"user-service","timestamp":"2025-07-14 07:45:18"}
{"ip":"::1","level":"info","message":"GET /api/health","service":"user-service","timestamp":"2025-07-14 07:45:46"}
{"ip":"::1","level":"info","message":"GET /api/health","service":"user-service","timestamp":"2025-07-14 07:46:15"}
{"ip":"::1","level":"info","message":"GET /api/health","service":"user-service","timestamp":"2025-07-14 07:46:44"}
{"ip":"::1","level":"info","message":"GET /api/health","service":"user-service","timestamp":"2025-07-14 07:47:13"}
{"ip":"::1","level":"info","message":"GET /api/health","service":"user-service","timestamp":"2025-07-14 07:47:42"}
{"ip":"::1","level":"info","message":"GET /api/health","service":"user-service","timestamp":"2025-07-14 07:48:10"}
{"ip":"::1","level":"info","message":"GET /api/health","service":"user-service","timestamp":"2025-07-14 07:48:39"}
{"ip":"::1","level":"info","message":"GET /api/health","service":"user-service","timestamp":"2025-07-14 07:49:08"}
{"ip":"::1","level":"info","message":"GET /api/health","service":"user-service","timestamp":"2025-07-14 07:49:37"}
{"ip":"::1","level":"info","message":"GET /api/health","service":"user-service","timestamp":"2025-07-14 07:50:06"}
{"ip":"::1","level":"info","message":"GET /api/health","service":"user-service","timestamp":"2025-07-14 07:50:35"}
{"ip":"::1","level":"info","message":"GET /api/health","service":"user-service","timestamp":"2025-07-14 07:51:03"}
{"ip":"::1","level":"info","message":"GET /api/health","service":"user-service","timestamp":"2025-07-14 07:51:32"}
{"ip":"::1","level":"info","message":"GET /api/health","service":"user-service","timestamp":"2025-07-14 07:52:01"}
{"ip":"::1","level":"info","message":"GET /api/health","service":"user-service","timestamp":"2025-07-14 07:52:30"}
{"ip":"::1","level":"info","message":"GET /api/health","service":"user-service","timestamp":"2025-07-14 07:52:59"}
{"ip":"::1","level":"info","message":"GET /api/health","service":"user-service","timestamp":"2025-07-14 07:53:27"}
{"ip":"::1","level":"info","message":"GET /api/health","service":"user-service","timestamp":"2025-07-14 07:53:56"}
{"ip":"::1","level":"info","message":"GET /api/health","service":"user-service","timestamp":"2025-07-14 07:54:25"}
{"ip":"::1","level":"info","message":"GET /api/health","service":"user-service","timestamp":"2025-07-14 07:54:54"}
{"ip":"::1","level":"info","message":"GET /api/health","service":"user-service","timestamp":"2025-07-14 07:55:23"}
{"ip":"::1","level":"info","message":"GET /api/health","service":"user-service","timestamp":"2025-07-14 07:55:52"}
{"ip":"::1","level":"info","message":"GET /api/health","service":"user-service","timestamp":"2025-07-14 07:56:20"}
{"ip":"::1","level":"info","message":"GET /api/health","service":"user-service","timestamp":"2025-07-14 07:56:49"}
{"ip":"::1","level":"info","message":"GET /api/health","service":"user-service","timestamp":"2025-07-14 07:57:18"}
{"ip":"::1","level":"info","message":"GET /api/health","service":"user-service","timestamp":"2025-07-14 07:57:46"}
{"ip":"::1","level":"info","message":"GET /api/health","service":"user-service","timestamp":"2025-07-14 07:58:14"}
{"ip":"::1","level":"info","message":"GET /api/health","service":"user-service","timestamp":"2025-07-14 07:58:43"}
{"ip":"::1","level":"info","message":"GET /api/health","service":"user-service","timestamp":"2025-07-14 07:59:12"}
{"ip":"::1","level":"info","message":"GET /api/health","service":"user-service","timestamp":"2025-07-14 07:59:41"}
{"ip":"::1","level":"info","message":"GET /api/health","service":"user-service","timestamp":"2025-07-14 08:00:10"}
{"ip":"::1","level":"info","message":"GET /api/health","service":"user-service","timestamp":"2025-07-14 08:00:39"}
{"ip":"::1","level":"info","message":"GET /api/health","service":"user-service","timestamp":"2025-07-14 08:01:07"}
{"ip":"::1","level":"info","message":"GET /api/health","service":"user-service","timestamp":"2025-07-14 08:01:36"}
{"ip":"::1","level":"info","message":"GET /api/health","service":"user-service","timestamp":"2025-07-14 08:02:05"}
{"ip":"::1","level":"info","message":"GET /api/health","service":"user-service","timestamp":"2025-07-14 08:02:34"}
{"ip":"::1","level":"info","message":"GET /api/health","service":"user-service","timestamp":"2025-07-14 08:03:03"}
{"ip":"::1","level":"info","message":"GET /api/health","service":"user-service","timestamp":"2025-07-14 08:03:32"}
{"ip":"::1","level":"info","message":"GET /api/health","service":"user-service","timestamp":"2025-07-14 08:04:00"}
{"ip":"::1","level":"info","message":"GET /api/health","service":"user-service","timestamp":"2025-07-14 08:04:29"}
{"ip":"::1","level":"info","message":"GET /api/health","service":"user-service","timestamp":"2025-07-14 08:04:58"}
{"ip":"::1","level":"info","message":"GET /api/health","service":"user-service","timestamp":"2025-07-14 08:05:27"}
{"ip":"::1","level":"info","message":"GET /api/health","service":"user-service","timestamp":"2025-07-14 08:05:56"}
{"ip":"::1","level":"info","message":"GET /api/health","service":"user-service","timestamp":"2025-07-14 08:06:24"}
{"ip":"::1","level":"info","message":"GET /api/health","service":"user-service","timestamp":"2025-07-14 08:06:53"}
{"ip":"::1","level":"info","message":"GET /api/health","service":"user-service","timestamp":"2025-07-14 08:07:22"}
{"ip":"::1","level":"info","message":"GET /api/health","service":"user-service","timestamp":"2025-07-14 08:07:51"}
{"ip":"::1","level":"info","message":"GET /api/health","service":"user-service","timestamp":"2025-07-14 08:08:20"}
{"ip":"::1","level":"info","message":"GET /api/health","service":"user-service","timestamp":"2025-07-14 08:08:49"}
{"ip":"::1","level":"info","message":"GET /api/health","service":"user-service","timestamp":"2025-07-14 08:09:18"}
{"ip":"::1","level":"info","message":"GET /api/health","service":"user-service","timestamp":"2025-07-14 08:09:46"}
{"ip":"::1","level":"info","message":"GET /api/health","service":"user-service","timestamp":"2025-07-14 08:10:15"}
{"ip":"::1","level":"info","message":"GET /api/health","service":"user-service","timestamp":"2025-07-14 08:10:44"}
{"ip":"::1","level":"info","message":"GET /api/health","service":"user-service","timestamp":"2025-07-14 08:11:13"}
{"ip":"::1","level":"info","message":"GET /api/health","service":"user-service","timestamp":"2025-07-14 08:11:42"}
{"ip":"::1","level":"info","message":"GET /api/health","service":"user-service","timestamp":"2025-07-14 08:12:11"}
{"ip":"::1","level":"info","message":"GET /api/health","service":"user-service","timestamp":"2025-07-14 08:12:39"}
{"ip":"::1","level":"info","message":"GET /api/health","service":"user-service","timestamp":"2025-07-14 08:13:08"}
{"ip":"::1","level":"info","message":"GET /api/health","service":"user-service","timestamp":"2025-07-14 08:13:37"}
{"ip":"::1","level":"info","message":"GET /api/health","service":"user-service","timestamp":"2025-07-14 08:14:06"}
{"ip":"::1","level":"info","message":"GET /api/health","service":"user-service","timestamp":"2025-07-14 08:14:35"}
{"ip":"::1","level":"info","message":"GET /api/health","service":"user-service","timestamp":"2025-07-14 08:15:03"}
{"ip":"::1","level":"info","message":"GET /api/health","service":"user-service","timestamp":"2025-07-14 08:15:32"}
{"ip":"::1","level":"info","message":"GET /api/health","service":"user-service","timestamp":"2025-07-14 08:16:01"}
{"ip":"::1","level":"info","message":"GET /api/health","service":"user-service","timestamp":"2025-07-14 08:16:30"}
{"ip":"::1","level":"info","message":"GET /api/health","service":"user-service","timestamp":"2025-07-14 08:16:59"}
{"ip":"::1","level":"info","message":"GET /api/health","service":"user-service","timestamp":"2025-07-14 08:17:28"}
{"ip":"::1","level":"info","message":"GET /api/health","service":"user-service","timestamp":"2025-07-14 08:17:57"}
{"ip":"::1","level":"info","message":"GET /api/health","service":"user-service","timestamp":"2025-07-14 08:18:25"}
{"ip":"::1","level":"info","message":"GET /api/health","service":"user-service","timestamp":"2025-07-14 08:18:54"}
{"ip":"::1","level":"info","message":"GET /api/health","service":"user-service","timestamp":"2025-07-14 08:19:23"}
{"ip":"::1","level":"info","message":"GET /api/health","service":"user-service","timestamp":"2025-07-14 08:19:52"}
{"ip":"::1","level":"info","message":"GET /api/health","service":"user-service","timestamp":"2025-07-14 08:20:21"}
{"ip":"::1","level":"info","message":"GET /api/health","service":"user-service","timestamp":"2025-07-14 08:20:50"}
{"ip":"::1","level":"info","message":"GET /api/health","service":"user-service","timestamp":"2025-07-14 08:21:19"}
{"ip":"::1","level":"info","message":"GET /api/health","service":"user-service","timestamp":"2025-07-14 08:21:47"}
{"ip":"::1","level":"info","message":"GET /api/health","service":"user-service","timestamp":"2025-07-14 08:22:16"}
{"ip":"::1","level":"info","message":"GET /api/health","service":"user-service","timestamp":"2025-07-14 08:22:45"}
{"ip":"::1","level":"info","message":"GET /api/health","service":"user-service","timestamp":"2025-07-14 08:23:14"}
{"ip":"::1","level":"info","message":"GET /api/health","service":"user-service","timestamp":"2025-07-14 08:23:43"}
{"ip":"::1","level":"info","message":"GET /api/health","service":"user-service","timestamp":"2025-07-14 08:24:12"}
{"ip":"::1","level":"info","message":"GET /api/health","service":"user-service","timestamp":"2025-07-14 08:24:40"}
{"ip":"::1","level":"info","message":"GET /api/health","service":"user-service","timestamp":"2025-07-14 08:25:09"}
{"ip":"::1","level":"info","message":"GET /api/health","service":"user-service","timestamp":"2025-07-14 08:25:39"}
{"ip":"::1","level":"info","message":"GET /api/health","service":"user-service","timestamp":"2025-07-14 08:26:07"}
{"ip":"::1","level":"info","message":"GET /api/health","service":"user-service","timestamp":"2025-07-14 08:26:37"}
{"ip":"::1","level":"info","message":"GET /api/health","service":"user-service","timestamp":"2025-07-14 08:27:05"}
{"ip":"::1","level":"info","message":"GET /api/health","service":"user-service","timestamp":"2025-07-14 08:27:34"}
{"ip":"::1","level":"info","message":"GET /api/health","service":"user-service","timestamp":"2025-07-14 08:28:03"}
{"ip":"::1","level":"info","message":"GET /api/health","service":"user-service","timestamp":"2025-07-14 08:28:31"}
{"ip":"::1","level":"info","message":"GET /api/health","service":"user-service","timestamp":"2025-07-14 08:29:00"}
{"ip":"::1","level":"info","message":"GET /api/health","service":"user-service","timestamp":"2025-07-14 08:29:29"}
{"ip":"::1","level":"info","message":"GET /api/health","service":"user-service","timestamp":"2025-07-14 08:29:58"}
{"ip":"::1","level":"info","message":"GET /api/health","service":"user-service","timestamp":"2025-07-14 08:30:27"}
{"ip":"::1","level":"info","message":"GET /api/health","service":"user-service","timestamp":"2025-07-14 08:30:56"}
{"ip":"::1","level":"info","message":"GET /api/health","service":"user-service","timestamp":"2025-07-14 08:31:25"}
{"ip":"::1","level":"info","message":"GET /api/health","service":"user-service","timestamp":"2025-07-14 08:31:53"}
{"ip":"::1","level":"info","message":"GET /api/health","service":"user-service","timestamp":"2025-07-14 08:32:22"}
{"ip":"::1","level":"info","message":"GET /api/health","service":"user-service","timestamp":"2025-07-14 08:32:51"}
{"ip":"::1","level":"info","message":"GET /api/health","service":"user-service","timestamp":"2025-07-14 08:33:20"}
{"ip":"::1","level":"info","message":"GET /api/health","service":"user-service","timestamp":"2025-07-14 08:33:49"}
{"ip":"::1","level":"info","message":"GET /api/health","service":"user-service","timestamp":"2025-07-14 08:34:18"}
{"ip":"::1","level":"info","message":"GET /api/health","service":"user-service","timestamp":"2025-07-14 08:34:47"}
{"ip":"::1","level":"info","message":"GET /api/health","service":"user-service","timestamp":"2025-07-14 08:35:16"}
{"ip":"::1","level":"info","message":"GET /api/health","service":"user-service","timestamp":"2025-07-14 08:35:44"}
{"ip":"::1","level":"info","message":"GET /api/health","service":"user-service","timestamp":"2025-07-14 08:36:13"}
{"ip":"::1","level":"info","message":"GET /api/health","service":"user-service","timestamp":"2025-07-14 08:36:42"}
{"ip":"::1","level":"info","message":"GET /api/health","service":"user-service","timestamp":"2025-07-14 08:37:11"}
{"ip":"::1","level":"info","message":"GET /api/health","service":"user-service","timestamp":"2025-07-14 08:37:40"}
{"ip":"::1","level":"info","message":"GET /api/health","service":"user-service","timestamp":"2025-07-14 08:38:09"}
{"ip":"::1","level":"info","message":"GET /api/health","service":"user-service","timestamp":"2025-07-14 08:38:38"}
{"ip":"::1","level":"info","message":"GET /api/health","service":"user-service","timestamp":"2025-07-14 08:39:06"}
{"ip":"::1","level":"info","message":"GET /api/health","service":"user-service","timestamp":"2025-07-14 08:39:35"}
{"ip":"::1","level":"info","message":"GET /api/health","service":"user-service","timestamp":"2025-07-14 08:40:04"}
{"ip":"::1","level":"info","message":"GET /api/health","service":"user-service","timestamp":"2025-07-14 08:40:33"}
{"ip":"::1","level":"info","message":"GET /api/health","service":"user-service","timestamp":"2025-07-14 08:41:02"}
{"ip":"::1","level":"info","message":"GET /api/health","service":"user-service","timestamp":"2025-07-14 08:41:31"}
{"ip":"::1","level":"info","message":"GET /api/health","service":"user-service","timestamp":"2025-07-14 08:41:59"}
{"ip":"::1","level":"info","message":"GET /api/health","service":"user-service","timestamp":"2025-07-14 08:42:28"}
{"ip":"::1","level":"info","message":"GET /api/health","service":"user-service","timestamp":"2025-07-14 08:42:57"}
{"ip":"::1","level":"info","message":"GET /api/health","service":"user-service","timestamp":"2025-07-14 08:43:26"}
{"ip":"::1","level":"info","message":"GET /api/health","service":"user-service","timestamp":"2025-07-14 08:43:55"}
{"ip":"::1","level":"info","message":"GET /api/health","service":"user-service","timestamp":"2025-07-14 08:44:24"}
{"ip":"::1","level":"info","message":"GET /api/health","service":"user-service","timestamp":"2025-07-14 08:44:53"}
{"ip":"::1","level":"info","message":"GET /api/health","service":"user-service","timestamp":"2025-07-14 08:45:22"}
{"ip":"::1","level":"info","message":"GET /api/health","service":"user-service","timestamp":"2025-07-14 08:45:50"}
{"ip":"::1","level":"info","message":"GET /api/health","service":"user-service","timestamp":"2025-07-14 08:46:19"}
{"ip":"::1","level":"info","message":"GET /api/health","service":"user-service","timestamp":"2025-07-14 08:46:48"}
{"ip":"::1","level":"info","message":"GET /api/health","service":"user-service","timestamp":"2025-07-14 08:47:17"}
{"ip":"::1","level":"info","message":"GET /api/health","service":"user-service","timestamp":"2025-07-14 08:47:46"}
{"ip":"::1","level":"info","message":"GET /api/health","service":"user-service","timestamp":"2025-07-14 08:48:15"}
{"ip":"::1","level":"info","message":"GET /api/health","service":"user-service","timestamp":"2025-07-14 08:48:44"}
{"ip":"::1","level":"info","message":"GET /api/health","service":"user-service","timestamp":"2025-07-14 08:49:12"}
{"ip":"::1","level":"info","message":"GET /api/health","service":"user-service","timestamp":"2025-07-14 08:49:41"}
{"ip":"::1","level":"info","message":"GET /api/health","service":"user-service","timestamp":"2025-07-14 08:50:10"}
{"ip":"::1","level":"info","message":"GET /api/health","service":"user-service","timestamp":"2025-07-14 08:50:39"}
{"ip":"::1","level":"info","message":"GET /api/health","service":"user-service","timestamp":"2025-07-14 08:51:08"}
{"ip":"::1","level":"info","message":"GET /api/health","service":"user-service","timestamp":"2025-07-14 08:51:37"}
{"ip":"::1","level":"info","message":"GET /api/health","service":"user-service","timestamp":"2025-07-14 08:52:05"}
{"ip":"::1","level":"info","message":"GET /api/health","service":"user-service","timestamp":"2025-07-14 08:52:34"}
{"ip":"::1","level":"info","message":"GET /api/health","service":"user-service","timestamp":"2025-07-14 08:53:03"}
{"ip":"::1","level":"info","message":"GET /api/health","service":"user-service","timestamp":"2025-07-14 08:53:32"}
{"ip":"::1","level":"info","message":"GET /api/health","service":"user-service","timestamp":"2025-07-14 11:53:58"}
{"ip":"::1","level":"info","message":"GET /api/health","service":"user-service","timestamp":"2025-07-15 02:27:01"}
{"ip":"::1","level":"info","message":"GET /api/health","service":"user-service","timestamp":"2025-07-15 02:27:29"}
{"ip":"::1","level":"info","message":"GET /api/health","service":"user-service","timestamp":"2025-07-15 02:27:57"}
{"ip":"::1","level":"info","message":"GET /api/health","service":"user-service","timestamp":"2025-07-15 02:28:26"}
{"ip":"::1","level":"info","message":"GET /api/health","service":"user-service","timestamp":"2025-07-15 02:28:54"}
{"ip":"::1","level":"info","message":"GET /api/health","service":"user-service","timestamp":"2025-07-15 02:29:22"}
{"ip":"::1","level":"info","message":"GET /api/health","service":"user-service","timestamp":"2025-07-15 02:29:49"}
{"ip":"::1","level":"info","message":"GET /api/health","service":"user-service","timestamp":"2025-07-15 02:30:18"}
{"ip":"::1","level":"info","message":"GET /api/health","service":"user-service","timestamp":"2025-07-15 02:30:46"}
{"ip":"::1","level":"info","message":"GET /api/health","service":"user-service","timestamp":"2025-07-15 02:31:14"}
{"ip":"::1","level":"info","message":"GET /api/health","service":"user-service","timestamp":"2025-07-15 02:31:42"}
{"ip":"::1","level":"info","message":"GET /api/health","service":"user-service","timestamp":"2025-07-15 02:32:10"}
{"ip":"::1","level":"info","message":"GET /api/health","service":"user-service","timestamp":"2025-07-15 02:32:38"}
{"ip":"::1","level":"info","message":"GET /api/health","service":"user-service","timestamp":"2025-07-15 02:33:06"}
{"ip":"::1","level":"info","message":"GET /api/health","service":"user-service","timestamp":"2025-07-15 02:33:34"}
{"ip":"::1","level":"info","message":"GET /api/health","service":"user-service","timestamp":"2025-07-15 02:34:02"}
{"ip":"::1","level":"info","message":"GET /api/health","service":"user-service","timestamp":"2025-07-15 02:34:30"}
{"ip":"::1","level":"info","message":"GET /api/health","service":"user-service","timestamp":"2025-07-15 02:34:57"}
{"ip":"::1","level":"info","message":"GET /api/health","service":"user-service","timestamp":"2025-07-15 02:35:25"}
{"ip":"::1","level":"info","message":"GET /api/health","service":"user-service","timestamp":"2025-07-15 02:35:53"}
{"ip":"::1","level":"info","message":"GET /api/health","service":"user-service","timestamp":"2025-07-15 02:36:21"}
{"ip":"::1","level":"info","message":"GET /api/health","service":"user-service","timestamp":"2025-07-15 02:36:49"}
{"ip":"::1","level":"info","message":"GET /api/health","service":"user-service","timestamp":"2025-07-15 02:37:17"}
{"ip":"::1","level":"info","message":"GET /api/health","service":"user-service","timestamp":"2025-07-15 02:37:45"}
{"ip":"::1","level":"info","message":"GET /api/health","service":"user-service","timestamp":"2025-07-15 02:38:13"}
{"ip":"::1","level":"info","message":"GET /api/health","service":"user-service","timestamp":"2025-07-15 02:38:41"}
{"ip":"::1","level":"info","message":"GET /api/health","service":"user-service","timestamp":"2025-07-15 02:39:09"}
{"ip":"::1","level":"info","message":"GET /api/health","service":"user-service","timestamp":"2025-07-15 02:39:37"}
{"ip":"::1","level":"info","message":"GET /api/health","service":"user-service","timestamp":"2025-07-15 02:40:05"}
{"ip":"::1","level":"info","message":"GET /api/health","service":"user-service","timestamp":"2025-07-15 02:40:32"}
{"ip":"::1","level":"info","message":"GET /api/health","service":"user-service","timestamp":"2025-07-15 02:41:00"}
{"ip":"::1","level":"info","message":"GET /api/health","service":"user-service","timestamp":"2025-07-15 02:41:28"}
{"ip":"::1","level":"info","message":"GET /api/health","service":"user-service","timestamp":"2025-07-15 02:41:56"}
{"ip":"::1","level":"info","message":"GET /api/health","service":"user-service","timestamp":"2025-07-15 02:42:24"}
{"ip":"::1","level":"info","message":"GET /api/health","service":"user-service","timestamp":"2025-07-15 02:42:52"}
{"ip":"::1","level":"info","message":"GET /api/health","service":"user-service","timestamp":"2025-07-15 02:43:20"}
{"ip":"::1","level":"info","message":"GET /api/health","service":"user-service","timestamp":"2025-07-15 02:43:48"}
{"ip":"::1","level":"info","message":"GET /api/health","service":"user-service","timestamp":"2025-07-15 02:44:16"}
{"ip":"::1","level":"info","message":"GET /api/health","service":"user-service","timestamp":"2025-07-15 02:44:44"}
{"ip":"::1","level":"info","message":"GET /api/health","service":"user-service","timestamp":"2025-07-15 02:45:12"}
{"ip":"::1","level":"info","message":"GET /api/health","service":"user-service","timestamp":"2025-07-15 02:45:39"}
{"ip":"::1","level":"info","message":"GET /api/health","service":"user-service","timestamp":"2025-07-15 02:46:07"}
{"ip":"::1","level":"info","message":"GET /api/health","service":"user-service","timestamp":"2025-07-15 02:46:35"}
{"ip":"::1","level":"info","message":"GET /api/health","service":"user-service","timestamp":"2025-07-15 02:47:03"}
{"ip":"::1","level":"info","message":"GET /api/health","service":"user-service","timestamp":"2025-07-15 02:47:31"}
{"ip":"::1","level":"info","message":"GET /api/health","service":"user-service","timestamp":"2025-07-15 02:47:59"}
{"ip":"::1","level":"info","message":"GET /api/health","service":"user-service","timestamp":"2025-07-15 02:48:27"}
{"ip":"::1","level":"info","message":"GET /api/health","service":"user-service","timestamp":"2025-07-15 02:48:55"}
{"ip":"::1","level":"info","message":"GET /api/health","service":"user-service","timestamp":"2025-07-15 02:49:23"}
{"ip":"::1","level":"info","message":"GET /api/health","service":"user-service","timestamp":"2025-07-15 02:49:51"}
{"ip":"::1","level":"info","message":"GET /api/health","service":"user-service","timestamp":"2025-07-15 02:50:19"}
{"ip":"::1","level":"info","message":"GET /api/health","service":"user-service","timestamp":"2025-07-15 02:50:47"}
{"ip":"::1","level":"info","message":"GET /api/health","service":"user-service","timestamp":"2025-07-15 02:51:17"}
{"ip":"::1","level":"info","message":"GET /api/health","service":"user-service","timestamp":"2025-07-15 02:51:45"}
{"ip":"::1","level":"info","message":"GET /api/health","service":"user-service","timestamp":"2025-07-15 02:52:13"}
{"ip":"::1","level":"info","message":"GET /api/health","service":"user-service","timestamp":"2025-07-15 02:52:42"}
{"ip":"::1","level":"info","message":"GET /api/health","service":"user-service","timestamp":"2025-07-15 02:53:12"}
{"ip":"::1","level":"info","message":"GET /api/health","service":"user-service","timestamp":"2025-07-15 02:53:42"}
{"ip":"::1","level":"info","message":"GET /api/health","service":"user-service","timestamp":"2025-07-15 02:54:13"}
{"ip":"::1","level":"info","message":"GET /api/health","service":"user-service","timestamp":"2025-07-15 02:54:43"}
{"ip":"::1","level":"info","message":"GET /api/health","service":"user-service","timestamp":"2025-07-15 02:55:13"}
{"ip":"::1","level":"info","message":"GET /api/health","service":"user-service","timestamp":"2025-07-15 02:55:43"}
{"ip":"::1","level":"info","message":"GET /api/health","service":"user-service","timestamp":"2025-07-15 02:56:13"}
{"ip":"::1","level":"info","message":"GET /api/health","service":"user-service","timestamp":"2025-07-15 02:56:44"}
{"ip":"::1","level":"info","message":"GET /api/health","service":"user-service","timestamp":"2025-07-15 02:57:14"}
{"ip":"::1","level":"info","message":"GET /api/health","service":"user-service","timestamp":"2025-07-15 02:57:45"}
{"ip":"::1","level":"info","message":"GET /api/health","service":"user-service","timestamp":"2025-07-15 02:58:15"}
{"ip":"::1","level":"info","message":"GET /api/health","service":"user-service","timestamp":"2025-07-15 02:58:45"}
{"ip":"::1","level":"info","message":"GET /api/health","service":"user-service","timestamp":"2025-07-15 02:59:15"}
{"ip":"::1","level":"info","message":"GET /api/health","service":"user-service","timestamp":"2025-07-15 02:59:46"}
{"ip":"::1","level":"info","message":"GET /api/health","service":"user-service","timestamp":"2025-07-15 03:00:16"}
{"ip":"::1","level":"info","message":"GET /api/health","service":"user-service","timestamp":"2025-07-15 03:00:46"}
{"ip":"::1","level":"info","message":"GET /api/health","service":"user-service","timestamp":"2025-07-15 03:01:17"}
{"ip":"::1","level":"info","message":"GET /api/health","service":"user-service","timestamp":"2025-07-15 03:01:47"}
{"ip":"::1","level":"info","message":"GET /api/health","service":"user-service","timestamp":"2025-07-15 03:02:17"}
{"ip":"::1","level":"info","message":"GET /api/health","service":"user-service","timestamp":"2025-07-15 03:02:47"}
{"ip":"::1","level":"info","message":"GET /api/health","service":"user-service","timestamp":"2025-07-15 03:03:18"}
{"ip":"::1","level":"info","message":"GET /api/health","service":"user-service","timestamp":"2025-07-15 03:03:48"}
{"ip":"::1","level":"info","message":"GET /api/health","service":"user-service","timestamp":"2025-07-15 03:04:18"}
{"ip":"::1","level":"info","message":"GET /api/health","service":"user-service","timestamp":"2025-07-15 03:04:48"}
{"ip":"::1","level":"info","message":"GET /api/health","service":"user-service","timestamp":"2025-07-15 03:05:18"}
{"ip":"::1","level":"info","message":"GET /api/health","service":"user-service","timestamp":"2025-07-15 03:05:49"}
{"ip":"::1","level":"info","message":"GET /api/health","service":"user-service","timestamp":"2025-07-15 03:06:19"}
{"ip":"::1","level":"info","message":"GET /api/health","service":"user-service","timestamp":"2025-07-15 03:06:49"}
{"ip":"::1","level":"info","message":"GET /api/health","service":"user-service","timestamp":"2025-07-15 03:07:19"}
{"ip":"::1","level":"info","message":"GET /api/health","service":"user-service","timestamp":"2025-07-15 03:07:50"}
{"ip":"::1","level":"info","message":"GET /api/health","service":"user-service","timestamp":"2025-07-15 03:08:20"}
{"ip":"::1","level":"info","message":"GET /api/health","service":"user-service","timestamp":"2025-07-15 03:08:50"}
{"ip":"::1","level":"info","message":"GET /api/health","service":"user-service","timestamp":"2025-07-15 03:09:20"}
{"ip":"::1","level":"info","message":"GET /api/health","service":"user-service","timestamp":"2025-07-15 03:09:51"}
{"ip":"::1","level":"info","message":"GET /api/health","service":"user-service","timestamp":"2025-07-15 03:10:21"}
{"ip":"::1","level":"info","message":"GET /api/health","service":"user-service","timestamp":"2025-07-15 03:10:51"}
{"ip":"::1","level":"info","message":"GET /api/health","service":"user-service","timestamp":"2025-07-15 03:11:21"}
{"ip":"::1","level":"info","message":"GET /api/health","service":"user-service","timestamp":"2025-07-15 03:11:52"}
{"ip":"::1","level":"info","message":"GET /api/health","service":"user-service","timestamp":"2025-07-15 03:12:23"}
{"ip":"::1","level":"info","message":"GET /api/health","service":"user-service","timestamp":"2025-07-15 03:12:53"}
{"ip":"::1","level":"info","message":"GET /api/health","service":"user-service","timestamp":"2025-07-15 03:13:23"}
{"ip":"::1","level":"info","message":"GET /api/health","service":"user-service","timestamp":"2025-07-15 03:13:53"}
{"ip":"::1","level":"info","message":"GET /api/health","service":"user-service","timestamp":"2025-07-15 03:14:24"}
{"ip":"::1","level":"info","message":"GET /api/health","service":"user-service","timestamp":"2025-07-15 03:14:54"}
{"ip":"::1","level":"info","message":"GET /api/health","service":"user-service","timestamp":"2025-07-15 03:15:24"}
{"ip":"::1","level":"info","message":"GET /api/health","service":"user-service","timestamp":"2025-07-15 03:15:54"}
{"ip":"::1","level":"info","message":"GET /api/health","service":"user-service","timestamp":"2025-07-15 03:16:24"}
{"ip":"::1","level":"info","message":"GET /api/health","service":"user-service","timestamp":"2025-07-15 03:16:55"}
{"ip":"::1","level":"info","message":"GET /api/health","service":"user-service","timestamp":"2025-07-15 03:17:25"}
{"ip":"::1","level":"info","message":"GET /api/health","service":"user-service","timestamp":"2025-07-15 03:17:55"}
{"ip":"::1","level":"info","message":"GET /api/health","service":"user-service","timestamp":"2025-07-15 03:18:25"}
{"ip":"::1","level":"info","message":"GET /api/health","service":"user-service","timestamp":"2025-07-15 03:18:55"}
{"ip":"::1","level":"info","message":"GET /api/health","service":"user-service","timestamp":"2025-07-15 03:19:25"}
{"ip":"::1","level":"info","message":"GET /api/health","service":"user-service","timestamp":"2025-07-15 03:19:56"}
{"ip":"::1","level":"info","message":"GET /api/health","service":"user-service","timestamp":"2025-07-15 03:20:26"}
{"ip":"::1","level":"info","message":"GET /api/health","service":"user-service","timestamp":"2025-07-15 03:20:56"}
{"ip":"::1","level":"info","message":"GET /api/health","service":"user-service","timestamp":"2025-07-15 03:21:26"}
{"ip":"::1","level":"info","message":"GET /api/health","service":"user-service","timestamp":"2025-07-15 03:21:56"}
{"ip":"::1","level":"info","message":"GET /api/health","service":"user-service","timestamp":"2025-07-15 03:22:27"}
{"ip":"::1","level":"info","message":"GET /api/health","service":"user-service","timestamp":"2025-07-15 03:22:57"}
{"ip":"::1","level":"info","message":"GET /api/health","service":"user-service","timestamp":"2025-07-15 03:23:27"}
{"ip":"::1","level":"info","message":"GET /api/health","service":"user-service","timestamp":"2025-07-15 03:23:57"}
{"ip":"::1","level":"info","message":"GET /api/health","service":"user-service","timestamp":"2025-07-15 03:24:28"}
{"ip":"::1","level":"info","message":"GET /api/health","service":"user-service","timestamp":"2025-07-15 03:24:58"}
{"ip":"::1","level":"info","message":"GET /api/health","service":"user-service","timestamp":"2025-07-15 03:25:28"}
{"ip":"::1","level":"info","message":"GET /api/health","service":"user-service","timestamp":"2025-07-15 03:25:58"}
{"ip":"::1","level":"info","message":"GET /api/health","service":"user-service","timestamp":"2025-07-15 03:26:28"}
{"ip":"::1","level":"info","message":"GET /api/health","service":"user-service","timestamp":"2025-07-15 03:26:59"}
{"ip":"::1","level":"info","message":"GET /api/health","service":"user-service","timestamp":"2025-07-15 03:27:29"}
{"ip":"::1","level":"info","message":"GET /api/health","service":"user-service","timestamp":"2025-07-15 03:27:59"}
{"ip":"::1","level":"info","message":"GET /api/health","service":"user-service","timestamp":"2025-07-15 03:28:29"}
{"ip":"::1","level":"info","message":"GET /api/health","service":"user-service","timestamp":"2025-07-15 03:28:59"}
{"ip":"::1","level":"info","message":"GET /api/health","service":"user-service","timestamp":"2025-07-15 03:29:30"}
{"ip":"::1","level":"info","message":"GET /api/health","service":"user-service","timestamp":"2025-07-15 03:30:00"}
{"ip":"::1","level":"info","message":"GET /api/health","service":"user-service","timestamp":"2025-07-15 03:30:30"}
{"ip":"::1","level":"info","message":"GET /api/health","service":"user-service","timestamp":"2025-07-15 03:31:00"}
{"ip":"::1","level":"info","message":"GET /api/health","service":"user-service","timestamp":"2025-07-15 03:31:30"}
{"ip":"::1","level":"info","message":"GET /api/health","service":"user-service","timestamp":"2025-07-15 03:32:01"}
{"ip":"::1","level":"info","message":"GET /api/health","service":"user-service","timestamp":"2025-07-15 03:32:31"}
{"ip":"::1","level":"info","message":"GET /api/health","service":"user-service","timestamp":"2025-07-15 03:33:01"}
{"ip":"::1","level":"info","message":"GET /api/health","service":"user-service","timestamp":"2025-07-15 03:33:31"}
{"ip":"::1","level":"info","message":"GET /api/health","service":"user-service","timestamp":"2025-07-15 03:34:01"}
{"ip":"::1","level":"info","message":"GET /api/health","service":"user-service","timestamp":"2025-07-15 03:34:32"}
{"ip":"::1","level":"info","message":"GET /api/health","service":"user-service","timestamp":"2025-07-15 03:35:02"}
{"ip":"::1","level":"info","message":"GET /api/health","service":"user-service","timestamp":"2025-07-15 03:35:32"}
{"ip":"::1","level":"info","message":"GET /api/health","service":"user-service","timestamp":"2025-07-15 03:36:02"}
{"ip":"::1","level":"info","message":"GET /api/health","service":"user-service","timestamp":"2025-07-15 03:36:33"}
{"ip":"::1","level":"info","message":"GET /api/health","service":"user-service","timestamp":"2025-07-15 03:37:03"}
{"ip":"::1","level":"info","message":"GET /api/health","service":"user-service","timestamp":"2025-07-15 03:37:33"}
{"ip":"::1","level":"info","message":"GET /api/health","service":"user-service","timestamp":"2025-07-15 03:38:03"}
{"ip":"::1","level":"info","message":"GET /api/health","service":"user-service","timestamp":"2025-07-15 03:38:33"}
{"ip":"::1","level":"info","message":"GET /api/health","service":"user-service","timestamp":"2025-07-15 03:39:04"}
{"ip":"::1","level":"info","message":"GET /api/health","service":"user-service","timestamp":"2025-07-15 03:39:34"}
{"ip":"::1","level":"info","message":"GET /api/health","service":"user-service","timestamp":"2025-07-15 03:40:04"}
{"ip":"::1","level":"info","message":"GET /api/health","service":"user-service","timestamp":"2025-07-15 03:40:34"}
{"ip":"::1","level":"info","message":"GET /api/health","service":"user-service","timestamp":"2025-07-15 03:41:04"}
{"ip":"::1","level":"info","message":"GET /api/health","service":"user-service","timestamp":"2025-07-15 03:41:35"}
{"ip":"::1","level":"info","message":"GET /api/health","service":"user-service","timestamp":"2025-07-15 03:42:05"}
{"ip":"::1","level":"info","message":"GET /api/health","service":"user-service","timestamp":"2025-07-15 03:42:35"}
{"ip":"::1","level":"info","message":"GET /api/health","service":"user-service","timestamp":"2025-07-15 03:43:05"}
{"ip":"::1","level":"info","message":"GET /api/health","service":"user-service","timestamp":"2025-07-15 03:43:35"}
{"ip":"::1","level":"info","message":"GET /api/health","service":"user-service","timestamp":"2025-07-15 03:44:06"}
{"ip":"::1","level":"info","message":"GET /api/health","service":"user-service","timestamp":"2025-07-15 03:44:36"}
{"ip":"::1","level":"info","message":"GET /api/health","service":"user-service","timestamp":"2025-07-15 03:45:06"}
{"ip":"::1","level":"info","message":"GET /api/health","service":"user-service","timestamp":"2025-07-15 03:45:36"}
{"ip":"::1","level":"info","message":"GET /api/health","service":"user-service","timestamp":"2025-07-15 03:46:07"}
{"ip":"::1","level":"info","message":"GET /api/health","service":"user-service","timestamp":"2025-07-15 03:46:37"}
{"ip":"::1","level":"info","message":"GET /api/health","service":"user-service","timestamp":"2025-07-15 03:47:07"}
{"ip":"::1","level":"info","message":"GET /api/health","service":"user-service","timestamp":"2025-07-15 03:47:37"}
{"ip":"::1","level":"info","message":"GET /api/health","service":"user-service","timestamp":"2025-07-15 03:48:07"}
{"ip":"::1","level":"info","message":"GET /api/health","service":"user-service","timestamp":"2025-07-15 03:48:38"}
{"ip":"::1","level":"info","message":"GET /api/health","service":"user-service","timestamp":"2025-07-15 03:49:08"}
{"ip":"::1","level":"info","message":"GET /api/health","service":"user-service","timestamp":"2025-07-15 03:49:38"}
{"ip":"::1","level":"info","message":"GET /api/health","service":"user-service","timestamp":"2025-07-15 03:50:08"}
{"ip":"::1","level":"info","message":"GET /api/health","service":"user-service","timestamp":"2025-07-15 03:50:38"}
{"ip":"::1","level":"info","message":"GET /api/health","service":"user-service","timestamp":"2025-07-15 03:51:09"}
{"ip":"::1","level":"info","message":"GET /api/health","service":"user-service","timestamp":"2025-07-15 03:51:39"}
{"ip":"::1","level":"info","message":"GET /api/health","service":"user-service","timestamp":"2025-07-15 03:52:09"}
{"ip":"::1","level":"info","message":"GET /api/health","service":"user-service","timestamp":"2025-07-15 03:52:39"}
{"ip":"::1","level":"info","message":"GET /api/health","service":"user-service","timestamp":"2025-07-15 03:53:09"}
{"ip":"::1","level":"info","message":"GET /api/health","service":"user-service","timestamp":"2025-07-15 03:53:40"}
{"ip":"::1","level":"info","message":"GET /api/health","service":"user-service","timestamp":"2025-07-15 03:54:10"}
{"ip":"::1","level":"info","message":"GET /api/health","service":"user-service","timestamp":"2025-07-15 03:54:40"}
{"ip":"::1","level":"info","message":"GET /api/health","service":"user-service","timestamp":"2025-07-15 03:55:10"}
{"ip":"::1","level":"info","message":"GET /api/health","service":"user-service","timestamp":"2025-07-15 03:55:41"}
{"ip":"::1","level":"info","message":"GET /api/health","service":"user-service","timestamp":"2025-07-15 03:56:11"}
{"ip":"::1","level":"info","message":"GET /api/health","service":"user-service","timestamp":"2025-07-15 03:56:41"}
{"ip":"::1","level":"info","message":"GET /api/health","service":"user-service","timestamp":"2025-07-15 03:57:11"}
{"ip":"::1","level":"info","message":"GET /api/health","service":"user-service","timestamp":"2025-07-15 03:57:41"}
{"ip":"::1","level":"info","message":"GET /api/health","service":"user-service","timestamp":"2025-07-15 03:58:12"}
{"ip":"::1","level":"info","message":"GET /api/health","service":"user-service","timestamp":"2025-07-15 03:58:42"}
{"ip":"::1","level":"info","message":"GET /api/health","service":"user-service","timestamp":"2025-07-15 03:59:12"}
{"ip":"::1","level":"info","message":"GET /api/health","service":"user-service","timestamp":"2025-07-15 03:59:42"}
{"ip":"::1","level":"info","message":"GET /api/health","service":"user-service","timestamp":"2025-07-15 04:00:12"}
{"ip":"::1","level":"info","message":"GET /api/health","service":"user-service","timestamp":"2025-07-15 04:00:43"}
{"ip":"::1","level":"info","message":"GET /api/health","service":"user-service","timestamp":"2025-07-15 04:01:13"}
{"ip":"::1","level":"info","message":"GET /api/health","service":"user-service","timestamp":"2025-07-15 04:01:43"}
{"ip":"::1","level":"info","message":"GET /api/health","service":"user-service","timestamp":"2025-07-15 04:02:13"}
{"ip":"::1","level":"info","message":"GET /api/health","service":"user-service","timestamp":"2025-07-15 04:02:44"}
{"ip":"::1","level":"info","message":"GET /api/health","service":"user-service","timestamp":"2025-07-15 04:03:14"}
{"ip":"::1","level":"info","message":"GET /api/health","service":"user-service","timestamp":"2025-07-15 04:03:44"}
{"ip":"::1","level":"info","message":"GET /api/health","service":"user-service","timestamp":"2025-07-15 04:04:14"}
{"ip":"::1","level":"info","message":"GET /api/health","service":"user-service","timestamp":"2025-07-15 04:04:44"}
{"ip":"::1","level":"info","message":"GET /api/health","service":"user-service","timestamp":"2025-07-15 04:05:15"}
{"ip":"::1","level":"info","message":"GET /api/health","service":"user-service","timestamp":"2025-07-15 04:05:45"}
{"ip":"::1","level":"info","message":"GET /api/health","service":"user-service","timestamp":"2025-07-15 04:06:15"}
{"ip":"::1","level":"info","message":"GET /api/health","service":"user-service","timestamp":"2025-07-15 04:06:45"}
{"ip":"::1","level":"info","message":"GET /api/health","service":"user-service","timestamp":"2025-07-15 04:07:16"}
{"ip":"::1","level":"info","message":"GET /api/health","service":"user-service","timestamp":"2025-07-15 04:07:46"}
{"ip":"::1","level":"info","message":"GET /api/health","service":"user-service","timestamp":"2025-07-15 04:08:16"}
{"ip":"::1","level":"info","message":"GET /api/health","service":"user-service","timestamp":"2025-07-15 04:08:46"}
{"ip":"::1","level":"info","message":"GET /api/health","service":"user-service","timestamp":"2025-07-15 04:09:16"}
{"ip":"::1","level":"info","message":"GET /api/health","service":"user-service","timestamp":"2025-07-15 04:09:47"}
{"ip":"::1","level":"info","message":"GET /api/health","service":"user-service","timestamp":"2025-07-15 04:10:17"}
{"ip":"::1","level":"info","message":"GET /api/health","service":"user-service","timestamp":"2025-07-15 04:10:47"}
{"ip":"::1","level":"info","message":"GET /api/health","service":"user-service","timestamp":"2025-07-15 04:11:17"}
{"ip":"::1","level":"info","message":"GET /api/health","service":"user-service","timestamp":"2025-07-15 04:11:47"}
{"ip":"::1","level":"info","message":"GET /api/health","service":"user-service","timestamp":"2025-07-15 04:12:18"}
{"ip":"::1","level":"info","message":"GET /api/health","service":"user-service","timestamp":"2025-07-15 04:12:48"}
{"ip":"::1","level":"info","message":"GET /api/health","service":"user-service","timestamp":"2025-07-15 04:13:18"}
{"ip":"::1","level":"info","message":"GET /api/health","service":"user-service","timestamp":"2025-07-15 04:13:48"}
{"ip":"::1","level":"info","message":"GET /api/health","service":"user-service","timestamp":"2025-07-15 04:14:18"}
{"ip":"::1","level":"info","message":"GET /api/health","service":"user-service","timestamp":"2025-07-15 04:14:49"}
{"ip":"::1","level":"info","message":"GET /api/health","service":"user-service","timestamp":"2025-07-15 04:15:19"}
{"ip":"::1","level":"info","message":"GET /api/health","service":"user-service","timestamp":"2025-07-15 04:15:49"}
{"ip":"::1","level":"info","message":"GET /api/health","service":"user-service","timestamp":"2025-07-15 04:16:19"}
{"ip":"::1","level":"info","message":"GET /api/health","service":"user-service","timestamp":"2025-07-15 04:16:49"}
{"ip":"::1","level":"info","message":"GET /api/health","service":"user-service","timestamp":"2025-07-15 04:17:20"}
{"ip":"::1","level":"info","message":"GET /api/health","service":"user-service","timestamp":"2025-07-15 04:17:50"}
{"ip":"::1","level":"info","message":"GET /api/health","service":"user-service","timestamp":"2025-07-15 04:18:20"}
{"ip":"::1","level":"info","message":"GET /api/health","service":"user-service","timestamp":"2025-07-15 04:18:50"}
{"ip":"::1","level":"info","message":"GET /api/health","service":"user-service","timestamp":"2025-07-15 04:19:20"}
{"ip":"::1","level":"info","message":"GET /api/health","service":"user-service","timestamp":"2025-07-15 04:19:51"}
{"ip":"::1","level":"info","message":"GET /api/health","service":"user-service","timestamp":"2025-07-15 04:20:21"}
{"ip":"::1","level":"info","message":"GET /api/health","service":"user-service","timestamp":"2025-07-15 04:20:51"}
{"ip":"::1","level":"info","message":"GET /api/health","service":"user-service","timestamp":"2025-07-15 04:21:21"}
{"ip":"::1","level":"info","message":"GET /api/health","service":"user-service","timestamp":"2025-07-15 04:21:52"}
{"ip":"::1","level":"info","message":"GET /api/health","service":"user-service","timestamp":"2025-07-15 04:22:22"}
{"ip":"::1","level":"info","message":"GET /api/health","service":"user-service","timestamp":"2025-07-15 04:22:52"}
{"ip":"::1","level":"info","message":"GET /api/health","service":"user-service","timestamp":"2025-07-15 04:23:22"}
{"ip":"::1","level":"info","message":"GET /api/health","service":"user-service","timestamp":"2025-07-15 04:23:52"}
{"ip":"::1","level":"info","message":"GET /api/health","service":"user-service","timestamp":"2025-07-15 04:24:23"}
{"ip":"::1","level":"info","message":"GET /api/health","service":"user-service","timestamp":"2025-07-15 04:24:53"}
{"ip":"::1","level":"info","message":"GET /api/health","service":"user-service","timestamp":"2025-07-15 04:25:23"}
{"ip":"::1","level":"info","message":"GET /api/health","service":"user-service","timestamp":"2025-07-15 04:25:53"}
{"ip":"::1","level":"info","message":"GET /api/health","service":"user-service","timestamp":"2025-07-15 04:26:24"}
{"ip":"::1","level":"info","message":"GET /api/health","service":"user-service","timestamp":"2025-07-15 04:26:54"}
{"ip":"::1","level":"info","message":"GET /api/health","service":"user-service","timestamp":"2025-07-15 04:27:24"}
{"ip":"::1","level":"info","message":"GET /api/health","service":"user-service","timestamp":"2025-07-15 04:27:54"}
{"ip":"::1","level":"info","message":"GET /api/health","service":"user-service","timestamp":"2025-07-15 04:28:24"}
{"ip":"::1","level":"info","message":"GET /api/health","service":"user-service","timestamp":"2025-07-15 04:28:55"}
{"ip":"::1","level":"info","message":"GET /api/health","service":"user-service","timestamp":"2025-07-15 04:29:25"}
{"ip":"::1","level":"info","message":"GET /api/health","service":"user-service","timestamp":"2025-07-15 04:29:55"}
{"ip":"::1","level":"info","message":"GET /api/health","service":"user-service","timestamp":"2025-07-15 04:30:25"}
{"level":"info","message":"SIGTERM received, shutting down gracefully","service":"user-service","timestamp":"2025-07-15 04:30:49"}
{"level":"info","message":"User service running on port 8082","service":"user-service","timestamp":"2025-07-20 04:20:46"}
{"level":"info","message":"Environment: development","service":"user-service","timestamp":"2025-07-20 04:20:46"}
{"level":"info","message":"Health check: http://localhost:8082/api/health","service":"user-service","timestamp":"2025-07-20 04:20:46"}
{"level":"info","message":"MongoDB Connected: mongodb","service":"user-service","timestamp":"2025-07-20 04:20:46"}
{"ip":"::1","level":"info","message":"GET /api/health","service":"user-service","timestamp":"2025-07-20 04:20:46"}
{"ip":"::1","level":"info","message":"GET /api/health","service":"user-service","timestamp":"2025-07-20 04:21:16"}
{"ip":"::ffff:172.18.0.1","level":"info","message":"GET /api/users/register","service":"user-service","timestamp":"2025-07-20 04:21:22","userAgent":"PostmanRuntime/7.28.3"}
{"kind":"ObjectId","level":"error","message":"Error getting user by ID: Cast to ObjectId failed for value \"register\" (type string) at path \"_id\" for model \"User\"","path":"_id","reason":{},"service":"user-service","stack":"CastError: Cast to ObjectId failed for value \"register\" (type string) at path \"_id\" for model \"User\"\n    at SchemaObjectId.cast (/app/node_modules/mongoose/lib/schema/objectId.js:251:11)\n    at SchemaType.applySetters (/app/node_modules/mongoose/lib/schemaType.js:1258:12)\n    at SchemaType.castForQuery (/app/node_modules/mongoose/lib/schemaType.js:1676:17)\n    at cast (/app/node_modules/mongoose/lib/cast.js:390:32)\n    at Query.cast (/app/node_modules/mongoose/lib/query.js:5055:12)\n    at Query._castConditions (/app/node_modules/mongoose/lib/query.js:2351:10)\n    at model.Query._findOne (/app/node_modules/mongoose/lib/query.js:2674:8)\n    at model.Query.exec (/app/node_modules/mongoose/lib/query.js:4604:80)\n    at process.processTicksAndRejections (node:internal/process/task_queues:95:5)\n    at async UserService.getUserById (/app/src/services/UserService.js:39:20)","stringValue":"\"register\"","timestamp":"2025-07-20 04:21:22","value":"register","valueType":"string"}
{"kind":"ObjectId","level":"error","message":"Get user by ID error: Cast to ObjectId failed for value \"register\" (type string) at path \"_id\" for model \"User\"","path":"_id","reason":{},"service":"user-service","stack":"CastError: Cast to ObjectId failed for value \"register\" (type string) at path \"_id\" for model \"User\"\n    at SchemaObjectId.cast (/app/node_modules/mongoose/lib/schema/objectId.js:251:11)\n    at SchemaType.applySetters (/app/node_modules/mongoose/lib/schemaType.js:1258:12)\n    at SchemaType.castForQuery (/app/node_modules/mongoose/lib/schemaType.js:1676:17)\n    at cast (/app/node_modules/mongoose/lib/cast.js:390:32)\n    at Query.cast (/app/node_modules/mongoose/lib/query.js:5055:12)\n    at Query._castConditions (/app/node_modules/mongoose/lib/query.js:2351:10)\n    at model.Query._findOne (/app/node_modules/mongoose/lib/query.js:2674:8)\n    at model.Query.exec (/app/node_modules/mongoose/lib/query.js:4604:80)\n    at process.processTicksAndRejections (node:internal/process/task_queues:95:5)\n    at async UserService.getUserById (/app/src/services/UserService.js:39:20)","stringValue":"\"register\"","timestamp":"2025-07-20 04:21:22","value":"register","valueType":"string"}
{"ip":"::1","level":"info","message":"GET /api/health","service":"user-service","timestamp":"2025-07-20 04:21:47"}
{"ip":"::1","level":"info","message":"GET /api/health","service":"user-service","timestamp":"2025-07-20 04:22:17"}
{"level":"warn","message":"MongoDB disconnected","service":"user-service","timestamp":"2025-07-20 04:22:36"}
{"level":"info","message":"SIGTERM received, shutting down gracefully","service":"user-service","timestamp":"2025-07-20 04:22:38"}
{"level":"info","message":"User service running on port 8082","service":"user-service","timestamp":"2025-07-20 04:24:34"}
{"level":"info","message":"Environment: development","service":"user-service","timestamp":"2025-07-20 04:24:34"}
{"level":"info","message":"Health check: http://localhost:8082/api/health","service":"user-service","timestamp":"2025-07-20 04:24:34"}
{"level":"info","message":"MongoDB Connected: mongodb","service":"user-service","timestamp":"2025-07-20 04:24:34"}
{"ip":"::1","level":"info","message":"GET /api/health","service":"user-service","timestamp":"2025-07-20 04:24:37"}
{"ip":"::1","level":"info","message":"GET /api/health","service":"user-service","timestamp":"2025-07-20 04:25:07"}
{"ip":"::1","level":"info","message":"GET /api/health","service":"user-service","timestamp":"2025-07-20 04:25:38"}
{"ip":"::1","level":"info","message":"GET /api/health","service":"user-service","timestamp":"2025-07-20 04:26:08"}
{"ip":"::ffff:172.18.0.1","level":"info","message":"GET /api/users/register","service":"user-service","timestamp":"2025-07-20 04:26:27","userAgent":"PostmanRuntime/7.28.3"}
{"kind":"ObjectId","level":"error","message":"Error getting user by ID: Cast to ObjectId failed for value \"register\" (type string) at path \"_id\" for model \"User\"","path":"_id","reason":{},"service":"user-service","stack":"CastError: Cast to ObjectId failed for value \"register\" (type string) at path \"_id\" for model \"User\"\n    at SchemaObjectId.cast (/app/node_modules/mongoose/lib/schema/objectId.js:251:11)\n    at SchemaType.applySetters (/app/node_modules/mongoose/lib/schemaType.js:1258:12)\n    at SchemaType.castForQuery (/app/node_modules/mongoose/lib/schemaType.js:1676:17)\n    at cast (/app/node_modules/mongoose/lib/cast.js:390:32)\n    at Query.cast (/app/node_modules/mongoose/lib/query.js:5055:12)\n    at Query._castConditions (/app/node_modules/mongoose/lib/query.js:2351:10)\n    at model.Query._findOne (/app/node_modules/mongoose/lib/query.js:2674:8)\n    at model.Query.exec (/app/node_modules/mongoose/lib/query.js:4604:80)\n    at process.processTicksAndRejections (node:internal/process/task_queues:95:5)\n    at async UserService.getUserById (/app/src/services/UserService.js:39:20)","stringValue":"\"register\"","timestamp":"2025-07-20 04:26:27","value":"register","valueType":"string"}
{"kind":"ObjectId","level":"error","message":"Get user by ID error: Cast to ObjectId failed for value \"register\" (type string) at path \"_id\" for model \"User\"","path":"_id","reason":{},"service":"user-service","stack":"CastError: Cast to ObjectId failed for value \"register\" (type string) at path \"_id\" for model \"User\"\n    at SchemaObjectId.cast (/app/node_modules/mongoose/lib/schema/objectId.js:251:11)\n    at SchemaType.applySetters (/app/node_modules/mongoose/lib/schemaType.js:1258:12)\n    at SchemaType.castForQuery (/app/node_modules/mongoose/lib/schemaType.js:1676:17)\n    at cast (/app/node_modules/mongoose/lib/cast.js:390:32)\n    at Query.cast (/app/node_modules/mongoose/lib/query.js:5055:12)\n    at Query._castConditions (/app/node_modules/mongoose/lib/query.js:2351:10)\n    at model.Query._findOne (/app/node_modules/mongoose/lib/query.js:2674:8)\n    at model.Query.exec (/app/node_modules/mongoose/lib/query.js:4604:80)\n    at process.processTicksAndRejections (node:internal/process/task_queues:95:5)\n    at async UserService.getUserById (/app/src/services/UserService.js:39:20)","stringValue":"\"register\"","timestamp":"2025-07-20 04:26:27","value":"register","valueType":"string"}
{"ip":"::1","level":"info","message":"GET /api/health","service":"user-service","timestamp":"2025-07-20 04:26:38"}
{"ip":"::1","level":"info","message":"GET /api/health","service":"user-service","timestamp":"2025-07-20 04:27:08"}
{"ip":"::1","level":"info","message":"GET /api/health","service":"user-service","timestamp":"2025-07-20 04:27:39"}
{"ip":"::ffff:172.18.0.1","level":"info","message":"GET /api/users/register","service":"user-service","timestamp":"2025-07-20 04:27:52","userAgent":"PostmanRuntime/7.28.3"}
{"kind":"ObjectId","level":"error","message":"Error getting user by ID: Cast to ObjectId failed for value \"register\" (type string) at path \"_id\" for model \"User\"","path":"_id","reason":{},"service":"user-service","stack":"CastError: Cast to ObjectId failed for value \"register\" (type string) at path \"_id\" for model \"User\"\n    at SchemaObjectId.cast (/app/node_modules/mongoose/lib/schema/objectId.js:251:11)\n    at SchemaType.applySetters (/app/node_modules/mongoose/lib/schemaType.js:1258:12)\n    at SchemaType.castForQuery (/app/node_modules/mongoose/lib/schemaType.js:1676:17)\n    at cast (/app/node_modules/mongoose/lib/cast.js:390:32)\n    at Query.cast (/app/node_modules/mongoose/lib/query.js:5055:12)\n    at Query._castConditions (/app/node_modules/mongoose/lib/query.js:2351:10)\n    at model.Query._findOne (/app/node_modules/mongoose/lib/query.js:2674:8)\n    at model.Query.exec (/app/node_modules/mongoose/lib/query.js:4604:80)\n    at process.processTicksAndRejections (node:internal/process/task_queues:95:5)\n    at async UserService.getUserById (/app/src/services/UserService.js:39:20)","stringValue":"\"register\"","timestamp":"2025-07-20 04:27:52","value":"register","valueType":"string"}
{"kind":"ObjectId","level":"error","message":"Get user by ID error: Cast to ObjectId failed for value \"register\" (type string) at path \"_id\" for model \"User\"","path":"_id","reason":{},"service":"user-service","stack":"CastError: Cast to ObjectId failed for value \"register\" (type string) at path \"_id\" for model \"User\"\n    at SchemaObjectId.cast (/app/node_modules/mongoose/lib/schema/objectId.js:251:11)\n    at SchemaType.applySetters (/app/node_modules/mongoose/lib/schemaType.js:1258:12)\n    at SchemaType.castForQuery (/app/node_modules/mongoose/lib/schemaType.js:1676:17)\n    at cast (/app/node_modules/mongoose/lib/cast.js:390:32)\n    at Query.cast (/app/node_modules/mongoose/lib/query.js:5055:12)\n    at Query._castConditions (/app/node_modules/mongoose/lib/query.js:2351:10)\n    at model.Query._findOne (/app/node_modules/mongoose/lib/query.js:2674:8)\n    at model.Query.exec (/app/node_modules/mongoose/lib/query.js:4604:80)\n    at process.processTicksAndRejections (node:internal/process/task_queues:95:5)\n    at async UserService.getUserById (/app/src/services/UserService.js:39:20)","stringValue":"\"register\"","timestamp":"2025-07-20 04:27:52","value":"register","valueType":"string"}
{"ip":"::1","level":"info","message":"GET /api/health","service":"user-service","timestamp":"2025-07-20 04:28:09"}
{"ip":"::1","level":"info","message":"GET /api/health","service":"user-service","timestamp":"2025-07-20 04:28:39"}
{"ip":"::1","level":"info","message":"GET /api/health","service":"user-service","timestamp":"2025-07-20 04:29:10"}
{"ip":"::1","level":"info","message":"GET /api/health","service":"user-service","timestamp":"2025-07-20 04:29:40"}
{"ip":"::1","level":"info","message":"GET /api/health","service":"user-service","timestamp":"2025-07-20 04:30:10"}
{"ip":"::1","level":"info","message":"GET /api/health","service":"user-service","timestamp":"2025-07-20 04:30:41"}
{"ip":"::1","level":"info","message":"GET /api/health","service":"user-service","timestamp":"2025-07-20 04:31:11"}
{"ip":"::1","level":"info","message":"GET /api/health","service":"user-service","timestamp":"2025-07-20 04:31:41"}
{"ip":"::1","level":"info","message":"GET /api/health","service":"user-service","timestamp":"2025-07-20 04:32:11"}
{"ip":"::1","level":"info","message":"GET /api/health","service":"user-service","timestamp":"2025-07-20 04:32:42"}
{"ip":"::1","level":"info","message":"GET /api/health","service":"user-service","timestamp":"2025-07-20 04:33:12"}
{"ip":"::1","level":"info","message":"GET /api/health","service":"user-service","timestamp":"2025-07-20 04:33:42"}
{"ip":"::1","level":"info","message":"GET /api/health","service":"user-service","timestamp":"2025-07-20 04:34:12"}
{"ip":"::1","level":"info","message":"GET /api/health","service":"user-service","timestamp":"2025-07-20 04:34:43"}
{"ip":"::ffff:172.18.0.1","level":"info","message":"POST /api/users/register","service":"user-service","timestamp":"2025-07-20 04:35:13","userAgent":"PostmanRuntime/7.28.3"}
{"_message":"User validation failed","errors":{"role":{"kind":"enum","message":"`customer` is not a valid enum value for path `role`.","name":"ValidatorError","path":"role","properties":{"enumValues":["DEALER","MANAGER","CUSTOMER","ADMIN","DELIVERY","WAITER"],"message":"`customer` is not a valid enum value for path `role`.","path":"role","type":"enum","value":"customer"},"value":"customer"}},"level":"error","message":"Error registering user: User validation failed: role: `customer` is not a valid enum value for path `role`.","service":"user-service","stack":"ValidationError: User validation failed: role: `customer` is not a valid enum value for path `role`.\n    at Document.invalidate (/app/node_modules/mongoose/lib/document.js:3354:32)\n    at /app/node_modules/mongoose/lib/document.js:3115:17\n    at /app/node_modules/mongoose/lib/schemaType.js:1410:9\n    at process.processTicksAndRejections (node:internal/process/task_queues:77:11)","timestamp":"2025-07-20 04:35:13"}
{"_message":"User validation failed","errors":{"role":{"kind":"enum","message":"`customer` is not a valid enum value for path `role`.","name":"ValidatorError","path":"role","properties":{"enumValues":["DEALER","MANAGER","CUSTOMER","ADMIN","DELIVERY","WAITER"],"message":"`customer` is not a valid enum value for path `role`.","path":"role","type":"enum","value":"customer"},"value":"customer"}},"level":"error","message":"User registration error: User validation failed: role: `customer` is not a valid enum value for path `role`.","service":"user-service","stack":"ValidationError: User validation failed: role: `customer` is not a valid enum value for path `role`.\n    at Document.invalidate (/app/node_modules/mongoose/lib/document.js:3354:32)\n    at /app/node_modules/mongoose/lib/document.js:3115:17\n    at /app/node_modules/mongoose/lib/schemaType.js:1410:9\n    at process.processTicksAndRejections (node:internal/process/task_queues:77:11)","timestamp":"2025-07-20 04:35:13"}
{"ip":"::1","level":"info","message":"GET /api/health","service":"user-service","timestamp":"2025-07-20 04:35:13"}
{"ip":"::1","level":"info","message":"GET /api/health","service":"user-service","timestamp":"2025-07-20 04:35:43"}
{"ip":"::1","level":"info","message":"GET /api/health","service":"user-service","timestamp":"2025-07-20 04:36:13"}
{"ip":"::1","level":"info","message":"GET /api/health","service":"user-service","timestamp":"2025-07-20 04:36:44"}
{"ip":"::1","level":"info","message":"GET /api/health","service":"user-service","timestamp":"2025-07-20 04:37:14"}
{"ip":"::1","level":"info","message":"GET /api/health","service":"user-service","timestamp":"2025-07-20 04:37:44"}
{"ip":"::1","level":"info","message":"GET /api/health","service":"user-service","timestamp":"2025-07-20 04:38:14"}
{"level":"info","message":"SIGTERM received, shutting down gracefully","service":"user-service","timestamp":"2025-07-20 04:38:32"}
{"level":"info","message":"User service running on port 8082","service":"user-service","timestamp":"2025-07-20 04:38:36"}
{"level":"info","message":"Environment: development","service":"user-service","timestamp":"2025-07-20 04:38:36"}
{"level":"info","message":"Health check: http://localhost:8082/api/health","service":"user-service","timestamp":"2025-07-20 04:38:36"}
{"level":"info","message":"MongoDB Connected: mongodb","service":"user-service","timestamp":"2025-07-20 04:38:36"}
{"ip":"::1","level":"info","message":"GET /api/health","service":"user-service","timestamp":"2025-07-20 04:38:40"}
{"ip":"::ffff:172.18.0.1","level":"info","message":"POST /api/users/register","service":"user-service","timestamp":"2025-07-20 04:38:52","userAgent":"PostmanRuntime/7.28.3"}
{"level":"info","message":"New user registered: john.doe@example.com with role: CUSTOMER","service":"user-service","timestamp":"2025-07-20 04:38:53"}
{"ip":"::1","level":"info","message":"GET /api/health","service":"user-service","timestamp":"2025-07-20 04:39:10"}
{"ip":"::1","level":"info","message":"GET /api/health","service":"user-service","timestamp":"2025-07-20 04:39:40"}
{"ip":"::1","level":"info","message":"GET /api/health","service":"user-service","timestamp":"2025-07-20 04:40:10"}
{"ip":"::1","level":"info","message":"GET /api/health","service":"user-service","timestamp":"2025-07-20 04:40:40"}
{"ip":"::1","level":"info","message":"GET /api/health","service":"user-service","timestamp":"2025-07-20 04:41:11"}
{"ip":"::1","level":"info","message":"GET /api/health","service":"user-service","timestamp":"2025-07-20 04:41:41"}
{"ip":"::1","level":"info","message":"GET /api/health","service":"user-service","timestamp":"2025-07-20 04:42:11"}
{"ip":"::1","level":"info","message":"GET /api/health","service":"user-service","timestamp":"2025-07-20 04:42:41"}
{"ip":"::1","level":"info","message":"GET /api/health","service":"user-service","timestamp":"2025-07-20 04:43:12"}
{"ip":"::1","level":"info","message":"GET /api/health","service":"user-service","timestamp":"2025-07-20 04:43:42"}
{"ip":"::1","level":"info","message":"GET /api/health","service":"user-service","timestamp":"2025-07-20 04:44:12"}
{"ip":"::1","level":"info","message":"GET /api/health","service":"user-service","timestamp":"2025-07-20 04:44:43"}
{"ip":"::1","level":"info","message":"GET /api/health","service":"user-service","timestamp":"2025-07-20 04:45:13"}
{"ip":"::1","level":"info","message":"GET /api/health","service":"user-service","timestamp":"2025-07-20 04:45:44"}
{"ip":"::1","level":"info","message":"GET /api/health","service":"user-service","timestamp":"2025-07-20 04:46:14"}
{"ip":"::1","level":"info","message":"GET /api/health","service":"user-service","timestamp":"2025-07-20 04:46:44"}
{"ip":"::1","level":"info","message":"GET /api/health","service":"user-service","timestamp":"2025-07-20 04:47:14"}
{"ip":"::1","level":"info","message":"GET /api/health","service":"user-service","timestamp":"2025-07-20 04:47:45"}
{"ip":"::1","level":"info","message":"GET /api/health","service":"user-service","timestamp":"2025-07-20 04:48:15"}
{"ip":"::1","level":"info","message":"GET /api/health","service":"user-service","timestamp":"2025-07-20 04:48:45"}
{"ip":"::1","level":"info","message":"GET /api/health","service":"user-service","timestamp":"2025-07-20 04:49:16"}
{"ip":"::1","level":"info","message":"GET /api/health","service":"user-service","timestamp":"2025-07-20 04:49:46"}
{"ip":"::1","level":"info","message":"GET /api/health","service":"user-service","timestamp":"2025-07-20 04:50:16"}
{"ip":"::1","level":"info","message":"GET /api/health","service":"user-service","timestamp":"2025-07-20 04:50:46"}
{"ip":"::1","level":"info","message":"GET /api/health","service":"user-service","timestamp":"2025-07-20 04:51:17"}
{"ip":"::1","level":"info","message":"GET /api/health","service":"user-service","timestamp":"2025-07-20 04:51:47"}
{"ip":"::1","level":"info","message":"GET /api/health","service":"user-service","timestamp":"2025-07-20 04:52:17"}
{"ip":"::1","level":"info","message":"GET /api/health","service":"user-service","timestamp":"2025-07-20 04:52:47"}
{"ip":"::1","level":"info","message":"GET /api/health","service":"user-service","timestamp":"2025-07-20 04:53:18"}
{"ip":"::1","level":"info","message":"GET /api/health","service":"user-service","timestamp":"2025-07-20 04:53:48"}
{"ip":"::1","level":"info","message":"GET /api/health","service":"user-service","timestamp":"2025-07-20 04:54:18"}
{"ip":"::1","level":"info","message":"GET /api/health","service":"user-service","timestamp":"2025-07-20 04:54:48"}
{"ip":"::1","level":"info","message":"GET /api/health","service":"user-service","timestamp":"2025-07-20 04:55:18"}
{"ip":"::1","level":"info","message":"GET /api/health","service":"user-service","timestamp":"2025-07-20 04:55:49"}
{"ip":"::1","level":"info","message":"GET /api/health","service":"user-service","timestamp":"2025-07-20 04:56:19"}
{"ip":"::1","level":"info","message":"GET /api/health","service":"user-service","timestamp":"2025-07-20 04:56:49"}
{"ip":"::1","level":"info","message":"GET /api/health","service":"user-service","timestamp":"2025-07-20 04:57:19"}
{"ip":"::1","level":"info","message":"GET /api/health","service":"user-service","timestamp":"2025-07-20 04:57:49"}
{"ip":"::1","level":"info","message":"GET /api/health","service":"user-service","timestamp":"2025-07-20 04:58:20"}
{"ip":"::1","level":"info","message":"GET /api/health","service":"user-service","timestamp":"2025-07-20 04:58:50"}
{"ip":"::ffff:172.18.0.1","level":"info","message":"GET /api/users/687c72dcbe6ec9797bc4fd97","service":"user-service","timestamp":"2025-07-20 04:59:14","userAgent":"PostmanRuntime/7.28.3"}
{"ip":"::1","level":"info","message":"GET /api/health","service":"user-service","timestamp":"2025-07-20 04:59:20"}
{"ip":"::ffff:172.18.0.1","level":"info","message":"GET /api/users/687c72dcbe6ec9797bc4fd97/status","service":"user-service","timestamp":"2025-07-20 04:59:36","userAgent":"PostmanRuntime/7.28.3"}
{"ip":"::1","level":"info","message":"GET /api/health","service":"user-service","timestamp":"2025-07-20 04:59:50"}
{"ip":"::1","level":"info","message":"GET /api/health","service":"user-service","timestamp":"2025-07-20 05:00:20"}
{"ip":"::1","level":"info","message":"GET /api/health","service":"user-service","timestamp":"2025-07-20 05:00:51"}
{"ip":"::ffff:172.18.0.1","level":"info","message":"PATCH /api/users/687c72dcbe6ec9797bc4fd97","service":"user-service","timestamp":"2025-07-20 05:00:55","userAgent":"PostmanRuntime/7.28.3"}
{"ip":"::ffff:172.18.0.1","level":"info","message":"GET /api/users/687c72dcbe6ec9797bc4fd97","service":"user-service","timestamp":"2025-07-20 05:01:01","userAgent":"PostmanRuntime/7.28.3"}
{"ip":"::1","level":"info","message":"GET /api/health","service":"user-service","timestamp":"2025-07-20 05:01:21"}
{"ip":"::1","level":"info","message":"GET /api/health","service":"user-service","timestamp":"2025-07-20 05:01:51"}
{"ip":"::ffff:172.18.0.1","level":"info","message":"GET /api/users/687c72dcbe6ec9797bc4fd97/status","service":"user-service","timestamp":"2025-07-20 05:01:56","userAgent":"PostmanRuntime/7.28.3"}
{"ip":"::ffff:172.18.0.1","level":"info","message":"PATCH /api/users/687c72dcbe6ec9797bc4fd97/status","service":"user-service","timestamp":"2025-07-20 05:02:16","userAgent":"PostmanRuntime/7.28.3"}
{"level":"info","message":"User status updated: john.doe@example.com -> ACTIVE","service":"user-service","timestamp":"2025-07-20 05:02:16"}
{"ip":"::1","level":"info","message":"GET /api/health","service":"user-service","timestamp":"2025-07-20 05:02:21"}
{"ip":"::ffff:172.18.0.1","level":"info","message":"GET /api/users/687c72dcbe6ec9797bc4fd97","service":"user-service","timestamp":"2025-07-20 05:02:26","userAgent":"PostmanRuntime/7.28.3"}
{"ip":"::1","level":"info","message":"GET /api/health","service":"user-service","timestamp":"2025-07-20 05:02:51"}
{"ip":"::1","level":"info","message":"GET /api/health","service":"user-service","timestamp":"2025-07-20 05:03:22"}
{"ip":"::1","level":"info","message":"GET /api/health","service":"user-service","timestamp":"2025-07-20 05:03:52"}
{"ip":"::ffff:172.18.0.1","level":"info","message":"GET /api/users/email/john.doe@example.com","service":"user-service","timestamp":"2025-07-20 05:04:19","userAgent":"PostmanRuntime/7.28.3"}
{"ip":"::1","level":"info","message":"GET /api/health","service":"user-service","timestamp":"2025-07-20 05:04:22"}
{"ip":"::1","level":"info","message":"GET /api/health","service":"user-service","timestamp":"2025-07-20 05:04:52"}
{"ip":"::1","level":"info","message":"GET /api/health","service":"user-service","timestamp":"2025-07-20 05:05:22"}
{"ip":"::1","level":"info","message":"GET /api/health","service":"user-service","timestamp":"2025-07-20 05:05:53"}
{"ip":"::1","level":"info","message":"GET /api/health","service":"user-service","timestamp":"2025-07-20 05:06:23"}
{"ip":"::1","level":"info","message":"GET /api/health","service":"user-service","timestamp":"2025-07-20 05:06:53"}
{"ip":"::1","level":"info","message":"GET /api/health","service":"user-service","timestamp":"2025-07-20 05:07:23"}
{"ip":"::1","level":"info","message":"GET /api/health","service":"user-service","timestamp":"2025-07-20 05:07:53"}
{"ip":"::1","level":"info","message":"GET /api/health","service":"user-service","timestamp":"2025-07-20 05:08:24"}
{"ip":"::1","level":"info","message":"GET /api/health","service":"user-service","timestamp":"2025-07-20 05:08:54"}
{"ip":"::1","level":"info","message":"GET /api/health","service":"user-service","timestamp":"2025-07-20 05:09:24"}
{"ip":"::1","level":"info","message":"GET /api/health","service":"user-service","timestamp":"2025-07-20 05:09:54"}
{"ip":"::1","level":"info","message":"GET /api/health","service":"user-service","timestamp":"2025-07-20 05:10:24"}
{"ip":"::1","level":"info","message":"GET /api/health","service":"user-service","timestamp":"2025-07-20 05:10:55"}
{"ip":"::1","level":"info","message":"GET /api/health","service":"user-service","timestamp":"2025-07-20 05:11:25"}
{"ip":"::ffff:172.18.0.1","level":"info","message":"PUT /api/users/687c72dcbe6ec9797bc4fd97","service":"user-service","timestamp":"2025-07-20 05:11:42","userAgent":"PostmanRuntime/7.28.3"}
{"level":"info","message":"User updated: john.doe@example.com","service":"user-service","timestamp":"2025-07-20 05:11:42"}
{"ip":"::ffff:172.18.0.1","level":"info","message":"GET /api/users/687c72dcbe6ec9797bc4fd97","service":"user-service","timestamp":"2025-07-20 05:11:46","userAgent":"PostmanRuntime/7.28.3"}
{"ip":"::1","level":"info","message":"GET /api/health","service":"user-service","timestamp":"2025-07-20 05:11:55"}
{"ip":"::1","level":"info","message":"GET /api/health","service":"user-service","timestamp":"2025-07-20 05:12:25"}
{"ip":"::1","level":"info","message":"GET /api/health","service":"user-service","timestamp":"2025-07-20 05:12:55"}
{"ip":"::ffff:172.18.0.1","level":"info","message":"DELETE /api/users/687c72dcbe6ec9797bc4fd97","service":"user-service","timestamp":"2025-07-20 05:12:57","userAgent":"PostmanRuntime/7.28.3"}
{"level":"info","message":"User deleted: john.doe@example.com","service":"user-service","timestamp":"2025-07-20 05:12:57"}
{"ip":"::ffff:172.18.0.1","level":"info","message":"GET /api/users/email/john.doe@example.com","service":"user-service","timestamp":"2025-07-20 05:13:02","userAgent":"PostmanRuntime/7.28.3"}
{"ip":"::ffff:172.18.0.1","level":"info","message":"GET /api/users/687c72dcbe6ec9797bc4fd97","service":"user-service","timestamp":"2025-07-20 05:13:09","userAgent":"PostmanRuntime/7.28.3"}
{"ip":"::1","level":"info","message":"GET /api/health","service":"user-service","timestamp":"2025-07-20 05:13:26"}
{"ip":"::ffff:172.18.0.1","level":"info","message":"GET /api/users","service":"user-service","timestamp":"2025-07-20 05:13:44","userAgent":"PostmanRuntime/7.28.3"}
{"ip":"::1","level":"info","message":"GET /api/health","service":"user-service","timestamp":"2025-07-20 05:13:56"}
{"ip":"::1","level":"info","message":"GET /api/health","service":"user-service","timestamp":"2025-07-20 05:14:26"}
{"ip":"::1","level":"info","message":"GET /api/health","service":"user-service","timestamp":"2025-07-20 05:14:56"}
{"ip":"::1","level":"info","message":"GET /api/health","service":"user-service","timestamp":"2025-07-20 05:15:27"}
{"ip":"::1","level":"info","message":"GET /api/health","service":"user-service","timestamp":"2025-07-20 05:15:57"}
{"ip":"::1","level":"info","message":"GET /api/health","service":"user-service","timestamp":"2025-07-20 05:16:27"}
{"ip":"::1","level":"info","message":"GET /api/health","service":"user-service","timestamp":"2025-07-20 05:16:57"}
{"ip":"::1","level":"info","message":"GET /api/health","service":"user-service","timestamp":"2025-07-20 05:17:27"}
{"ip":"::1","level":"info","message":"GET /api/health","service":"user-service","timestamp":"2025-07-20 05:17:58"}
{"ip":"::1","level":"info","message":"GET /api/health","service":"user-service","timestamp":"2025-07-20 05:18:28"}
{"ip":"::1","level":"info","message":"GET /api/health","service":"user-service","timestamp":"2025-07-20 05:18:58"}
{"ip":"::1","level":"info","message":"GET /api/health","service":"user-service","timestamp":"2025-07-20 05:19:28"}
{"ip":"::1","level":"info","message":"GET /api/health","service":"user-service","timestamp":"2025-07-20 05:19:58"}
{"ip":"::1","level":"info","message":"GET /api/health","service":"user-service","timestamp":"2025-07-20 05:20:29"}
{"ip":"::1","level":"info","message":"GET /api/health","service":"user-service","timestamp":"2025-07-20 05:20:59"}
{"ip":"::1","level":"info","message":"GET /api/health","service":"user-service","timestamp":"2025-07-20 05:21:29"}
{"ip":"::1","level":"info","message":"GET /api/health","service":"user-service","timestamp":"2025-07-20 05:21:59"}
{"ip":"::1","level":"info","message":"GET /api/health","service":"user-service","timestamp":"2025-07-20 05:22:29"}
{"ip":"::1","level":"info","message":"GET /api/health","service":"user-service","timestamp":"2025-07-20 05:23:00"}
{"ip":"::1","level":"info","message":"GET /api/health","service":"user-service","timestamp":"2025-07-20 05:23:30"}
{"ip":"::1","level":"info","message":"GET /api/health","service":"user-service","timestamp":"2025-07-20 05:24:00"}
{"ip":"::1","level":"info","message":"GET /api/health","service":"user-service","timestamp":"2025-07-20 05:24:30"}
{"ip":"::1","level":"info","message":"GET /api/health","service":"user-service","timestamp":"2025-07-20 05:25:01"}
{"ip":"::1","level":"info","message":"GET /api/health","service":"user-service","timestamp":"2025-07-20 05:25:31"}
{"ip":"::1","level":"info","message":"GET /api/health","service":"user-service","timestamp":"2025-07-20 05:26:01"}
{"ip":"::1","level":"info","message":"GET /api/health","service":"user-service","timestamp":"2025-07-20 05:26:31"}
{"ip":"::1","level":"info","message":"GET /api/health","service":"user-service","timestamp":"2025-07-20 05:27:01"}
{"ip":"::1","level":"info","message":"GET /api/health","service":"user-service","timestamp":"2025-07-20 05:27:31"}
{"ip":"::1","level":"info","message":"GET /api/health","service":"user-service","timestamp":"2025-07-20 05:28:02"}
{"ip":"::1","level":"info","message":"GET /api/health","service":"user-service","timestamp":"2025-07-20 05:28:32"}
{"ip":"::1","level":"info","message":"GET /api/health","service":"user-service","timestamp":"2025-07-20 05:29:02"}
{"ip":"::1","level":"info","message":"GET /api/health","service":"user-service","timestamp":"2025-07-20 05:29:32"}
{"ip":"::1","level":"info","message":"GET /api/health","service":"user-service","timestamp":"2025-07-20 05:30:02"}
{"ip":"::1","level":"info","message":"GET /api/health","service":"user-service","timestamp":"2025-07-20 05:30:33"}
{"ip":"::1","level":"info","message":"GET /api/health","service":"user-service","timestamp":"2025-07-20 05:31:03"}
{"ip":"::1","level":"info","message":"GET /api/health","service":"user-service","timestamp":"2025-07-20 05:31:33"}
{"ip":"::1","level":"info","message":"GET /api/health","service":"user-service","timestamp":"2025-07-20 05:32:03"}
{"ip":"::1","level":"info","message":"GET /api/health","service":"user-service","timestamp":"2025-07-20 05:32:33"}
{"ip":"::1","level":"info","message":"GET /api/health","service":"user-service","timestamp":"2025-07-20 05:33:04"}
{"ip":"::1","level":"info","message":"GET /api/health","service":"user-service","timestamp":"2025-07-20 05:33:34"}
{"ip":"::1","level":"info","message":"GET /api/health","service":"user-service","timestamp":"2025-07-20 05:34:04"}
{"ip":"::1","level":"info","message":"GET /api/health","service":"user-service","timestamp":"2025-07-20 05:34:34"}
{"ip":"::1","level":"info","message":"GET /api/health","service":"user-service","timestamp":"2025-07-20 05:35:04"}
{"ip":"::1","level":"info","message":"GET /api/health","service":"user-service","timestamp":"2025-07-20 05:35:35"}
{"ip":"::1","level":"info","message":"GET /api/health","service":"user-service","timestamp":"2025-07-20 05:36:05"}
{"ip":"::1","level":"info","message":"GET /api/health","service":"user-service","timestamp":"2025-07-20 05:36:35"}
{"ip":"::1","level":"info","message":"GET /api/health","service":"user-service","timestamp":"2025-07-20 05:37:05"}
{"ip":"::1","level":"info","message":"GET /api/health","service":"user-service","timestamp":"2025-07-20 05:37:36"}
{"ip":"::1","level":"info","message":"GET /api/health","service":"user-service","timestamp":"2025-07-20 05:38:06"}
{"ip":"::1","level":"info","message":"GET /api/health","service":"user-service","timestamp":"2025-07-20 05:38:36"}
{"ip":"::1","level":"info","message":"GET /api/health","service":"user-service","timestamp":"2025-07-20 05:39:06"}
{"ip":"::1","level":"info","message":"GET /api/health","service":"user-service","timestamp":"2025-07-20 05:39:36"}
{"ip":"::1","level":"info","message":"GET /api/health","service":"user-service","timestamp":"2025-07-20 05:40:07"}
{"ip":"::1","level":"info","message":"GET /api/health","service":"user-service","timestamp":"2025-07-20 05:40:37"}
{"ip":"::1","level":"info","message":"GET /api/health","service":"user-service","timestamp":"2025-07-20 05:41:07"}
{"ip":"::1","level":"info","message":"GET /api/health","service":"user-service","timestamp":"2025-07-20 05:41:37"}
{"ip":"::1","level":"info","message":"GET /api/health","service":"user-service","timestamp":"2025-07-20 05:42:07"}
{"ip":"::1","level":"info","message":"GET /api/health","service":"user-service","timestamp":"2025-07-20 05:42:37"}
{"ip":"::1","level":"info","message":"GET /api/health","service":"user-service","timestamp":"2025-07-20 05:43:08"}
{"ip":"::1","level":"info","message":"GET /api/health","service":"user-service","timestamp":"2025-07-20 05:43:38"}
{"ip":"::1","level":"info","message":"GET /api/health","service":"user-service","timestamp":"2025-07-20 05:44:08"}
{"ip":"::1","level":"info","message":"GET /api/health","service":"user-service","timestamp":"2025-07-20 05:44:38"}
{"ip":"::1","level":"info","message":"GET /api/health","service":"user-service","timestamp":"2025-07-20 05:45:08"}
{"ip":"::1","level":"info","message":"GET /api/health","service":"user-service","timestamp":"2025-07-20 05:45:39"}
{"ip":"::1","level":"info","message":"GET /api/health","service":"user-service","timestamp":"2025-07-20 05:46:09"}
{"ip":"::1","level":"info","message":"GET /api/health","service":"user-service","timestamp":"2025-07-20 05:46:39"}
{"ip":"::1","level":"info","message":"GET /api/health","service":"user-service","timestamp":"2025-07-20 05:47:09"}
{"ip":"::1","level":"info","message":"GET /api/health","service":"user-service","timestamp":"2025-07-20 05:47:40"}
{"ip":"::1","level":"info","message":"GET /api/health","service":"user-service","timestamp":"2025-07-20 05:48:10"}
{"ip":"::1","level":"info","message":"GET /api/health","service":"user-service","timestamp":"2025-07-20 05:48:40"}
{"ip":"::1","level":"info","message":"GET /api/health","service":"user-service","timestamp":"2025-07-20 05:49:10"}
{"ip":"::1","level":"info","message":"GET /api/health","service":"user-service","timestamp":"2025-07-20 05:49:40"}
{"ip":"::1","level":"info","message":"GET /api/health","service":"user-service","timestamp":"2025-07-20 05:50:10"}
{"ip":"::1","level":"info","message":"GET /api/health","service":"user-service","timestamp":"2025-07-20 05:50:41"}
{"ip":"::1","level":"info","message":"GET /api/health","service":"user-service","timestamp":"2025-07-20 05:51:11"}
{"ip":"::1","level":"info","message":"GET /api/health","service":"user-service","timestamp":"2025-07-20 05:51:41"}
{"ip":"::1","level":"info","message":"GET /api/health","service":"user-service","timestamp":"2025-07-20 05:52:11"}
{"ip":"::1","level":"info","message":"GET /api/health","service":"user-service","timestamp":"2025-07-20 05:52:41"}
{"ip":"::1","level":"info","message":"GET /api/health","service":"user-service","timestamp":"2025-07-20 05:53:12"}
{"ip":"::1","level":"info","message":"GET /api/health","service":"user-service","timestamp":"2025-07-20 05:53:42"}
{"ip":"::1","level":"info","message":"GET /api/health","service":"user-service","timestamp":"2025-07-20 05:54:12"}
{"ip":"::1","level":"info","message":"GET /api/health","service":"user-service","timestamp":"2025-07-20 05:54:42"}
{"ip":"::1","level":"info","message":"GET /api/health","service":"user-service","timestamp":"2025-07-20 05:55:12"}
{"ip":"::1","level":"info","message":"GET /api/health","service":"user-service","timestamp":"2025-07-20 05:55:43"}
{"ip":"::1","level":"info","message":"GET /api/health","service":"user-service","timestamp":"2025-07-20 05:56:13"}
{"ip":"::1","level":"info","message":"GET /api/health","service":"user-service","timestamp":"2025-07-20 05:56:43"}
{"ip":"::1","level":"info","message":"GET /api/health","service":"user-service","timestamp":"2025-07-20 05:57:13"}
{"ip":"::1","level":"info","message":"GET /api/health","service":"user-service","timestamp":"2025-07-20 05:57:43"}
{"ip":"::1","level":"info","message":"GET /api/health","service":"user-service","timestamp":"2025-07-20 05:58:14"}
{"ip":"::1","level":"info","message":"GET /api/health","service":"user-service","timestamp":"2025-07-20 05:58:44"}
{"ip":"::1","level":"info","message":"GET /api/health","service":"user-service","timestamp":"2025-07-20 05:59:14"}
{"ip":"::1","level":"info","message":"GET /api/health","service":"user-service","timestamp":"2025-07-20 05:59:44"}
{"ip":"::1","level":"info","message":"GET /api/health","service":"user-service","timestamp":"2025-07-20 06:00:14"}
{"ip":"::1","level":"info","message":"GET /api/health","service":"user-service","timestamp":"2025-07-20 06:00:45"}
{"ip":"::1","level":"info","message":"GET /api/health","service":"user-service","timestamp":"2025-07-20 06:01:15"}
{"ip":"::1","level":"info","message":"GET /api/health","service":"user-service","timestamp":"2025-07-20 06:01:45"}
{"ip":"::1","level":"info","message":"GET /api/health","service":"user-service","timestamp":"2025-07-20 06:02:15"}
{"ip":"::1","level":"info","message":"GET /api/health","service":"user-service","timestamp":"2025-07-20 06:02:45"}
{"ip":"::1","level":"info","message":"GET /api/health","service":"user-service","timestamp":"2025-07-20 06:03:16"}
{"ip":"::1","level":"info","message":"GET /api/health","service":"user-service","timestamp":"2025-07-20 06:03:46"}
{"ip":"::1","level":"info","message":"GET /api/health","service":"user-service","timestamp":"2025-07-20 06:04:16"}
{"ip":"::1","level":"info","message":"GET /api/health","service":"user-service","timestamp":"2025-07-20 06:04:46"}
{"ip":"::1","level":"info","message":"GET /api/health","service":"user-service","timestamp":"2025-07-20 06:05:16"}
{"ip":"::1","level":"info","message":"GET /api/health","service":"user-service","timestamp":"2025-07-20 06:05:47"}
{"ip":"::1","level":"info","message":"GET /api/health","service":"user-service","timestamp":"2025-07-20 06:06:17"}
{"ip":"::1","level":"info","message":"GET /api/health","service":"user-service","timestamp":"2025-07-20 06:06:47"}
{"ip":"::1","level":"info","message":"GET /api/health","service":"user-service","timestamp":"2025-07-20 06:07:17"}
{"ip":"::1","level":"info","message":"GET /api/health","service":"user-service","timestamp":"2025-07-20 06:07:47"}
{"ip":"::1","level":"info","message":"GET /api/health","service":"user-service","timestamp":"2025-07-20 06:08:18"}
{"ip":"::1","level":"info","message":"GET /api/health","service":"user-service","timestamp":"2025-07-20 06:08:48"}
{"ip":"::1","level":"info","message":"GET /api/health","service":"user-service","timestamp":"2025-07-20 06:09:18"}
{"ip":"::1","level":"info","message":"GET /api/health","service":"user-service","timestamp":"2025-07-20 06:09:48"}
{"ip":"::1","level":"info","message":"GET /api/health","service":"user-service","timestamp":"2025-07-20 06:10:18"}
{"ip":"::1","level":"info","message":"GET /api/health","service":"user-service","timestamp":"2025-07-20 06:10:48"}
{"ip":"::1","level":"info","message":"GET /api/health","service":"user-service","timestamp":"2025-07-20 06:11:19"}
{"ip":"::1","level":"info","message":"GET /api/health","service":"user-service","timestamp":"2025-07-20 06:11:49"}
{"ip":"::1","level":"info","message":"GET /api/health","service":"user-service","timestamp":"2025-07-20 06:12:19"}
{"ip":"::1","level":"info","message":"GET /api/health","service":"user-service","timestamp":"2025-07-20 06:12:49"}
{"ip":"::1","level":"info","message":"GET /api/health","service":"user-service","timestamp":"2025-07-20 06:13:19"}
{"ip":"::1","level":"info","message":"GET /api/health","service":"user-service","timestamp":"2025-07-20 06:13:50"}
{"ip":"::1","level":"info","message":"GET /api/health","service":"user-service","timestamp":"2025-07-20 06:14:20"}
{"ip":"::1","level":"info","message":"GET /api/health","service":"user-service","timestamp":"2025-07-20 06:14:50"}
{"ip":"::1","level":"info","message":"GET /api/health","service":"user-service","timestamp":"2025-07-20 06:15:20"}
{"ip":"::1","level":"info","message":"GET /api/health","service":"user-service","timestamp":"2025-07-20 06:15:50"}
{"ip":"::1","level":"info","message":"GET /api/health","service":"user-service","timestamp":"2025-07-20 06:16:21"}
{"ip":"::1","level":"info","message":"GET /api/health","service":"user-service","timestamp":"2025-07-20 06:16:51"}
{"ip":"::1","level":"info","message":"GET /api/health","service":"user-service","timestamp":"2025-07-20 06:17:21"}
{"ip":"::1","level":"info","message":"GET /api/health","service":"user-service","timestamp":"2025-07-20 06:17:51"}
{"ip":"::1","level":"info","message":"GET /api/health","service":"user-service","timestamp":"2025-07-20 06:18:21"}
{"ip":"::1","level":"info","message":"GET /api/health","service":"user-service","timestamp":"2025-07-20 06:18:51"}
{"ip":"::1","level":"info","message":"GET /api/health","service":"user-service","timestamp":"2025-07-20 06:19:22"}
{"ip":"::1","level":"info","message":"GET /api/health","service":"user-service","timestamp":"2025-07-20 06:19:52"}
{"ip":"::1","level":"info","message":"GET /api/health","service":"user-service","timestamp":"2025-07-20 06:20:22"}
{"ip":"::1","level":"info","message":"GET /api/health","service":"user-service","timestamp":"2025-07-20 06:20:52"}
{"ip":"::1","level":"info","message":"GET /api/health","service":"user-service","timestamp":"2025-07-20 06:21:22"}
{"ip":"::1","level":"info","message":"GET /api/health","service":"user-service","timestamp":"2025-07-20 06:21:53"}
{"ip":"::1","level":"info","message":"GET /api/health","service":"user-service","timestamp":"2025-07-20 06:22:23"}
{"ip":"::1","level":"info","message":"GET /api/health","service":"user-service","timestamp":"2025-07-20 06:22:53"}
{"ip":"::1","level":"info","message":"GET /api/health","service":"user-service","timestamp":"2025-07-20 06:23:23"}
{"ip":"::1","level":"info","message":"GET /api/health","service":"user-service","timestamp":"2025-07-20 06:23:53"}
{"ip":"::1","level":"info","message":"GET /api/health","service":"user-service","timestamp":"2025-07-20 06:24:24"}
{"ip":"::1","level":"info","message":"GET /api/health","service":"user-service","timestamp":"2025-07-20 06:24:54"}
{"ip":"::1","level":"info","message":"GET /api/health","service":"user-service","timestamp":"2025-07-20 06:25:24"}
{"ip":"::1","level":"info","message":"GET /api/health","service":"user-service","timestamp":"2025-07-20 06:25:54"}
{"ip":"::1","level":"info","message":"GET /api/health","service":"user-service","timestamp":"2025-07-20 06:26:24"}
{"ip":"::1","level":"info","message":"GET /api/health","service":"user-service","timestamp":"2025-07-20 06:26:55"}
{"ip":"::1","level":"info","message":"GET /api/health","service":"user-service","timestamp":"2025-07-20 06:27:25"}
{"ip":"::1","level":"info","message":"GET /api/health","service":"user-service","timestamp":"2025-07-20 06:27:55"}
{"ip":"::1","level":"info","message":"GET /api/health","service":"user-service","timestamp":"2025-07-20 06:28:25"}
{"ip":"::1","level":"info","message":"GET /api/health","service":"user-service","timestamp":"2025-07-20 06:28:55"}
{"ip":"::1","level":"info","message":"GET /api/health","service":"user-service","timestamp":"2025-07-20 06:29:26"}
{"ip":"::1","level":"info","message":"GET /api/health","service":"user-service","timestamp":"2025-07-20 06:29:56"}
{"ip":"::1","level":"info","message":"GET /api/health","service":"user-service","timestamp":"2025-07-20 06:30:26"}
{"ip":"::1","level":"info","message":"GET /api/health","service":"user-service","timestamp":"2025-07-20 06:30:57"}
{"ip":"::1","level":"info","message":"GET /api/health","service":"user-service","timestamp":"2025-07-20 06:31:27"}
{"ip":"::1","level":"info","message":"GET /api/health","service":"user-service","timestamp":"2025-07-20 06:31:57"}
{"ip":"::1","level":"info","message":"GET /api/health","service":"user-service","timestamp":"2025-07-20 06:32:27"}
{"ip":"::1","level":"info","message":"GET /api/health","service":"user-service","timestamp":"2025-07-20 06:32:57"}
{"ip":"::1","level":"info","message":"GET /api/health","service":"user-service","timestamp":"2025-07-20 06:33:28"}
{"ip":"::1","level":"info","message":"GET /api/health","service":"user-service","timestamp":"2025-07-20 06:33:58"}
{"ip":"::1","level":"info","message":"GET /api/health","service":"user-service","timestamp":"2025-07-20 06:34:28"}
{"ip":"::1","level":"info","message":"GET /api/health","service":"user-service","timestamp":"2025-07-20 06:34:58"}
{"ip":"::1","level":"info","message":"GET /api/health","service":"user-service","timestamp":"2025-07-20 06:35:28"}
{"ip":"::1","level":"info","message":"GET /api/health","service":"user-service","timestamp":"2025-07-20 06:35:59"}
{"ip":"::1","level":"info","message":"GET /api/health","service":"user-service","timestamp":"2025-07-20 06:36:29"}
{"ip":"::1","level":"info","message":"GET /api/health","service":"user-service","timestamp":"2025-07-20 06:36:59"}
{"ip":"::1","level":"info","message":"GET /api/health","service":"user-service","timestamp":"2025-07-20 06:37:29"}
{"ip":"::1","level":"info","message":"GET /api/health","service":"user-service","timestamp":"2025-07-20 06:37:59"}
{"ip":"::1","level":"info","message":"GET /api/health","service":"user-service","timestamp":"2025-07-20 06:38:30"}
{"ip":"::1","level":"info","message":"GET /api/health","service":"user-service","timestamp":"2025-07-20 06:39:00"}
{"ip":"::1","level":"info","message":"GET /api/health","service":"user-service","timestamp":"2025-07-20 06:39:30"}
{"ip":"::1","level":"info","message":"GET /api/health","service":"user-service","timestamp":"2025-07-20 06:40:00"}
{"ip":"::1","level":"info","message":"GET /api/health","service":"user-service","timestamp":"2025-07-20 06:40:30"}
{"ip":"::1","level":"info","message":"GET /api/health","service":"user-service","timestamp":"2025-07-20 06:41:01"}
{"ip":"::1","level":"info","message":"GET /api/health","service":"user-service","timestamp":"2025-07-20 06:41:31"}
{"ip":"::1","level":"info","message":"GET /api/health","service":"user-service","timestamp":"2025-07-20 06:42:01"}
{"ip":"::1","level":"info","message":"GET /api/health","service":"user-service","timestamp":"2025-07-20 06:42:31"}
{"ip":"::1","level":"info","message":"GET /api/health","service":"user-service","timestamp":"2025-07-20 06:43:01"}
{"ip":"::1","level":"info","message":"GET /api/health","service":"user-service","timestamp":"2025-07-20 06:43:32"}
{"ip":"::1","level":"info","message":"GET /api/health","service":"user-service","timestamp":"2025-07-20 06:44:02"}
{"ip":"::1","level":"info","message":"GET /api/health","service":"user-service","timestamp":"2025-07-20 06:44:32"}
{"ip":"::1","level":"info","message":"GET /api/health","service":"user-service","timestamp":"2025-07-20 06:45:02"}
{"ip":"::1","level":"info","message":"GET /api/health","service":"user-service","timestamp":"2025-07-20 06:45:32"}
{"ip":"::1","level":"info","message":"GET /api/health","service":"user-service","timestamp":"2025-07-20 06:46:03"}
{"ip":"::1","level":"info","message":"GET /api/health","service":"user-service","timestamp":"2025-07-20 06:46:33"}
{"ip":"::1","level":"info","message":"GET /api/health","service":"user-service","timestamp":"2025-07-20 06:47:03"}
{"ip":"::1","level":"info","message":"GET /api/health","service":"user-service","timestamp":"2025-07-20 06:47:33"}
{"ip":"::1","level":"info","message":"GET /api/health","service":"user-service","timestamp":"2025-07-20 06:48:03"}
{"ip":"::1","level":"info","message":"GET /api/health","service":"user-service","timestamp":"2025-07-20 06:48:34"}
{"ip":"::1","level":"info","message":"GET /api/health","service":"user-service","timestamp":"2025-07-20 06:49:04"}
{"ip":"::1","level":"info","message":"GET /api/health","service":"user-service","timestamp":"2025-07-20 06:49:34"}
{"ip":"::1","level":"info","message":"GET /api/health","service":"user-service","timestamp":"2025-07-20 06:50:04"}
{"ip":"::1","level":"info","message":"GET /api/health","service":"user-service","timestamp":"2025-07-20 06:50:34"}
{"ip":"::1","level":"info","message":"GET /api/health","service":"user-service","timestamp":"2025-07-20 06:51:05"}
{"ip":"::1","level":"info","message":"GET /api/health","service":"user-service","timestamp":"2025-07-20 06:51:35"}
{"ip":"::1","level":"info","message":"GET /api/health","service":"user-service","timestamp":"2025-07-20 06:52:05"}
{"ip":"::1","level":"info","message":"GET /api/health","service":"user-service","timestamp":"2025-07-20 06:52:35"}
{"ip":"::1","level":"info","message":"GET /api/health","service":"user-service","timestamp":"2025-07-20 06:53:05"}
{"ip":"::1","level":"info","message":"GET /api/health","service":"user-service","timestamp":"2025-07-20 06:53:36"}
{"ip":"::1","level":"info","message":"GET /api/health","service":"user-service","timestamp":"2025-07-20 06:54:06"}
{"ip":"::1","level":"info","message":"GET /api/health","service":"user-service","timestamp":"2025-07-20 06:54:36"}
{"ip":"::1","level":"info","message":"GET /api/health","service":"user-service","timestamp":"2025-07-20 06:55:06"}
{"ip":"::1","level":"info","message":"GET /api/health","service":"user-service","timestamp":"2025-07-20 06:55:36"}
{"ip":"::1","level":"info","message":"GET /api/health","service":"user-service","timestamp":"2025-07-20 06:56:07"}
{"ip":"::1","level":"info","message":"GET /api/health","service":"user-service","timestamp":"2025-07-20 06:56:37"}
{"ip":"::1","level":"info","message":"GET /api/health","service":"user-service","timestamp":"2025-07-20 06:57:07"}
{"ip":"::1","level":"info","message":"GET /api/health","service":"user-service","timestamp":"2025-07-20 06:57:37"}
{"ip":"::1","level":"info","message":"GET /api/health","service":"user-service","timestamp":"2025-07-20 06:58:07"}
{"ip":"::1","level":"info","message":"GET /api/health","service":"user-service","timestamp":"2025-07-20 06:58:38"}
{"ip":"::1","level":"info","message":"GET /api/health","service":"user-service","timestamp":"2025-07-20 06:59:08"}
{"ip":"::1","level":"info","message":"GET /api/health","service":"user-service","timestamp":"2025-07-20 06:59:38"}
{"ip":"::1","level":"info","message":"GET /api/health","service":"user-service","timestamp":"2025-07-20 07:00:08"}
{"ip":"::1","level":"info","message":"GET /api/health","service":"user-service","timestamp":"2025-07-20 07:00:38"}
{"ip":"::1","level":"info","message":"GET /api/health","service":"user-service","timestamp":"2025-07-20 07:01:09"}
{"ip":"::1","level":"info","message":"GET /api/health","service":"user-service","timestamp":"2025-07-20 07:01:39"}
{"ip":"::1","level":"info","message":"GET /api/health","service":"user-service","timestamp":"2025-07-20 07:02:09"}
{"ip":"::1","level":"info","message":"GET /api/health","service":"user-service","timestamp":"2025-07-20 07:02:39"}
{"ip":"::1","level":"info","message":"GET /api/health","service":"user-service","timestamp":"2025-07-20 07:03:10"}
{"ip":"::1","level":"info","message":"GET /api/health","service":"user-service","timestamp":"2025-07-20 07:03:40"}
{"ip":"::1","level":"info","message":"GET /api/health","service":"user-service","timestamp":"2025-07-20 07:04:10"}
{"ip":"::1","level":"info","message":"GET /api/health","service":"user-service","timestamp":"2025-07-20 07:04:40"}
{"ip":"::1","level":"info","message":"GET /api/health","service":"user-service","timestamp":"2025-07-20 07:05:10"}
{"ip":"::1","level":"info","message":"GET /api/health","service":"user-service","timestamp":"2025-07-20 07:05:41"}
{"ip":"::1","level":"info","message":"GET /api/health","service":"user-service","timestamp":"2025-07-20 07:06:11"}
{"ip":"::1","level":"info","message":"GET /api/health","service":"user-service","timestamp":"2025-07-20 07:06:41"}
{"ip":"::1","level":"info","message":"GET /api/health","service":"user-service","timestamp":"2025-07-20 07:07:11"}
{"ip":"::1","level":"info","message":"GET /api/health","service":"user-service","timestamp":"2025-07-20 07:07:41"}
{"ip":"::1","level":"info","message":"GET /api/health","service":"user-service","timestamp":"2025-07-20 07:08:12"}
{"ip":"::1","level":"info","message":"GET /api/health","service":"user-service","timestamp":"2025-07-20 07:08:42"}
{"ip":"::1","level":"info","message":"GET /api/health","service":"user-service","timestamp":"2025-07-20 07:09:12"}
{"ip":"::1","level":"info","message":"GET /api/health","service":"user-service","timestamp":"2025-07-20 07:09:42"}
{"ip":"::1","level":"info","message":"GET /api/health","service":"user-service","timestamp":"2025-07-20 07:10:12"}
{"ip":"::1","level":"info","message":"GET /api/health","service":"user-service","timestamp":"2025-07-20 07:10:43"}
{"ip":"::1","level":"info","message":"GET /api/health","service":"user-service","timestamp":"2025-07-20 07:11:13"}
{"ip":"::1","level":"info","message":"GET /api/health","service":"user-service","timestamp":"2025-07-20 07:11:43"}
{"ip":"::1","level":"info","message":"GET /api/health","service":"user-service","timestamp":"2025-07-20 07:12:13"}
{"ip":"::1","level":"info","message":"GET /api/health","service":"user-service","timestamp":"2025-07-20 07:12:43"}
{"ip":"::1","level":"info","message":"GET /api/health","service":"user-service","timestamp":"2025-07-20 07:13:14"}
{"ip":"::1","level":"info","message":"GET /api/health","service":"user-service","timestamp":"2025-07-20 07:13:44"}
{"ip":"::1","level":"info","message":"GET /api/health","service":"user-service","timestamp":"2025-07-20 07:14:14"}
{"ip":"::1","level":"info","message":"GET /api/health","service":"user-service","timestamp":"2025-07-20 07:14:44"}
{"ip":"::1","level":"info","message":"GET /api/health","service":"user-service","timestamp":"2025-07-20 07:15:15"}
{"ip":"::1","level":"info","message":"GET /api/health","service":"user-service","timestamp":"2025-07-20 07:15:45"}
{"ip":"::1","level":"info","message":"GET /api/health","service":"user-service","timestamp":"2025-07-20 07:16:15"}
{"ip":"::1","level":"info","message":"GET /api/health","service":"user-service","timestamp":"2025-07-20 07:16:45"}
{"ip":"::1","level":"info","message":"GET /api/health","service":"user-service","timestamp":"2025-07-20 07:17:15"}
{"ip":"::1","level":"info","message":"GET /api/health","service":"user-service","timestamp":"2025-07-20 07:17:46"}
{"ip":"::1","level":"info","message":"GET /api/health","service":"user-service","timestamp":"2025-07-20 07:18:16"}
{"ip":"::1","level":"info","message":"GET /api/health","service":"user-service","timestamp":"2025-07-20 07:18:46"}
{"ip":"::1","level":"info","message":"GET /api/health","service":"user-service","timestamp":"2025-07-20 07:19:16"}
{"ip":"::1","level":"info","message":"GET /api/health","service":"user-service","timestamp":"2025-07-20 07:19:46"}
{"ip":"::1","level":"info","message":"GET /api/health","service":"user-service","timestamp":"2025-07-20 07:20:17"}
{"ip":"::1","level":"info","message":"GET /api/health","service":"user-service","timestamp":"2025-07-20 07:20:47"}
{"ip":"::1","level":"info","message":"GET /api/health","service":"user-service","timestamp":"2025-07-20 07:21:17"}
{"ip":"::1","level":"info","message":"GET /api/health","service":"user-service","timestamp":"2025-07-20 07:21:47"}
{"ip":"::1","level":"info","message":"GET /api/health","service":"user-service","timestamp":"2025-07-20 07:22:17"}
{"ip":"::1","level":"info","message":"GET /api/health","service":"user-service","timestamp":"2025-07-20 07:22:48"}
{"ip":"::1","level":"info","message":"GET /api/health","service":"user-service","timestamp":"2025-07-20 07:23:18"}
{"ip":"::1","level":"info","message":"GET /api/health","service":"user-service","timestamp":"2025-07-20 07:23:48"}
{"ip":"::1","level":"info","message":"GET /api/health","service":"user-service","timestamp":"2025-07-20 07:24:18"}
{"ip":"::1","level":"info","message":"GET /api/health","service":"user-service","timestamp":"2025-07-20 07:24:48"}
{"ip":"::1","level":"info","message":"GET /api/health","service":"user-service","timestamp":"2025-07-20 07:25:19"}
{"ip":"::1","level":"info","message":"GET /api/health","service":"user-service","timestamp":"2025-07-20 07:25:49"}
{"ip":"::1","level":"info","message":"GET /api/health","service":"user-service","timestamp":"2025-07-20 07:26:19"}
{"ip":"::1","level":"info","message":"GET /api/health","service":"user-service","timestamp":"2025-07-20 07:26:49"}
{"ip":"::1","level":"info","message":"GET /api/health","service":"user-service","timestamp":"2025-07-20 07:27:19"}
{"ip":"::1","level":"info","message":"GET /api/health","service":"user-service","timestamp":"2025-07-20 07:27:50"}
{"ip":"::1","level":"info","message":"GET /api/health","service":"user-service","timestamp":"2025-07-20 07:28:20"}
{"ip":"::1","level":"info","message":"GET /api/health","service":"user-service","timestamp":"2025-07-20 07:28:50"}
{"ip":"::1","level":"info","message":"GET /api/health","service":"user-service","timestamp":"2025-07-20 07:29:20"}
{"ip":"::1","level":"info","message":"GET /api/health","service":"user-service","timestamp":"2025-07-20 07:29:50"}
{"ip":"::1","level":"info","message":"GET /api/health","service":"user-service","timestamp":"2025-07-20 07:30:21"}
{"ip":"::1","level":"info","message":"GET /api/health","service":"user-service","timestamp":"2025-07-20 07:30:51"}
{"ip":"::1","level":"info","message":"GET /api/health","service":"user-service","timestamp":"2025-07-20 07:31:21"}
{"ip":"::1","level":"info","message":"GET /api/health","service":"user-service","timestamp":"2025-07-20 07:31:52"}
{"ip":"::1","level":"info","message":"GET /api/health","service":"user-service","timestamp":"2025-07-20 07:32:22"}
{"ip":"::1","level":"info","message":"GET /api/health","service":"user-service","timestamp":"2025-07-20 07:32:52"}
{"ip":"::1","level":"info","message":"GET /api/health","service":"user-service","timestamp":"2025-07-20 07:33:22"}
{"ip":"::1","level":"info","message":"GET /api/health","service":"user-service","timestamp":"2025-07-20 07:33:52"}
{"ip":"::1","level":"info","message":"GET /api/health","service":"user-service","timestamp":"2025-07-20 07:34:23"}
{"ip":"::1","level":"info","message":"GET /api/health","service":"user-service","timestamp":"2025-07-20 07:34:53"}
{"ip":"::1","level":"info","message":"GET /api/health","service":"user-service","timestamp":"2025-07-20 07:35:23"}
{"ip":"::1","level":"info","message":"GET /api/health","service":"user-service","timestamp":"2025-07-20 07:35:53"}
{"ip":"::1","level":"info","message":"GET /api/health","service":"user-service","timestamp":"2025-07-20 07:36:23"}
{"ip":"::1","level":"info","message":"GET /api/health","service":"user-service","timestamp":"2025-07-20 07:36:54"}
{"ip":"::1","level":"info","message":"GET /api/health","service":"user-service","timestamp":"2025-07-20 07:37:24"}
{"ip":"::1","level":"info","message":"GET /api/health","service":"user-service","timestamp":"2025-07-20 07:37:54"}
{"ip":"::1","level":"info","message":"GET /api/health","service":"user-service","timestamp":"2025-07-20 07:38:24"}
{"ip":"::1","level":"info","message":"GET /api/health","service":"user-service","timestamp":"2025-07-20 07:38:54"}
{"ip":"::1","level":"info","message":"GET /api/health","service":"user-service","timestamp":"2025-07-20 07:39:25"}
{"ip":"::1","level":"info","message":"GET /api/health","service":"user-service","timestamp":"2025-07-20 07:39:55"}
{"ip":"::1","level":"info","message":"GET /api/health","service":"user-service","timestamp":"2025-07-20 07:40:25"}
{"ip":"::1","level":"info","message":"GET /api/health","service":"user-service","timestamp":"2025-07-20 07:40:55"}
{"ip":"::1","level":"info","message":"GET /api/health","service":"user-service","timestamp":"2025-07-20 07:41:25"}
{"ip":"::1","level":"info","message":"GET /api/health","service":"user-service","timestamp":"2025-07-20 07:41:56"}
{"ip":"::1","level":"info","message":"GET /api/health","service":"user-service","timestamp":"2025-07-20 07:42:26"}
{"ip":"::1","level":"info","message":"GET /api/health","service":"user-service","timestamp":"2025-07-20 07:42:56"}
{"ip":"::1","level":"info","message":"GET /api/health","service":"user-service","timestamp":"2025-07-20 07:43:27"}
{"ip":"::1","level":"info","message":"GET /api/health","service":"user-service","timestamp":"2025-07-20 07:43:57"}
{"ip":"::1","level":"info","message":"GET /api/health","service":"user-service","timestamp":"2025-07-20 07:44:27"}
{"ip":"::1","level":"info","message":"GET /api/health","service":"user-service","timestamp":"2025-07-20 07:44:57"}
{"ip":"::1","level":"info","message":"GET /api/health","service":"user-service","timestamp":"2025-07-20 07:45:27"}
{"ip":"::1","level":"info","message":"GET /api/health","service":"user-service","timestamp":"2025-07-20 07:45:58"}
{"ip":"::1","level":"info","message":"GET /api/health","service":"user-service","timestamp":"2025-07-20 07:46:28"}
{"ip":"::1","level":"info","message":"GET /api/health","service":"user-service","timestamp":"2025-07-20 07:46:58"}
{"ip":"::1","level":"info","message":"GET /api/health","service":"user-service","timestamp":"2025-07-20 07:47:28"}
{"ip":"::1","level":"info","message":"GET /api/health","service":"user-service","timestamp":"2025-07-20 07:47:58"}
{"ip":"::1","level":"info","message":"GET /api/health","service":"user-service","timestamp":"2025-07-20 07:48:29"}
{"ip":"::1","level":"info","message":"GET /api/health","service":"user-service","timestamp":"2025-07-20 07:48:59"}
{"ip":"::1","level":"info","message":"GET /api/health","service":"user-service","timestamp":"2025-07-20 07:49:29"}
{"ip":"::1","level":"info","message":"GET /api/health","service":"user-service","timestamp":"2025-07-20 07:49:59"}
{"ip":"::1","level":"info","message":"GET /api/health","service":"user-service","timestamp":"2025-07-20 07:50:29"}
{"ip":"::1","level":"info","message":"GET /api/health","service":"user-service","timestamp":"2025-07-20 07:51:00"}
{"ip":"::1","level":"info","message":"GET /api/health","service":"user-service","timestamp":"2025-07-20 07:51:30"}
{"ip":"::1","level":"info","message":"GET /api/health","service":"user-service","timestamp":"2025-07-20 07:52:00"}
{"ip":"::1","level":"info","message":"GET /api/health","service":"user-service","timestamp":"2025-07-20 07:52:30"}
{"ip":"::1","level":"info","message":"GET /api/health","service":"user-service","timestamp":"2025-07-20 07:53:01"}
{"ip":"::1","level":"info","message":"GET /api/health","service":"user-service","timestamp":"2025-07-20 07:53:31"}
{"ip":"::1","level":"info","message":"GET /api/health","service":"user-service","timestamp":"2025-07-20 07:54:01"}
{"ip":"::1","level":"info","message":"GET /api/health","service":"user-service","timestamp":"2025-07-20 07:54:31"}
{"ip":"::1","level":"info","message":"GET /api/health","service":"user-service","timestamp":"2025-07-20 07:55:01"}
{"ip":"::1","level":"info","message":"GET /api/health","service":"user-service","timestamp":"2025-07-20 07:55:32"}
{"ip":"::1","level":"info","message":"GET /api/health","service":"user-service","timestamp":"2025-07-20 07:56:02"}
{"ip":"::1","level":"info","message":"GET /api/health","service":"user-service","timestamp":"2025-07-20 07:56:32"}
{"ip":"::1","level":"info","message":"GET /api/health","service":"user-service","timestamp":"2025-07-20 07:57:02"}
{"ip":"::1","level":"info","message":"GET /api/health","service":"user-service","timestamp":"2025-07-20 07:57:32"}
{"ip":"::1","level":"info","message":"GET /api/health","service":"user-service","timestamp":"2025-07-20 07:58:03"}
{"ip":"::1","level":"info","message":"GET /api/health","service":"user-service","timestamp":"2025-07-20 07:58:33"}
{"ip":"::1","level":"info","message":"GET /api/health","service":"user-service","timestamp":"2025-07-20 07:59:03"}
{"ip":"::1","level":"info","message":"GET /api/health","service":"user-service","timestamp":"2025-07-20 07:59:33"}
{"ip":"::1","level":"info","message":"GET /api/health","service":"user-service","timestamp":"2025-07-20 08:00:03"}
{"ip":"::1","level":"info","message":"GET /api/health","service":"user-service","timestamp":"2025-07-20 08:00:34"}
{"ip":"::1","level":"info","message":"GET /api/health","service":"user-service","timestamp":"2025-07-20 08:01:04"}
{"ip":"::1","level":"info","message":"GET /api/health","service":"user-service","timestamp":"2025-07-20 08:01:34"}
{"ip":"::1","level":"info","message":"GET /api/health","service":"user-service","timestamp":"2025-07-20 08:02:04"}
{"ip":"::1","level":"info","message":"GET /api/health","service":"user-service","timestamp":"2025-07-20 08:02:34"}
{"ip":"::1","level":"info","message":"GET /api/health","service":"user-service","timestamp":"2025-07-20 08:03:05"}
{"ip":"::1","level":"info","message":"GET /api/health","service":"user-service","timestamp":"2025-07-20 08:03:35"}
{"ip":"::1","level":"info","message":"GET /api/health","service":"user-service","timestamp":"2025-07-20 08:04:05"}
{"ip":"::1","level":"info","message":"GET /api/health","service":"user-service","timestamp":"2025-07-20 08:04:35"}
{"ip":"::1","level":"info","message":"GET /api/health","service":"user-service","timestamp":"2025-07-20 08:05:05"}
{"ip":"::1","level":"info","message":"GET /api/health","service":"user-service","timestamp":"2025-07-20 08:05:36"}
{"ip":"::1","level":"info","message":"GET /api/health","service":"user-service","timestamp":"2025-07-20 08:06:06"}
{"ip":"::1","level":"info","message":"GET /api/health","service":"user-service","timestamp":"2025-07-20 08:06:36"}
{"ip":"::1","level":"info","message":"GET /api/health","service":"user-service","timestamp":"2025-07-20 08:07:06"}
{"ip":"::1","level":"info","message":"GET /api/health","service":"user-service","timestamp":"2025-07-20 08:07:36"}
{"ip":"::1","level":"info","message":"GET /api/health","service":"user-service","timestamp":"2025-07-20 08:08:07"}
{"ip":"::1","level":"info","message":"GET /api/health","service":"user-service","timestamp":"2025-07-20 08:08:37"}
{"ip":"::1","level":"info","message":"GET /api/health","service":"user-service","timestamp":"2025-07-20 08:09:07"}
{"ip":"::1","level":"info","message":"GET /api/health","service":"user-service","timestamp":"2025-07-20 08:09:37"}
{"ip":"::1","level":"info","message":"GET /api/health","service":"user-service","timestamp":"2025-07-20 08:10:07"}
{"ip":"::1","level":"info","message":"GET /api/health","service":"user-service","timestamp":"2025-07-20 08:10:38"}
{"ip":"::1","level":"info","message":"GET /api/health","service":"user-service","timestamp":"2025-07-20 08:11:08"}
{"ip":"::1","level":"info","message":"GET /api/health","service":"user-service","timestamp":"2025-07-20 08:11:38"}
{"ip":"::1","level":"info","message":"GET /api/health","service":"user-service","timestamp":"2025-07-20 08:12:08"}
{"ip":"::1","level":"info","message":"GET /api/health","service":"user-service","timestamp":"2025-07-20 08:12:38"}
{"ip":"::1","level":"info","message":"GET /api/health","service":"user-service","timestamp":"2025-07-20 08:13:09"}
{"ip":"::1","level":"info","message":"GET /api/health","service":"user-service","timestamp":"2025-07-20 08:13:39"}
{"ip":"::1","level":"info","message":"GET /api/health","service":"user-service","timestamp":"2025-07-20 08:14:09"}
{"ip":"::1","level":"info","message":"GET /api/health","service":"user-service","timestamp":"2025-07-20 08:14:39"}
{"ip":"::1","level":"info","message":"GET /api/health","service":"user-service","timestamp":"2025-07-20 08:15:10"}
{"ip":"::1","level":"info","message":"GET /api/health","service":"user-service","timestamp":"2025-07-20 08:15:40"}
{"ip":"::1","level":"info","message":"GET /api/health","service":"user-service","timestamp":"2025-07-20 08:16:10"}
{"ip":"::1","level":"info","message":"GET /api/health","service":"user-service","timestamp":"2025-07-20 08:16:40"}
{"ip":"::1","level":"info","message":"GET /api/health","service":"user-service","timestamp":"2025-07-20 08:17:11"}
{"ip":"::1","level":"info","message":"GET /api/health","service":"user-service","timestamp":"2025-07-20 08:17:41"}
{"ip":"::1","level":"info","message":"GET /api/health","service":"user-service","timestamp":"2025-07-20 08:18:11"}
{"ip":"::1","level":"info","message":"GET /api/health","service":"user-service","timestamp":"2025-07-20 08:18:41"}
{"ip":"::1","level":"info","message":"GET /api/health","service":"user-service","timestamp":"2025-07-20 08:19:11"}
{"ip":"::1","level":"info","message":"GET /api/health","service":"user-service","timestamp":"2025-07-20 08:19:41"}
{"ip":"::1","level":"info","message":"GET /api/health","service":"user-service","timestamp":"2025-07-20 08:20:12"}
{"ip":"::1","level":"info","message":"GET /api/health","service":"user-service","timestamp":"2025-07-20 08:20:42"}
{"ip":"::1","level":"info","message":"GET /api/health","service":"user-service","timestamp":"2025-07-20 08:21:12"}
{"ip":"::1","level":"info","message":"GET /api/health","service":"user-service","timestamp":"2025-07-20 08:21:42"}
{"ip":"::1","level":"info","message":"GET /api/health","service":"user-service","timestamp":"2025-07-20 08:22:12"}
{"ip":"::1","level":"info","message":"GET /api/health","service":"user-service","timestamp":"2025-07-20 08:22:43"}
{"ip":"::1","level":"info","message":"GET /api/health","service":"user-service","timestamp":"2025-07-20 08:23:13"}
{"ip":"::1","level":"info","message":"GET /api/health","service":"user-service","timestamp":"2025-07-20 08:23:43"}
{"ip":"::1","level":"info","message":"GET /api/health","service":"user-service","timestamp":"2025-07-20 08:24:13"}
{"ip":"::1","level":"info","message":"GET /api/health","service":"user-service","timestamp":"2025-07-20 08:24:43"}
{"ip":"::1","level":"info","message":"GET /api/health","service":"user-service","timestamp":"2025-07-20 08:25:14"}
{"ip":"::1","level":"info","message":"GET /api/health","service":"user-service","timestamp":"2025-07-20 08:25:44"}
{"ip":"::1","level":"info","message":"GET /api/health","service":"user-service","timestamp":"2025-07-20 08:26:14"}
{"ip":"::1","level":"info","message":"GET /api/health","service":"user-service","timestamp":"2025-07-20 08:26:44"}
{"ip":"::1","level":"info","message":"GET /api/health","service":"user-service","timestamp":"2025-07-20 08:27:14"}
{"ip":"::1","level":"info","message":"GET /api/health","service":"user-service","timestamp":"2025-07-20 08:27:45"}
{"ip":"::1","level":"info","message":"GET /api/health","service":"user-service","timestamp":"2025-07-20 08:28:15"}
{"ip":"::1","level":"info","message":"GET /api/health","service":"user-service","timestamp":"2025-07-20 08:28:45"}
{"ip":"::1","level":"info","message":"GET /api/health","service":"user-service","timestamp":"2025-07-20 08:29:15"}
{"ip":"::1","level":"info","message":"GET /api/health","service":"user-service","timestamp":"2025-07-20 08:29:45"}
{"ip":"::1","level":"info","message":"GET /api/health","service":"user-service","timestamp":"2025-07-20 08:30:16"}
{"ip":"::1","level":"info","message":"GET /api/health","service":"user-service","timestamp":"2025-07-20 08:30:46"}
{"ip":"::1","level":"info","message":"GET /api/health","service":"user-service","timestamp":"2025-07-20 08:31:16"}
{"ip":"::1","level":"info","message":"GET /api/health","service":"user-service","timestamp":"2025-07-20 08:31:46"}
{"ip":"::1","level":"info","message":"GET /api/health","service":"user-service","timestamp":"2025-07-20 08:32:17"}
{"ip":"::1","level":"info","message":"GET /api/health","service":"user-service","timestamp":"2025-07-20 08:32:47"}
{"ip":"::1","level":"info","message":"GET /api/health","service":"user-service","timestamp":"2025-07-20 08:33:17"}
{"ip":"::1","level":"info","message":"GET /api/health","service":"user-service","timestamp":"2025-07-20 08:33:47"}
{"ip":"::1","level":"info","message":"GET /api/health","service":"user-service","timestamp":"2025-07-20 08:34:17"}
{"ip":"::1","level":"info","message":"GET /api/health","service":"user-service","timestamp":"2025-07-20 08:34:48"}
{"ip":"::1","level":"info","message":"GET /api/health","service":"user-service","timestamp":"2025-07-20 08:35:18"}
{"ip":"::1","level":"info","message":"GET /api/health","service":"user-service","timestamp":"2025-07-20 08:35:48"}
{"ip":"::1","level":"info","message":"GET /api/health","service":"user-service","timestamp":"2025-07-20 08:36:18"}
{"ip":"::1","level":"info","message":"GET /api/health","service":"user-service","timestamp":"2025-07-20 08:36:48"}
{"ip":"::1","level":"info","message":"GET /api/health","service":"user-service","timestamp":"2025-07-20 08:37:18"}
{"ip":"::1","level":"info","message":"GET /api/health","service":"user-service","timestamp":"2025-07-20 08:37:49"}
{"ip":"::1","level":"info","message":"GET /api/health","service":"user-service","timestamp":"2025-07-20 08:38:19"}
{"ip":"::1","level":"info","message":"GET /api/health","service":"user-service","timestamp":"2025-07-20 08:38:49"}
{"ip":"::1","level":"info","message":"GET /api/health","service":"user-service","timestamp":"2025-07-20 08:39:19"}
{"ip":"::1","level":"info","message":"GET /api/health","service":"user-service","timestamp":"2025-07-20 08:39:49"}
{"ip":"::1","level":"info","message":"GET /api/health","service":"user-service","timestamp":"2025-07-20 08:40:20"}
{"ip":"::1","level":"info","message":"GET /api/health","service":"user-service","timestamp":"2025-07-20 08:40:50"}
{"ip":"::1","level":"info","message":"GET /api/health","service":"user-service","timestamp":"2025-07-20 08:41:20"}
{"ip":"::1","level":"info","message":"GET /api/health","service":"user-service","timestamp":"2025-07-20 08:41:50"}
{"ip":"::1","level":"info","message":"GET /api/health","service":"user-service","timestamp":"2025-07-20 08:42:20"}
{"ip":"::1","level":"info","message":"GET /api/health","service":"user-service","timestamp":"2025-07-20 08:42:51"}
{"ip":"::1","level":"info","message":"GET /api/health","service":"user-service","timestamp":"2025-07-20 08:43:21"}
{"ip":"::1","level":"info","message":"GET /api/health","service":"user-service","timestamp":"2025-07-20 08:43:51"}
{"ip":"::1","level":"info","message":"GET /api/health","service":"user-service","timestamp":"2025-07-20 08:44:21"}
{"ip":"::1","level":"info","message":"GET /api/health","service":"user-service","timestamp":"2025-07-20 08:44:51"}
{"ip":"::1","level":"info","message":"GET /api/health","service":"user-service","timestamp":"2025-07-20 08:45:22"}
{"ip":"::1","level":"info","message":"GET /api/health","service":"user-service","timestamp":"2025-07-20 08:45:52"}
{"ip":"::1","level":"info","message":"GET /api/health","service":"user-service","timestamp":"2025-07-20 08:46:22"}
{"ip":"::1","level":"info","message":"GET /api/health","service":"user-service","timestamp":"2025-07-20 08:46:52"}
{"ip":"::1","level":"info","message":"GET /api/health","service":"user-service","timestamp":"2025-07-20 08:47:22"}
{"ip":"::1","level":"info","message":"GET /api/health","service":"user-service","timestamp":"2025-07-20 08:47:53"}
{"ip":"::1","level":"info","message":"GET /api/health","service":"user-service","timestamp":"2025-07-20 08:48:23"}
{"ip":"::1","level":"info","message":"GET /api/health","service":"user-service","timestamp":"2025-07-20 08:48:53"}
{"ip":"::1","level":"info","message":"GET /api/health","service":"user-service","timestamp":"2025-07-20 08:49:23"}
{"ip":"::1","level":"info","message":"GET /api/health","service":"user-service","timestamp":"2025-07-20 08:49:53"}
{"ip":"::1","level":"info","message":"GET /api/health","service":"user-service","timestamp":"2025-07-20 08:50:24"}
{"ip":"::1","level":"info","message":"GET /api/health","service":"user-service","timestamp":"2025-07-20 08:50:54"}
{"ip":"::1","level":"info","message":"GET /api/health","service":"user-service","timestamp":"2025-07-20 08:51:24"}
{"ip":"::1","level":"info","message":"GET /api/health","service":"user-service","timestamp":"2025-07-20 08:51:54"}
{"ip":"::1","level":"info","message":"GET /api/health","service":"user-service","timestamp":"2025-07-20 08:52:24"}
{"ip":"::1","level":"info","message":"GET /api/health","service":"user-service","timestamp":"2025-07-20 08:52:55"}
{"ip":"::1","level":"info","message":"GET /api/health","service":"user-service","timestamp":"2025-07-20 08:53:25"}
{"ip":"::1","level":"info","message":"GET /api/health","service":"user-service","timestamp":"2025-07-20 08:53:55"}
{"ip":"::1","level":"info","message":"GET /api/health","service":"user-service","timestamp":"2025-07-20 08:54:25"}
{"ip":"::1","level":"info","message":"GET /api/health","service":"user-service","timestamp":"2025-07-20 08:54:55"}
{"ip":"::1","level":"info","message":"GET /api/health","service":"user-service","timestamp":"2025-07-20 08:55:26"}
{"ip":"::1","level":"info","message":"GET /api/health","service":"user-service","timestamp":"2025-07-20 08:55:56"}
{"ip":"::1","level":"info","message":"GET /api/health","service":"user-service","timestamp":"2025-07-20 08:56:26"}
{"ip":"::1","level":"info","message":"GET /api/health","service":"user-service","timestamp":"2025-07-20 08:56:56"}
{"ip":"::1","level":"info","message":"GET /api/health","service":"user-service","timestamp":"2025-07-20 08:57:27"}
{"ip":"::1","level":"info","message":"GET /api/health","service":"user-service","timestamp":"2025-07-20 08:57:57"}
{"ip":"::1","level":"info","message":"GET /api/health","service":"user-service","timestamp":"2025-07-20 08:58:27"}
{"ip":"::1","level":"info","message":"GET /api/health","service":"user-service","timestamp":"2025-07-20 08:58:58"}
{"ip":"::1","level":"info","message":"GET /api/health","service":"user-service","timestamp":"2025-07-20 08:59:28"}
{"ip":"::1","level":"info","message":"GET /api/health","service":"user-service","timestamp":"2025-07-20 08:59:58"}
{"ip":"::1","level":"info","message":"GET /api/health","service":"user-service","timestamp":"2025-07-20 09:00:28"}
{"ip":"::1","level":"info","message":"GET /api/health","service":"user-service","timestamp":"2025-07-20 09:00:58"}
{"ip":"::1","level":"info","message":"GET /api/health","service":"user-service","timestamp":"2025-07-20 09:01:29"}
{"ip":"::1","level":"info","message":"GET /api/health","service":"user-service","timestamp":"2025-07-20 09:01:59"}
{"ip":"::1","level":"info","message":"GET /api/health","service":"user-service","timestamp":"2025-07-20 09:02:29"}
{"ip":"::1","level":"info","message":"GET /api/health","service":"user-service","timestamp":"2025-07-20 09:02:59"}
{"ip":"::1","level":"info","message":"GET /api/health","service":"user-service","timestamp":"2025-07-20 09:03:29"}
{"ip":"::1","level":"info","message":"GET /api/health","service":"user-service","timestamp":"2025-07-20 09:04:00"}
{"ip":"::1","level":"info","message":"GET /api/health","service":"user-service","timestamp":"2025-07-20 09:04:30"}
{"ip":"::1","level":"info","message":"GET /api/health","service":"user-service","timestamp":"2025-07-20 09:05:00"}
{"ip":"::1","level":"info","message":"GET /api/health","service":"user-service","timestamp":"2025-07-20 09:05:30"}
{"ip":"::1","level":"info","message":"GET /api/health","service":"user-service","timestamp":"2025-07-20 09:06:00"}
{"ip":"::1","level":"info","message":"GET /api/health","service":"user-service","timestamp":"2025-07-20 09:06:31"}
{"ip":"::1","level":"info","message":"GET /api/health","service":"user-service","timestamp":"2025-07-20 09:07:01"}
{"ip":"::1","level":"info","message":"GET /api/health","service":"user-service","timestamp":"2025-07-20 09:07:31"}
{"ip":"::1","level":"info","message":"GET /api/health","service":"user-service","timestamp":"2025-07-20 09:08:01"}
{"ip":"::1","level":"info","message":"GET /api/health","service":"user-service","timestamp":"2025-07-20 09:08:31"}
{"ip":"::1","level":"info","message":"GET /api/health","service":"user-service","timestamp":"2025-07-20 09:09:02"}
{"ip":"::1","level":"info","message":"GET /api/health","service":"user-service","timestamp":"2025-07-20 09:09:32"}
{"ip":"::1","level":"info","message":"GET /api/health","service":"user-service","timestamp":"2025-07-20 09:10:02"}
{"ip":"::1","level":"info","message":"GET /api/health","service":"user-service","timestamp":"2025-07-20 09:10:32"}
{"ip":"::1","level":"info","message":"GET /api/health","service":"user-service","timestamp":"2025-07-20 09:11:02"}
{"ip":"::1","level":"info","message":"GET /api/health","service":"user-service","timestamp":"2025-07-20 09:11:33"}
{"ip":"::1","level":"info","message":"GET /api/health","service":"user-service","timestamp":"2025-07-20 09:12:03"}
{"ip":"::1","level":"info","message":"GET /api/health","service":"user-service","timestamp":"2025-07-20 09:12:33"}
{"ip":"::1","level":"info","message":"GET /api/health","service":"user-service","timestamp":"2025-07-20 09:13:03"}
{"ip":"::1","level":"info","message":"GET /api/health","service":"user-service","timestamp":"2025-07-20 09:13:33"}
{"ip":"::1","level":"info","message":"GET /api/health","service":"user-service","timestamp":"2025-07-20 09:14:04"}
{"ip":"::1","level":"info","message":"GET /api/health","service":"user-service","timestamp":"2025-07-20 09:14:34"}
{"ip":"::1","level":"info","message":"GET /api/health","service":"user-service","timestamp":"2025-07-20 09:15:04"}
{"ip":"::1","level":"info","message":"GET /api/health","service":"user-service","timestamp":"2025-07-20 09:15:34"}
{"ip":"::1","level":"info","message":"GET /api/health","service":"user-service","timestamp":"2025-07-20 09:16:04"}
{"ip":"::1","level":"info","message":"GET /api/health","service":"user-service","timestamp":"2025-07-20 09:16:35"}
{"ip":"::1","level":"info","message":"GET /api/health","service":"user-service","timestamp":"2025-07-20 09:17:05"}
{"ip":"::1","level":"info","message":"GET /api/health","service":"user-service","timestamp":"2025-07-20 09:17:35"}
{"ip":"::1","level":"info","message":"GET /api/health","service":"user-service","timestamp":"2025-07-20 09:18:05"}
{"ip":"::1","level":"info","message":"GET /api/health","service":"user-service","timestamp":"2025-07-20 09:18:35"}
{"ip":"::1","level":"info","message":"GET /api/health","service":"user-service","timestamp":"2025-07-20 09:19:06"}
{"ip":"::1","level":"info","message":"GET /api/health","service":"user-service","timestamp":"2025-07-20 09:19:36"}
{"ip":"::1","level":"info","message":"GET /api/health","service":"user-service","timestamp":"2025-07-20 09:20:06"}
{"ip":"::1","level":"info","message":"GET /api/health","service":"user-service","timestamp":"2025-07-20 09:20:37"}
{"ip":"::1","level":"info","message":"GET /api/health","service":"user-service","timestamp":"2025-07-20 09:21:07"}
{"ip":"::1","level":"info","message":"GET /api/health","service":"user-service","timestamp":"2025-07-20 09:21:37"}
{"ip":"::1","level":"info","message":"GET /api/health","service":"user-service","timestamp":"2025-07-20 09:22:07"}
{"ip":"::1","level":"info","message":"GET /api/health","service":"user-service","timestamp":"2025-07-20 09:22:37"}
{"ip":"::1","level":"info","message":"GET /api/health","service":"user-service","timestamp":"2025-07-20 09:23:08"}
{"ip":"::1","level":"info","message":"GET /api/health","service":"user-service","timestamp":"2025-07-20 09:23:38"}
{"ip":"::1","level":"info","message":"GET /api/health","service":"user-service","timestamp":"2025-07-20 09:24:08"}
{"ip":"::1","level":"info","message":"GET /api/health","service":"user-service","timestamp":"2025-07-20 09:24:38"}
{"ip":"::1","level":"info","message":"GET /api/health","service":"user-service","timestamp":"2025-07-20 09:25:09"}
{"ip":"::1","level":"info","message":"GET /api/health","service":"user-service","timestamp":"2025-07-20 09:25:39"}
{"ip":"::1","level":"info","message":"GET /api/health","service":"user-service","timestamp":"2025-07-20 09:26:09"}
{"ip":"::1","level":"info","message":"GET /api/health","service":"user-service","timestamp":"2025-07-20 09:26:39"}
{"ip":"::1","level":"info","message":"GET /api/health","service":"user-service","timestamp":"2025-07-20 09:27:10"}
{"ip":"::1","level":"info","message":"GET /api/health","service":"user-service","timestamp":"2025-07-20 09:27:40"}
{"ip":"::1","level":"info","message":"GET /api/health","service":"user-service","timestamp":"2025-07-20 09:28:10"}
{"ip":"::1","level":"info","message":"GET /api/health","service":"user-service","timestamp":"2025-07-20 09:28:40"}
{"ip":"::1","level":"info","message":"GET /api/health","service":"user-service","timestamp":"2025-07-20 09:29:10"}
{"ip":"::1","level":"info","message":"GET /api/health","service":"user-service","timestamp":"2025-07-20 09:29:41"}
{"ip":"::1","level":"info","message":"GET /api/health","service":"user-service","timestamp":"2025-07-20 09:30:11"}
{"ip":"::1","level":"info","message":"GET /api/health","service":"user-service","timestamp":"2025-07-20 09:30:41"}
{"ip":"::1","level":"info","message":"GET /api/health","service":"user-service","timestamp":"2025-07-20 09:31:11"}
{"ip":"::1","level":"info","message":"GET /api/health","service":"user-service","timestamp":"2025-07-20 09:31:41"}
{"ip":"::1","level":"info","message":"GET /api/health","service":"user-service","timestamp":"2025-07-20 09:32:12"}
{"ip":"::1","level":"info","message":"GET /api/health","service":"user-service","timestamp":"2025-07-20 09:32:42"}
{"ip":"::1","level":"info","message":"GET /api/health","service":"user-service","timestamp":"2025-07-20 09:33:12"}
{"ip":"::1","level":"info","message":"GET /api/health","service":"user-service","timestamp":"2025-07-20 09:33:42"}
{"ip":"::1","level":"info","message":"GET /api/health","service":"user-service","timestamp":"2025-07-20 09:34:12"}
{"ip":"::1","level":"info","message":"GET /api/health","service":"user-service","timestamp":"2025-07-20 09:34:43"}
{"ip":"::1","level":"info","message":"GET /api/health","service":"user-service","timestamp":"2025-07-20 09:35:13"}
{"ip":"::1","level":"info","message":"GET /api/health","service":"user-service","timestamp":"2025-07-20 09:35:43"}
{"ip":"::1","level":"info","message":"GET /api/health","service":"user-service","timestamp":"2025-07-20 09:36:13"}
{"ip":"::1","level":"info","message":"GET /api/health","service":"user-service","timestamp":"2025-07-20 09:36:43"}
{"ip":"::1","level":"info","message":"GET /api/health","service":"user-service","timestamp":"2025-07-20 09:37:14"}
{"ip":"::1","level":"info","message":"GET /api/health","service":"user-service","timestamp":"2025-07-20 09:37:44"}
{"ip":"::1","level":"info","message":"GET /api/health","service":"user-service","timestamp":"2025-07-20 09:38:14"}
{"ip":"::1","level":"info","message":"GET /api/health","service":"user-service","timestamp":"2025-07-20 09:38:44"}
{"ip":"::1","level":"info","message":"GET /api/health","service":"user-service","timestamp":"2025-07-20 09:39:14"}
{"ip":"::1","level":"info","message":"GET /api/health","service":"user-service","timestamp":"2025-07-20 09:39:45"}
{"ip":"::1","level":"info","message":"GET /api/health","service":"user-service","timestamp":"2025-07-20 09:40:15"}
{"ip":"::1","level":"info","message":"GET /api/health","service":"user-service","timestamp":"2025-07-20 09:40:45"}
{"ip":"::1","level":"info","message":"GET /api/health","service":"user-service","timestamp":"2025-07-20 09:41:15"}
{"ip":"::1","level":"info","message":"GET /api/health","service":"user-service","timestamp":"2025-07-20 09:41:45"}
{"ip":"::1","level":"info","message":"GET /api/health","service":"user-service","timestamp":"2025-07-20 09:42:16"}
{"ip":"::1","level":"info","message":"GET /api/health","service":"user-service","timestamp":"2025-07-20 09:42:46"}
{"ip":"::1","level":"info","message":"GET /api/health","service":"user-service","timestamp":"2025-07-20 09:43:16"}
{"ip":"::1","level":"info","message":"GET /api/health","service":"user-service","timestamp":"2025-07-20 09:43:46"}
{"ip":"::1","level":"info","message":"GET /api/health","service":"user-service","timestamp":"2025-07-20 09:44:16"}
{"ip":"::1","level":"info","message":"GET /api/health","service":"user-service","timestamp":"2025-07-20 09:44:47"}
{"ip":"::1","level":"info","message":"GET /api/health","service":"user-service","timestamp":"2025-07-20 09:45:17"}
{"ip":"::1","level":"info","message":"GET /api/health","service":"user-service","timestamp":"2025-07-20 09:45:47"}
{"ip":"::1","level":"info","message":"GET /api/health","service":"user-service","timestamp":"2025-07-20 09:46:17"}
{"ip":"::1","level":"info","message":"GET /api/health","service":"user-service","timestamp":"2025-07-20 09:46:47"}
{"ip":"::1","level":"info","message":"GET /api/health","service":"user-service","timestamp":"2025-07-20 09:47:17"}
{"ip":"::1","level":"info","message":"GET /api/health","service":"user-service","timestamp":"2025-07-20 09:47:48"}
{"ip":"::1","level":"info","message":"GET /api/health","service":"user-service","timestamp":"2025-07-20 09:48:18"}
{"ip":"::1","level":"info","message":"GET /api/health","service":"user-service","timestamp":"2025-07-20 09:48:48"}
{"ip":"::1","level":"info","message":"GET /api/health","service":"user-service","timestamp":"2025-07-20 09:49:18"}
{"ip":"::1","level":"info","message":"GET /api/health","service":"user-service","timestamp":"2025-07-20 09:49:49"}
{"ip":"::1","level":"info","message":"GET /api/health","service":"user-service","timestamp":"2025-07-20 09:50:19"}
{"ip":"::1","level":"info","message":"GET /api/health","service":"user-service","timestamp":"2025-07-20 09:50:49"}
{"ip":"::1","level":"info","message":"GET /api/health","service":"user-service","timestamp":"2025-07-20 09:51:19"}
{"ip":"::1","level":"info","message":"GET /api/health","service":"user-service","timestamp":"2025-07-20 09:51:49"}
{"ip":"::1","level":"info","message":"GET /api/health","service":"user-service","timestamp":"2025-07-20 09:52:20"}
{"ip":"::1","level":"info","message":"GET /api/health","service":"user-service","timestamp":"2025-07-20 09:52:50"}
{"ip":"::1","level":"info","message":"GET /api/health","service":"user-service","timestamp":"2025-07-20 09:53:20"}
{"ip":"::1","level":"info","message":"GET /api/health","service":"user-service","timestamp":"2025-07-20 09:53:50"}
{"ip":"::1","level":"info","message":"GET /api/health","service":"user-service","timestamp":"2025-07-20 09:54:21"}
{"ip":"::1","level":"info","message":"GET /api/health","service":"user-service","timestamp":"2025-07-20 09:54:51"}
{"ip":"::1","level":"info","message":"GET /api/health","service":"user-service","timestamp":"2025-07-20 09:55:21"}
{"ip":"::1","level":"info","message":"GET /api/health","service":"user-service","timestamp":"2025-07-20 09:55:51"}
{"ip":"::1","level":"info","message":"GET /api/health","service":"user-service","timestamp":"2025-07-20 09:56:21"}
{"ip":"::1","level":"info","message":"GET /api/health","service":"user-service","timestamp":"2025-07-20 09:56:52"}
{"ip":"::1","level":"info","message":"GET /api/health","service":"user-service","timestamp":"2025-07-20 09:57:22"}
{"ip":"::1","level":"info","message":"GET /api/health","service":"user-service","timestamp":"2025-07-20 09:57:52"}
{"ip":"::1","level":"info","message":"GET /api/health","service":"user-service","timestamp":"2025-07-20 09:58:22"}
{"ip":"::1","level":"info","message":"GET /api/health","service":"user-service","timestamp":"2025-07-20 09:58:52"}
{"ip":"::1","level":"info","message":"GET /api/health","service":"user-service","timestamp":"2025-07-20 09:59:23"}
{"ip":"::1","level":"info","message":"GET /api/health","service":"user-service","timestamp":"2025-07-20 09:59:53"}
{"ip":"::1","level":"info","message":"GET /api/health","service":"user-service","timestamp":"2025-07-20 10:00:23"}
{"ip":"::1","level":"info","message":"GET /api/health","service":"user-service","timestamp":"2025-07-20 10:00:53"}
{"ip":"::1","level":"info","message":"GET /api/health","service":"user-service","timestamp":"2025-07-20 10:01:23"}
{"ip":"::1","level":"info","message":"GET /api/health","service":"user-service","timestamp":"2025-07-20 10:01:54"}
{"ip":"::1","level":"info","message":"GET /api/health","service":"user-service","timestamp":"2025-07-20 10:02:24"}
{"ip":"::1","level":"info","message":"GET /api/health","service":"user-service","timestamp":"2025-07-20 10:02:54"}
{"ip":"::1","level":"info","message":"GET /api/health","service":"user-service","timestamp":"2025-07-20 10:03:24"}
{"ip":"::1","level":"info","message":"GET /api/health","service":"user-service","timestamp":"2025-07-20 10:03:54"}
{"ip":"::1","level":"info","message":"GET /api/health","service":"user-service","timestamp":"2025-07-20 10:04:25"}
{"ip":"::1","level":"info","message":"GET /api/health","service":"user-service","timestamp":"2025-07-20 10:04:55"}
{"ip":"::1","level":"info","message":"GET /api/health","service":"user-service","timestamp":"2025-07-20 10:05:25"}
{"ip":"::1","level":"info","message":"GET /api/health","service":"user-service","timestamp":"2025-07-20 10:05:55"}
{"ip":"::1","level":"info","message":"GET /api/health","service":"user-service","timestamp":"2025-07-20 10:06:25"}
{"ip":"::1","level":"info","message":"GET /api/health","service":"user-service","timestamp":"2025-07-20 10:06:55"}
{"ip":"::1","level":"info","message":"GET /api/health","service":"user-service","timestamp":"2025-07-20 10:07:26"}
{"ip":"::1","level":"info","message":"GET /api/health","service":"user-service","timestamp":"2025-07-20 10:07:56"}
{"ip":"::1","level":"info","message":"GET /api/health","service":"user-service","timestamp":"2025-07-20 10:08:26"}
{"ip":"::1","level":"info","message":"GET /api/health","service":"user-service","timestamp":"2025-07-20 10:08:56"}
{"ip":"::1","level":"info","message":"GET /api/health","service":"user-service","timestamp":"2025-07-20 10:09:27"}
{"ip":"::1","level":"info","message":"GET /api/health","service":"user-service","timestamp":"2025-07-20 10:09:57"}
{"ip":"::1","level":"info","message":"GET /api/health","service":"user-service","timestamp":"2025-07-20 10:10:27"}
{"ip":"::1","level":"info","message":"GET /api/health","service":"user-service","timestamp":"2025-07-20 10:10:57"}
{"ip":"::1","level":"info","message":"GET /api/health","service":"user-service","timestamp":"2025-07-20 10:11:27"}
{"ip":"::1","level":"info","message":"GET /api/health","service":"user-service","timestamp":"2025-07-20 10:11:58"}
{"ip":"::1","level":"info","message":"GET /api/health","service":"user-service","timestamp":"2025-07-20 10:12:28"}
{"ip":"::1","level":"info","message":"GET /api/health","service":"user-service","timestamp":"2025-07-20 10:12:58"}
{"ip":"::1","level":"info","message":"GET /api/health","service":"user-service","timestamp":"2025-07-20 10:13:28"}
{"ip":"::1","level":"info","message":"GET /api/health","service":"user-service","timestamp":"2025-07-20 10:13:58"}
{"ip":"::1","level":"info","message":"GET /api/health","service":"user-service","timestamp":"2025-07-20 10:14:29"}
{"ip":"::1","level":"info","message":"GET /api/health","service":"user-service","timestamp":"2025-07-20 10:14:59"}
{"ip":"::1","level":"info","message":"GET /api/health","service":"user-service","timestamp":"2025-07-20 10:15:29"}
{"ip":"::1","level":"info","message":"GET /api/health","service":"user-service","timestamp":"2025-07-20 10:15:59"}
{"ip":"::1","level":"info","message":"GET /api/health","service":"user-service","timestamp":"2025-07-20 10:16:29"}
{"ip":"::1","level":"info","message":"GET /api/health","service":"user-service","timestamp":"2025-07-20 10:17:00"}
{"ip":"::1","level":"info","message":"GET /api/health","service":"user-service","timestamp":"2025-07-20 10:17:30"}
{"ip":"::1","level":"info","message":"GET /api/health","service":"user-service","timestamp":"2025-07-20 10:18:01"}
{"ip":"::1","level":"info","message":"GET /api/health","service":"user-service","timestamp":"2025-07-20 10:18:31"}
{"ip":"::1","level":"info","message":"GET /api/health","service":"user-service","timestamp":"2025-07-20 10:19:01"}
{"ip":"::1","level":"info","message":"GET /api/health","service":"user-service","timestamp":"2025-07-20 10:19:31"}
{"ip":"::1","level":"info","message":"GET /api/health","service":"user-service","timestamp":"2025-07-20 10:20:01"}
{"ip":"::1","level":"info","message":"GET /api/health","service":"user-service","timestamp":"2025-07-20 10:20:32"}
{"ip":"::1","level":"info","message":"GET /api/health","service":"user-service","timestamp":"2025-07-20 10:21:02"}
{"ip":"::1","level":"info","message":"GET /api/health","service":"user-service","timestamp":"2025-07-20 10:21:32"}
{"ip":"::1","level":"info","message":"GET /api/health","service":"user-service","timestamp":"2025-07-20 10:22:02"}
{"ip":"::1","level":"info","message":"GET /api/health","service":"user-service","timestamp":"2025-07-20 10:22:33"}
{"ip":"::1","level":"info","message":"GET /api/health","service":"user-service","timestamp":"2025-07-20 10:23:03"}
{"ip":"::1","level":"info","message":"GET /api/health","service":"user-service","timestamp":"2025-07-20 10:23:33"}
{"ip":"::1","level":"info","message":"GET /api/health","service":"user-service","timestamp":"2025-07-20 10:24:03"}
{"ip":"::1","level":"info","message":"GET /api/health","service":"user-service","timestamp":"2025-07-20 10:24:33"}
{"ip":"::1","level":"info","message":"GET /api/health","service":"user-service","timestamp":"2025-07-20 10:25:04"}
{"ip":"::1","level":"info","message":"GET /api/health","service":"user-service","timestamp":"2025-07-20 10:25:34"}
{"ip":"::1","level":"info","message":"GET /api/health","service":"user-service","timestamp":"2025-07-20 10:26:04"}
{"ip":"::1","level":"info","message":"GET /api/health","service":"user-service","timestamp":"2025-07-20 10:26:34"}
{"ip":"::1","level":"info","message":"GET /api/health","service":"user-service","timestamp":"2025-07-20 10:27:04"}
{"ip":"::1","level":"info","message":"GET /api/health","service":"user-service","timestamp":"2025-07-20 10:27:34"}
{"ip":"::1","level":"info","message":"GET /api/health","service":"user-service","timestamp":"2025-07-20 10:28:05"}
{"ip":"::1","level":"info","message":"GET /api/health","service":"user-service","timestamp":"2025-07-20 10:28:35"}
{"ip":"::1","level":"info","message":"GET /api/health","service":"user-service","timestamp":"2025-07-20 10:29:05"}
{"ip":"::1","level":"info","message":"GET /api/health","service":"user-service","timestamp":"2025-07-20 10:29:35"}
{"ip":"::1","level":"info","message":"GET /api/health","service":"user-service","timestamp":"2025-07-20 10:30:06"}
{"ip":"::1","level":"info","message":"GET /api/health","service":"user-service","timestamp":"2025-07-20 10:30:36"}
{"ip":"::1","level":"info","message":"GET /api/health","service":"user-service","timestamp":"2025-07-20 10:31:06"}
{"ip":"::1","level":"info","message":"GET /api/health","service":"user-service","timestamp":"2025-07-20 10:31:36"}
{"ip":"::1","level":"info","message":"GET /api/health","service":"user-service","timestamp":"2025-07-20 10:32:06"}
{"ip":"::1","level":"info","message":"GET /api/health","service":"user-service","timestamp":"2025-07-20 10:32:37"}
{"ip":"::1","level":"info","message":"GET /api/health","service":"user-service","timestamp":"2025-07-20 10:33:07"}
{"ip":"::1","level":"info","message":"GET /api/health","service":"user-service","timestamp":"2025-07-20 10:33:37"}
{"ip":"::1","level":"info","message":"GET /api/health","service":"user-service","timestamp":"2025-07-20 10:34:07"}
{"ip":"::1","level":"info","message":"GET /api/health","service":"user-service","timestamp":"2025-07-20 10:34:37"}
{"ip":"::1","level":"info","message":"GET /api/health","service":"user-service","timestamp":"2025-07-20 10:35:08"}
{"ip":"::1","level":"info","message":"GET /api/health","service":"user-service","timestamp":"2025-07-20 10:35:38"}
{"ip":"::1","level":"info","message":"GET /api/health","service":"user-service","timestamp":"2025-07-20 10:36:08"}
{"ip":"::1","level":"info","message":"GET /api/health","service":"user-service","timestamp":"2025-07-20 10:36:39"}
{"ip":"::1","level":"info","message":"GET /api/health","service":"user-service","timestamp":"2025-07-20 10:37:09"}
{"ip":"::1","level":"info","message":"GET /api/health","service":"user-service","timestamp":"2025-07-20 10:37:39"}
{"ip":"::1","level":"info","message":"GET /api/health","service":"user-service","timestamp":"2025-07-20 10:38:09"}
{"ip":"::1","level":"info","message":"GET /api/health","service":"user-service","timestamp":"2025-07-20 10:38:39"}
{"ip":"::1","level":"info","message":"GET /api/health","service":"user-service","timestamp":"2025-07-20 10:39:10"}
{"ip":"::1","level":"info","message":"GET /api/health","service":"user-service","timestamp":"2025-07-20 10:39:40"}
{"ip":"::1","level":"info","message":"GET /api/health","service":"user-service","timestamp":"2025-07-20 10:40:10"}
{"ip":"::1","level":"info","message":"GET /api/health","service":"user-service","timestamp":"2025-07-20 10:40:40"}
{"ip":"::1","level":"info","message":"GET /api/health","service":"user-service","timestamp":"2025-07-20 10:41:10"}
{"ip":"::1","level":"info","message":"GET /api/health","service":"user-service","timestamp":"2025-07-20 10:41:41"}
{"ip":"::1","level":"info","message":"GET /api/health","service":"user-service","timestamp":"2025-07-20 10:42:11"}
{"ip":"::1","level":"info","message":"GET /api/health","service":"user-service","timestamp":"2025-07-20 10:42:41"}
{"ip":"::1","level":"info","message":"GET /api/health","service":"user-service","timestamp":"2025-07-20 10:43:11"}
{"ip":"::1","level":"info","message":"GET /api/health","service":"user-service","timestamp":"2025-07-20 10:43:41"}
{"ip":"::1","level":"info","message":"GET /api/health","service":"user-service","timestamp":"2025-07-20 10:44:12"}
{"ip":"::1","level":"info","message":"GET /api/health","service":"user-service","timestamp":"2025-07-20 10:44:42"}
{"ip":"::1","level":"info","message":"GET /api/health","service":"user-service","timestamp":"2025-07-20 10:45:12"}
{"ip":"::1","level":"info","message":"GET /api/health","service":"user-service","timestamp":"2025-07-20 10:45:42"}
{"ip":"::1","level":"info","message":"GET /api/health","service":"user-service","timestamp":"2025-07-20 10:46:12"}
{"ip":"::1","level":"info","message":"GET /api/health","service":"user-service","timestamp":"2025-07-20 10:46:43"}
{"ip":"::1","level":"info","message":"GET /api/health","service":"user-service","timestamp":"2025-07-20 10:47:13"}
{"ip":"::1","level":"info","message":"GET /api/health","service":"user-service","timestamp":"2025-07-20 10:47:43"}
{"ip":"::1","level":"info","message":"GET /api/health","service":"user-service","timestamp":"2025-07-20 10:48:14"}
{"ip":"::1","level":"info","message":"GET /api/health","service":"user-service","timestamp":"2025-07-20 10:48:44"}
{"ip":"::1","level":"info","message":"GET /api/health","service":"user-service","timestamp":"2025-07-20 10:49:14"}
{"ip":"::1","level":"info","message":"GET /api/health","service":"user-service","timestamp":"2025-07-20 10:49:44"}
{"ip":"::1","level":"info","message":"GET /api/health","service":"user-service","timestamp":"2025-07-20 10:50:15"}
{"ip":"::1","level":"info","message":"GET /api/health","service":"user-service","timestamp":"2025-07-20 10:50:45"}
{"ip":"::1","level":"info","message":"GET /api/health","service":"user-service","timestamp":"2025-07-20 10:51:15"}
{"ip":"::1","level":"info","message":"GET /api/health","service":"user-service","timestamp":"2025-07-20 10:51:45"}
{"ip":"::1","level":"info","message":"GET /api/health","service":"user-service","timestamp":"2025-07-20 10:52:15"}
{"ip":"::1","level":"info","message":"GET /api/health","service":"user-service","timestamp":"2025-07-20 10:52:46"}
{"ip":"::1","level":"info","message":"GET /api/health","service":"user-service","timestamp":"2025-07-20 10:53:16"}
{"ip":"::1","level":"info","message":"GET /api/health","service":"user-service","timestamp":"2025-07-20 10:53:46"}
{"ip":"::1","level":"info","message":"GET /api/health","service":"user-service","timestamp":"2025-07-20 10:54:16"}
{"ip":"::1","level":"info","message":"GET /api/health","service":"user-service","timestamp":"2025-07-20 10:54:46"}
{"ip":"::1","level":"info","message":"GET /api/health","service":"user-service","timestamp":"2025-07-20 10:55:17"}
{"ip":"::1","level":"info","message":"GET /api/health","service":"user-service","timestamp":"2025-07-20 10:55:47"}
{"ip":"::1","level":"info","message":"GET /api/health","service":"user-service","timestamp":"2025-07-20 10:56:17"}
{"ip":"::1","level":"info","message":"GET /api/health","service":"user-service","timestamp":"2025-07-20 10:56:47"}
{"ip":"::1","level":"info","message":"GET /api/health","service":"user-service","timestamp":"2025-07-20 10:57:17"}
{"ip":"::1","level":"info","message":"GET /api/health","service":"user-service","timestamp":"2025-07-20 10:57:47"}
{"ip":"::1","level":"info","message":"GET /api/health","service":"user-service","timestamp":"2025-07-20 10:58:18"}
{"ip":"::1","level":"info","message":"GET /api/health","service":"user-service","timestamp":"2025-07-20 10:58:48"}
{"ip":"::1","level":"info","message":"GET /api/health","service":"user-service","timestamp":"2025-07-20 10:59:18"}
{"ip":"::1","level":"info","message":"GET /api/health","service":"user-service","timestamp":"2025-07-20 10:59:48"}
{"ip":"::1","level":"info","message":"GET /api/health","service":"user-service","timestamp":"2025-07-20 11:00:19"}
{"ip":"::1","level":"info","message":"GET /api/health","service":"user-service","timestamp":"2025-07-20 11:00:49"}
{"ip":"::1","level":"info","message":"GET /api/health","service":"user-service","timestamp":"2025-07-20 11:01:19"}
{"ip":"::1","level":"info","message":"GET /api/health","service":"user-service","timestamp":"2025-07-20 11:01:49"}
{"ip":"::1","level":"info","message":"GET /api/health","service":"user-service","timestamp":"2025-07-20 11:02:19"}
{"ip":"::1","level":"info","message":"GET /api/health","service":"user-service","timestamp":"2025-07-20 11:02:50"}
{"ip":"::1","level":"info","message":"GET /api/health","service":"user-service","timestamp":"2025-07-20 11:03:20"}
{"ip":"::1","level":"info","message":"GET /api/health","service":"user-service","timestamp":"2025-07-20 11:03:50"}
{"ip":"::1","level":"info","message":"GET /api/health","service":"user-service","timestamp":"2025-07-20 11:04:20"}
{"ip":"::1","level":"info","message":"GET /api/health","service":"user-service","timestamp":"2025-07-20 11:04:50"}
{"ip":"::1","level":"info","message":"GET /api/health","service":"user-service","timestamp":"2025-07-20 11:05:21"}
{"ip":"::1","level":"info","message":"GET /api/health","service":"user-service","timestamp":"2025-07-20 11:05:51"}
{"ip":"::1","level":"info","message":"GET /api/health","service":"user-service","timestamp":"2025-07-20 11:06:21"}
{"ip":"::1","level":"info","message":"GET /api/health","service":"user-service","timestamp":"2025-07-20 11:06:51"}
{"ip":"::1","level":"info","message":"GET /api/health","service":"user-service","timestamp":"2025-07-20 11:07:21"}
{"ip":"::1","level":"info","message":"GET /api/health","service":"user-service","timestamp":"2025-07-20 11:07:52"}
{"ip":"::1","level":"info","message":"GET /api/health","service":"user-service","timestamp":"2025-07-20 11:08:22"}
{"ip":"::1","level":"info","message":"GET /api/health","service":"user-service","timestamp":"2025-07-20 11:08:52"}
{"ip":"::1","level":"info","message":"GET /api/health","service":"user-service","timestamp":"2025-07-20 11:09:22"}
{"ip":"::1","level":"info","message":"GET /api/health","service":"user-service","timestamp":"2025-07-20 11:09:52"}
{"ip":"::1","level":"info","message":"GET /api/health","service":"user-service","timestamp":"2025-07-20 11:10:23"}
{"ip":"::1","level":"info","message":"GET /api/health","service":"user-service","timestamp":"2025-07-20 11:10:53"}
{"ip":"::1","level":"info","message":"GET /api/health","service":"user-service","timestamp":"2025-07-20 11:11:23"}
{"ip":"::1","level":"info","message":"GET /api/health","service":"user-service","timestamp":"2025-07-20 11:11:53"}
{"ip":"::1","level":"info","message":"GET /api/health","service":"user-service","timestamp":"2025-07-20 11:12:23"}
{"ip":"::1","level":"info","message":"GET /api/health","service":"user-service","timestamp":"2025-07-20 11:12:54"}
{"ip":"::1","level":"info","message":"GET /api/health","service":"user-service","timestamp":"2025-07-20 11:13:24"}
{"ip":"::1","level":"info","message":"GET /api/health","service":"user-service","timestamp":"2025-07-20 11:13:54"}
{"ip":"::1","level":"info","message":"GET /api/health","service":"user-service","timestamp":"2025-07-20 11:14:24"}
{"ip":"::1","level":"info","message":"GET /api/health","service":"user-service","timestamp":"2025-07-20 11:14:54"}
{"ip":"::1","level":"info","message":"GET /api/health","service":"user-service","timestamp":"2025-07-20 11:15:24"}
{"ip":"::1","level":"info","message":"GET /api/health","service":"user-service","timestamp":"2025-07-20 11:15:55"}
{"ip":"::1","level":"info","message":"GET /api/health","service":"user-service","timestamp":"2025-07-20 11:16:25"}
{"ip":"::1","level":"info","message":"GET /api/health","service":"user-service","timestamp":"2025-07-20 11:16:55"}
{"ip":"::1","level":"info","message":"GET /api/health","service":"user-service","timestamp":"2025-07-20 11:17:25"}
{"ip":"::1","level":"info","message":"GET /api/health","service":"user-service","timestamp":"2025-07-20 11:17:55"}
{"ip":"::1","level":"info","message":"GET /api/health","service":"user-service","timestamp":"2025-07-20 11:18:26"}
{"ip":"::1","level":"info","message":"GET /api/health","service":"user-service","timestamp":"2025-07-20 11:18:56"}
{"ip":"::1","level":"info","message":"GET /api/health","service":"user-service","timestamp":"2025-07-20 11:19:26"}
{"ip":"::1","level":"info","message":"GET /api/health","service":"user-service","timestamp":"2025-07-20 11:19:56"}
{"ip":"::1","level":"info","message":"GET /api/health","service":"user-service","timestamp":"2025-07-20 11:20:27"}
{"ip":"::1","level":"info","message":"GET /api/health","service":"user-service","timestamp":"2025-07-20 11:20:57"}
{"ip":"::1","level":"info","message":"GET /api/health","service":"user-service","timestamp":"2025-07-20 11:21:27"}
{"ip":"::1","level":"info","message":"GET /api/health","service":"user-service","timestamp":"2025-07-20 11:21:57"}
{"ip":"::1","level":"info","message":"GET /api/health","service":"user-service","timestamp":"2025-07-20 11:22:27"}
{"ip":"::1","level":"info","message":"GET /api/health","service":"user-service","timestamp":"2025-07-20 11:22:57"}
{"ip":"::1","level":"info","message":"GET /api/health","service":"user-service","timestamp":"2025-07-20 11:23:28"}
{"ip":"::1","level":"info","message":"GET /api/health","service":"user-service","timestamp":"2025-07-20 11:23:58"}
{"ip":"::1","level":"info","message":"GET /api/health","service":"user-service","timestamp":"2025-07-20 11:24:28"}
{"ip":"::1","level":"info","message":"GET /api/health","service":"user-service","timestamp":"2025-07-20 11:24:58"}
{"ip":"::1","level":"info","message":"GET /api/health","service":"user-service","timestamp":"2025-07-20 11:25:29"}
{"ip":"::1","level":"info","message":"GET /api/health","service":"user-service","timestamp":"2025-07-20 11:25:59"}
{"ip":"::1","level":"info","message":"GET /api/health","service":"user-service","timestamp":"2025-07-20 11:26:29"}
{"ip":"::1","level":"info","message":"GET /api/health","service":"user-service","timestamp":"2025-07-20 11:26:59"}
{"ip":"::1","level":"info","message":"GET /api/health","service":"user-service","timestamp":"2025-07-20 11:27:29"}
{"ip":"::1","level":"info","message":"GET /api/health","service":"user-service","timestamp":"2025-07-20 11:28:00"}
{"ip":"::1","level":"info","message":"GET /api/health","service":"user-service","timestamp":"2025-07-20 11:28:30"}
{"ip":"::1","level":"info","message":"GET /api/health","service":"user-service","timestamp":"2025-07-20 11:29:00"}
{"ip":"::1","level":"info","message":"GET /api/health","service":"user-service","timestamp":"2025-07-20 11:29:30"}
{"ip":"::1","level":"info","message":"GET /api/health","service":"user-service","timestamp":"2025-07-20 11:30:00"}
{"ip":"::1","level":"info","message":"GET /api/health","service":"user-service","timestamp":"2025-07-20 11:30:30"}
{"ip":"::1","level":"info","message":"GET /api/health","service":"user-service","timestamp":"2025-07-20 11:31:01"}
{"ip":"::1","level":"info","message":"GET /api/health","service":"user-service","timestamp":"2025-07-20 11:31:31"}
{"ip":"::1","level":"info","message":"GET /api/health","service":"user-service","timestamp":"2025-07-20 11:32:01"}
{"ip":"::1","level":"info","message":"GET /api/health","service":"user-service","timestamp":"2025-07-20 11:32:31"}
{"ip":"::1","level":"info","message":"GET /api/health","service":"user-service","timestamp":"2025-07-20 11:33:01"}
{"ip":"::1","level":"info","message":"GET /api/health","service":"user-service","timestamp":"2025-07-20 11:33:32"}
{"ip":"::1","level":"info","message":"GET /api/health","service":"user-service","timestamp":"2025-07-20 11:34:02"}
{"ip":"::1","level":"info","message":"GET /api/health","service":"user-service","timestamp":"2025-07-20 11:34:32"}
{"ip":"::1","level":"info","message":"GET /api/health","service":"user-service","timestamp":"2025-07-20 11:35:02"}
{"ip":"::1","level":"info","message":"GET /api/health","service":"user-service","timestamp":"2025-07-20 11:35:32"}
{"ip":"::1","level":"info","message":"GET /api/health","service":"user-service","timestamp":"2025-07-20 11:36:03"}
{"ip":"::1","level":"info","message":"GET /api/health","service":"user-service","timestamp":"2025-07-20 11:36:33"}
{"ip":"::1","level":"info","message":"GET /api/health","service":"user-service","timestamp":"2025-07-20 11:37:03"}
{"ip":"::1","level":"info","message":"GET /api/health","service":"user-service","timestamp":"2025-07-20 11:37:33"}
{"ip":"::1","level":"info","message":"GET /api/health","service":"user-service","timestamp":"2025-07-20 11:38:03"}
{"ip":"::1","level":"info","message":"GET /api/health","service":"user-service","timestamp":"2025-07-20 11:38:34"}
{"ip":"::1","level":"info","message":"GET /api/health","service":"user-service","timestamp":"2025-07-20 11:39:04"}
{"ip":"::1","level":"info","message":"GET /api/health","service":"user-service","timestamp":"2025-07-20 11:39:34"}
{"ip":"::1","level":"info","message":"GET /api/health","service":"user-service","timestamp":"2025-07-20 11:40:04"}
{"ip":"::1","level":"info","message":"GET /api/health","service":"user-service","timestamp":"2025-07-20 11:40:34"}
{"ip":"::1","level":"info","message":"GET /api/health","service":"user-service","timestamp":"2025-07-20 11:41:05"}
{"ip":"::1","level":"info","message":"GET /api/health","service":"user-service","timestamp":"2025-07-20 11:41:35"}
{"ip":"::1","level":"info","message":"GET /api/health","service":"user-service","timestamp":"2025-07-20 11:42:05"}
{"ip":"::1","level":"info","message":"GET /api/health","service":"user-service","timestamp":"2025-07-20 11:42:35"}
{"ip":"::1","level":"info","message":"GET /api/health","service":"user-service","timestamp":"2025-07-20 11:43:05"}
{"ip":"::1","level":"info","message":"GET /api/health","service":"user-service","timestamp":"2025-07-20 11:43:36"}
{"ip":"::1","level":"info","message":"GET /api/health","service":"user-service","timestamp":"2025-07-20 11:44:06"}
{"ip":"::1","level":"info","message":"GET /api/health","service":"user-service","timestamp":"2025-07-20 11:44:36"}
{"ip":"::1","level":"info","message":"GET /api/health","service":"user-service","timestamp":"2025-07-20 11:45:06"}
{"ip":"::1","level":"info","message":"GET /api/health","service":"user-service","timestamp":"2025-07-20 11:45:36"}
{"ip":"::1","level":"info","message":"GET /api/health","service":"user-service","timestamp":"2025-07-20 11:46:06"}
{"ip":"::1","level":"info","message":"GET /api/health","service":"user-service","timestamp":"2025-07-20 11:46:37"}
{"ip":"::1","level":"info","message":"GET /api/health","service":"user-service","timestamp":"2025-07-20 11:47:07"}
{"ip":"::1","level":"info","message":"GET /api/health","service":"user-service","timestamp":"2025-07-20 11:47:37"}
{"ip":"::1","level":"info","message":"GET /api/health","service":"user-service","timestamp":"2025-07-20 11:48:07"}
{"ip":"::1","level":"info","message":"GET /api/health","service":"user-service","timestamp":"2025-07-20 11:48:37"}
{"ip":"::1","level":"info","message":"GET /api/health","service":"user-service","timestamp":"2025-07-20 11:49:08"}
{"ip":"::1","level":"info","message":"GET /api/health","service":"user-service","timestamp":"2025-07-20 11:49:38"}
{"ip":"::1","level":"info","message":"GET /api/health","service":"user-service","timestamp":"2025-07-20 11:50:08"}
{"ip":"::1","level":"info","message":"GET /api/health","service":"user-service","timestamp":"2025-07-20 11:50:38"}
{"ip":"::1","level":"info","message":"GET /api/health","service":"user-service","timestamp":"2025-07-20 11:51:08"}
{"ip":"::1","level":"info","message":"GET /api/health","service":"user-service","timestamp":"2025-07-20 11:51:39"}
{"ip":"::1","level":"info","message":"GET /api/health","service":"user-service","timestamp":"2025-07-20 11:52:09"}
{"ip":"::1","level":"info","message":"GET /api/health","service":"user-service","timestamp":"2025-07-20 11:52:39"}
{"ip":"::1","level":"info","message":"GET /api/health","service":"user-service","timestamp":"2025-07-20 11:53:09"}
{"ip":"::1","level":"info","message":"GET /api/health","service":"user-service","timestamp":"2025-07-20 11:53:39"}
{"ip":"::1","level":"info","message":"GET /api/health","service":"user-service","timestamp":"2025-07-20 11:54:10"}
{"ip":"::1","level":"info","message":"GET /api/health","service":"user-service","timestamp":"2025-07-20 11:54:40"}
{"ip":"::1","level":"info","message":"GET /api/health","service":"user-service","timestamp":"2025-07-20 11:55:10"}
{"ip":"::1","level":"info","message":"GET /api/health","service":"user-service","timestamp":"2025-07-20 11:55:40"}
{"ip":"::1","level":"info","message":"GET /api/health","service":"user-service","timestamp":"2025-07-20 11:56:10"}
{"ip":"::1","level":"info","message":"GET /api/health","service":"user-service","timestamp":"2025-07-20 11:56:41"}
{"ip":"::1","level":"info","message":"GET /api/health","service":"user-service","timestamp":"2025-07-20 11:57:11"}
{"ip":"::1","level":"info","message":"GET /api/health","service":"user-service","timestamp":"2025-07-20 11:57:41"}
{"ip":"::1","level":"info","message":"GET /api/health","service":"user-service","timestamp":"2025-07-20 11:58:11"}
{"ip":"::1","level":"info","message":"GET /api/health","service":"user-service","timestamp":"2025-07-20 11:58:41"}
{"ip":"::1","level":"info","message":"GET /api/health","service":"user-service","timestamp":"2025-07-20 11:59:12"}
{"ip":"::1","level":"info","message":"GET /api/health","service":"user-service","timestamp":"2025-07-20 11:59:42"}
{"ip":"::1","level":"info","message":"GET /api/health","service":"user-service","timestamp":"2025-07-20 12:00:12"}
{"ip":"::1","level":"info","message":"GET /api/health","service":"user-service","timestamp":"2025-07-20 12:00:42"}
{"ip":"::1","level":"info","message":"GET /api/health","service":"user-service","timestamp":"2025-07-20 12:01:12"}
{"ip":"::1","level":"info","message":"GET /api/health","service":"user-service","timestamp":"2025-07-20 12:01:43"}
{"ip":"::1","level":"info","message":"GET /api/health","service":"user-service","timestamp":"2025-07-20 12:02:13"}
{"ip":"::1","level":"info","message":"GET /api/health","service":"user-service","timestamp":"2025-07-20 12:02:43"}
{"ip":"::1","level":"info","message":"GET /api/health","service":"user-service","timestamp":"2025-07-20 12:03:13"}
{"ip":"::1","level":"info","message":"GET /api/health","service":"user-service","timestamp":"2025-07-20 12:03:43"}
{"ip":"::1","level":"info","message":"GET /api/health","service":"user-service","timestamp":"2025-07-20 12:04:14"}
{"ip":"::1","level":"info","message":"GET /api/health","service":"user-service","timestamp":"2025-07-20 12:04:44"}
{"ip":"::1","level":"info","message":"GET /api/health","service":"user-service","timestamp":"2025-07-20 12:05:14"}
{"ip":"::1","level":"info","message":"GET /api/health","service":"user-service","timestamp":"2025-07-20 12:05:44"}
{"ip":"::1","level":"info","message":"GET /api/health","service":"user-service","timestamp":"2025-07-20 12:06:14"}
{"ip":"::1","level":"info","message":"GET /api/health","service":"user-service","timestamp":"2025-07-20 12:06:45"}
{"ip":"::1","level":"info","message":"GET /api/health","service":"user-service","timestamp":"2025-07-20 12:07:15"}
{"ip":"::1","level":"info","message":"GET /api/health","service":"user-service","timestamp":"2025-07-20 12:07:45"}
{"ip":"::1","level":"info","message":"GET /api/health","service":"user-service","timestamp":"2025-07-20 12:08:15"}
{"ip":"::1","level":"info","message":"GET /api/health","service":"user-service","timestamp":"2025-07-20 12:08:45"}
{"ip":"::1","level":"info","message":"GET /api/health","service":"user-service","timestamp":"2025-07-20 12:09:16"}
{"ip":"::1","level":"info","message":"GET /api/health","service":"user-service","timestamp":"2025-07-20 12:09:46"}
{"ip":"::1","level":"info","message":"GET /api/health","service":"user-service","timestamp":"2025-07-20 12:10:16"}
{"ip":"::1","level":"info","message":"GET /api/health","service":"user-service","timestamp":"2025-07-20 12:10:46"}
{"ip":"::1","level":"info","message":"GET /api/health","service":"user-service","timestamp":"2025-07-20 12:11:16"}
{"ip":"::1","level":"info","message":"GET /api/health","service":"user-service","timestamp":"2025-07-20 12:11:47"}
{"ip":"::1","level":"info","message":"GET /api/health","service":"user-service","timestamp":"2025-07-20 12:12:17"}
{"ip":"::1","level":"info","message":"GET /api/health","service":"user-service","timestamp":"2025-07-20 12:12:47"}
{"ip":"::1","level":"info","message":"GET /api/health","service":"user-service","timestamp":"2025-07-20 12:13:17"}
{"ip":"::1","level":"info","message":"GET /api/health","service":"user-service","timestamp":"2025-07-20 12:13:47"}
{"ip":"::1","level":"info","message":"GET /api/health","service":"user-service","timestamp":"2025-07-20 12:14:18"}
{"ip":"::1","level":"info","message":"GET /api/health","service":"user-service","timestamp":"2025-07-20 12:14:48"}
{"ip":"::1","level":"info","message":"GET /api/health","service":"user-service","timestamp":"2025-07-20 12:15:18"}
{"ip":"::1","level":"info","message":"GET /api/health","service":"user-service","timestamp":"2025-07-20 12:15:48"}
{"ip":"::1","level":"info","message":"GET /api/health","service":"user-service","timestamp":"2025-07-20 12:16:18"}
{"ip":"::1","level":"info","message":"GET /api/health","service":"user-service","timestamp":"2025-07-20 12:16:49"}
{"ip":"::1","level":"info","message":"GET /api/health","service":"user-service","timestamp":"2025-07-20 12:17:19"}
{"ip":"::1","level":"info","message":"GET /api/health","service":"user-service","timestamp":"2025-07-20 12:17:49"}
{"ip":"::1","level":"info","message":"GET /api/health","service":"user-service","timestamp":"2025-07-20 12:18:19"}
{"ip":"::1","level":"info","message":"GET /api/health","service":"user-service","timestamp":"2025-07-20 12:18:49"}
{"ip":"::1","level":"info","message":"GET /api/health","service":"user-service","timestamp":"2025-07-20 12:19:20"}
{"ip":"::1","level":"info","message":"GET /api/health","service":"user-service","timestamp":"2025-07-20 12:19:50"}
{"ip":"::1","level":"info","message":"GET /api/health","service":"user-service","timestamp":"2025-07-20 12:20:20"}
{"ip":"::1","level":"info","message":"GET /api/health","service":"user-service","timestamp":"2025-07-20 12:20:50"}
{"ip":"::1","level":"info","message":"GET /api/health","service":"user-service","timestamp":"2025-07-20 12:21:20"}
{"ip":"::1","level":"info","message":"GET /api/health","service":"user-service","timestamp":"2025-07-20 12:21:50"}
{"ip":"::1","level":"info","message":"GET /api/health","service":"user-service","timestamp":"2025-07-20 12:22:21"}
{"ip":"::1","level":"info","message":"GET /api/health","service":"user-service","timestamp":"2025-07-20 12:22:51"}
{"ip":"::1","level":"info","message":"GET /api/health","service":"user-service","timestamp":"2025-07-20 12:23:21"}
{"ip":"::1","level":"info","message":"GET /api/health","service":"user-service","timestamp":"2025-07-20 12:23:51"}
{"ip":"::1","level":"info","message":"GET /api/health","service":"user-service","timestamp":"2025-07-20 12:24:21"}
{"ip":"::1","level":"info","message":"GET /api/health","service":"user-service","timestamp":"2025-07-20 12:24:52"}
{"ip":"::1","level":"info","message":"GET /api/health","service":"user-service","timestamp":"2025-07-20 12:25:22"}
{"ip":"::1","level":"info","message":"GET /api/health","service":"user-service","timestamp":"2025-07-20 12:25:52"}
{"ip":"::1","level":"info","message":"GET /api/health","service":"user-service","timestamp":"2025-07-20 12:26:22"}
{"ip":"::1","level":"info","message":"GET /api/health","service":"user-service","timestamp":"2025-07-20 12:26:52"}
{"ip":"::1","level":"info","message":"GET /api/health","service":"user-service","timestamp":"2025-07-20 12:27:23"}
{"ip":"::1","level":"info","message":"GET /api/health","service":"user-service","timestamp":"2025-07-20 12:27:53"}
{"ip":"::1","level":"info","message":"GET /api/health","service":"user-service","timestamp":"2025-07-20 12:28:23"}
{"ip":"::1","level":"info","message":"GET /api/health","service":"user-service","timestamp":"2025-07-20 12:28:53"}
{"ip":"::1","level":"info","message":"GET /api/health","service":"user-service","timestamp":"2025-07-20 12:29:23"}
{"ip":"::1","level":"info","message":"GET /api/health","service":"user-service","timestamp":"2025-07-20 12:29:54"}
{"ip":"::1","level":"info","message":"GET /api/health","service":"user-service","timestamp":"2025-07-20 12:30:24"}
{"ip":"::1","level":"info","message":"GET /api/health","service":"user-service","timestamp":"2025-07-20 12:30:54"}
{"ip":"::1","level":"info","message":"GET /api/health","service":"user-service","timestamp":"2025-07-20 12:31:24"}
{"ip":"::1","level":"info","message":"GET /api/health","service":"user-service","timestamp":"2025-07-20 12:31:54"}
{"ip":"::1","level":"info","message":"GET /api/health","service":"user-service","timestamp":"2025-07-20 12:32:25"}
{"ip":"::1","level":"info","message":"GET /api/health","service":"user-service","timestamp":"2025-07-20 12:32:55"}
{"ip":"::1","level":"info","message":"GET /api/health","service":"user-service","timestamp":"2025-07-20 12:33:25"}
{"ip":"::1","level":"info","message":"GET /api/health","service":"user-service","timestamp":"2025-07-20 12:33:55"}
{"ip":"::1","level":"info","message":"GET /api/health","service":"user-service","timestamp":"2025-07-20 12:34:25"}
{"ip":"::1","level":"info","message":"GET /api/health","service":"user-service","timestamp":"2025-07-20 12:34:56"}
{"ip":"::1","level":"info","message":"GET /api/health","service":"user-service","timestamp":"2025-07-20 12:35:26"}
{"ip":"::1","level":"info","message":"GET /api/health","service":"user-service","timestamp":"2025-07-20 12:35:56"}
{"ip":"::1","level":"info","message":"GET /api/health","service":"user-service","timestamp":"2025-07-20 12:36:26"}
{"ip":"::1","level":"info","message":"GET /api/health","service":"user-service","timestamp":"2025-07-20 12:36:56"}
{"ip":"::1","level":"info","message":"GET /api/health","service":"user-service","timestamp":"2025-07-20 12:37:27"}
{"ip":"::1","level":"info","message":"GET /api/health","service":"user-service","timestamp":"2025-07-20 12:37:57"}
{"ip":"::1","level":"info","message":"GET /api/health","service":"user-service","timestamp":"2025-07-20 12:38:27"}
{"ip":"::1","level":"info","message":"GET /api/health","service":"user-service","timestamp":"2025-07-20 12:38:57"}
{"ip":"::1","level":"info","message":"GET /api/health","service":"user-service","timestamp":"2025-07-20 12:39:27"}
{"ip":"::1","level":"info","message":"GET /api/health","service":"user-service","timestamp":"2025-07-20 12:39:58"}
{"ip":"::1","level":"info","message":"GET /api/health","service":"user-service","timestamp":"2025-07-20 12:40:28"}
{"ip":"::1","level":"info","message":"GET /api/health","service":"user-service","timestamp":"2025-07-20 12:40:58"}
{"ip":"::1","level":"info","message":"GET /api/health","service":"user-service","timestamp":"2025-07-20 12:41:28"}
{"ip":"::1","level":"info","message":"GET /api/health","service":"user-service","timestamp":"2025-07-20 12:41:58"}
{"ip":"::1","level":"info","message":"GET /api/health","service":"user-service","timestamp":"2025-07-20 12:42:28"}
{"ip":"::1","level":"info","message":"GET /api/health","service":"user-service","timestamp":"2025-07-20 12:42:59"}
{"ip":"::1","level":"info","message":"GET /api/health","service":"user-service","timestamp":"2025-07-20 12:43:29"}
{"ip":"::1","level":"info","message":"GET /api/health","service":"user-service","timestamp":"2025-07-20 12:43:59"}
{"ip":"::1","level":"info","message":"GET /api/health","service":"user-service","timestamp":"2025-07-20 12:44:29"}
{"ip":"::1","level":"info","message":"GET /api/health","service":"user-service","timestamp":"2025-07-20 12:44:59"}
{"ip":"::1","level":"info","message":"GET /api/health","service":"user-service","timestamp":"2025-07-20 12:45:30"}
{"ip":"::1","level":"info","message":"GET /api/health","service":"user-service","timestamp":"2025-07-20 12:46:00"}
{"ip":"::1","level":"info","message":"GET /api/health","service":"user-service","timestamp":"2025-07-20 12:46:30"}
{"ip":"::1","level":"info","message":"GET /api/health","service":"user-service","timestamp":"2025-07-20 12:47:00"}
{"ip":"::1","level":"info","message":"GET /api/health","service":"user-service","timestamp":"2025-07-20 12:47:30"}
{"ip":"::1","level":"info","message":"GET /api/health","service":"user-service","timestamp":"2025-07-20 12:48:01"}
{"ip":"::1","level":"info","message":"GET /api/health","service":"user-service","timestamp":"2025-07-20 12:48:31"}
{"ip":"::1","level":"info","message":"GET /api/health","service":"user-service","timestamp":"2025-07-20 12:49:01"}
{"ip":"::1","level":"info","message":"GET /api/health","service":"user-service","timestamp":"2025-07-20 12:49:31"}
{"ip":"::1","level":"info","message":"GET /api/health","service":"user-service","timestamp":"2025-07-20 12:50:02"}
{"ip":"::1","level":"info","message":"GET /api/health","service":"user-service","timestamp":"2025-07-20 12:50:32"}
{"ip":"::1","level":"info","message":"GET /api/health","service":"user-service","timestamp":"2025-07-20 12:51:02"}
{"ip":"::1","level":"info","message":"GET /api/health","service":"user-service","timestamp":"2025-07-20 12:51:32"}
{"ip":"::1","level":"info","message":"GET /api/health","service":"user-service","timestamp":"2025-07-20 12:52:02"}
{"ip":"::1","level":"info","message":"GET /api/health","service":"user-service","timestamp":"2025-07-20 12:52:33"}
{"ip":"::1","level":"info","message":"GET /api/health","service":"user-service","timestamp":"2025-07-20 12:53:03"}
{"ip":"::1","level":"info","message":"GET /api/health","service":"user-service","timestamp":"2025-07-20 12:53:33"}
{"ip":"::1","level":"info","message":"GET /api/health","service":"user-service","timestamp":"2025-07-20 12:54:03"}
{"ip":"::1","level":"info","message":"GET /api/health","service":"user-service","timestamp":"2025-07-20 12:54:33"}
{"ip":"::1","level":"info","message":"GET /api/health","service":"user-service","timestamp":"2025-07-20 12:55:04"}
{"ip":"::1","level":"info","message":"GET /api/health","service":"user-service","timestamp":"2025-07-20 12:55:34"}
{"ip":"::1","level":"info","message":"GET /api/health","service":"user-service","timestamp":"2025-07-20 12:56:04"}
{"ip":"::1","level":"info","message":"GET /api/health","service":"user-service","timestamp":"2025-07-20 12:56:34"}
{"ip":"::1","level":"info","message":"GET /api/health","service":"user-service","timestamp":"2025-07-20 12:57:05"}
{"ip":"::1","level":"info","message":"GET /api/health","service":"user-service","timestamp":"2025-07-20 12:57:35"}
{"ip":"::1","level":"info","message":"GET /api/health","service":"user-service","timestamp":"2025-07-20 12:58:05"}
{"ip":"::1","level":"info","message":"GET /api/health","service":"user-service","timestamp":"2025-07-20 12:58:35"}
{"ip":"::1","level":"info","message":"GET /api/health","service":"user-service","timestamp":"2025-07-20 12:59:05"}
{"ip":"::1","level":"info","message":"GET /api/health","service":"user-service","timestamp":"2025-07-20 12:59:36"}
{"ip":"::1","level":"info","message":"GET /api/health","service":"user-service","timestamp":"2025-07-20 13:00:06"}
{"ip":"::1","level":"info","message":"GET /api/health","service":"user-service","timestamp":"2025-07-20 13:00:36"}
{"ip":"::1","level":"info","message":"GET /api/health","service":"user-service","timestamp":"2025-07-20 13:01:06"}
{"ip":"::1","level":"info","message":"GET /api/health","service":"user-service","timestamp":"2025-07-20 13:01:36"}
{"ip":"::1","level":"info","message":"GET /api/health","service":"user-service","timestamp":"2025-07-20 13:02:07"}
{"ip":"::1","level":"info","message":"GET /api/health","service":"user-service","timestamp":"2025-07-20 13:02:37"}
{"ip":"::1","level":"info","message":"GET /api/health","service":"user-service","timestamp":"2025-07-20 13:03:07"}
{"ip":"::1","level":"info","message":"GET /api/health","service":"user-service","timestamp":"2025-07-20 13:03:37"}
{"ip":"::1","level":"info","message":"GET /api/health","service":"user-service","timestamp":"2025-07-20 13:04:07"}
{"ip":"::1","level":"info","message":"GET /api/health","service":"user-service","timestamp":"2025-07-20 13:04:38"}
{"ip":"::1","level":"info","message":"GET /api/health","service":"user-service","timestamp":"2025-07-20 13:05:08"}
{"ip":"::1","level":"info","message":"GET /api/health","service":"user-service","timestamp":"2025-07-20 13:05:38"}
{"ip":"::1","level":"info","message":"GET /api/health","service":"user-service","timestamp":"2025-07-20 13:06:08"}
{"ip":"::1","level":"info","message":"GET /api/health","service":"user-service","timestamp":"2025-07-20 13:06:38"}
{"ip":"::1","level":"info","message":"GET /api/health","service":"user-service","timestamp":"2025-07-20 13:07:09"}
{"ip":"::1","level":"info","message":"GET /api/health","service":"user-service","timestamp":"2025-07-20 13:07:39"}
{"ip":"::1","level":"info","message":"GET /api/health","service":"user-service","timestamp":"2025-07-20 13:08:09"}
{"ip":"::1","level":"info","message":"GET /api/health","service":"user-service","timestamp":"2025-07-20 13:08:39"}
{"ip":"::1","level":"info","message":"GET /api/health","service":"user-service","timestamp":"2025-07-20 13:09:10"}
{"ip":"::1","level":"info","message":"GET /api/health","service":"user-service","timestamp":"2025-07-20 13:09:40"}
{"ip":"::1","level":"info","message":"GET /api/health","service":"user-service","timestamp":"2025-07-20 13:10:10"}
{"ip":"::1","level":"info","message":"GET /api/health","service":"user-service","timestamp":"2025-07-20 13:10:40"}
{"ip":"::1","level":"info","message":"GET /api/health","service":"user-service","timestamp":"2025-07-20 13:11:10"}
{"ip":"::1","level":"info","message":"GET /api/health","service":"user-service","timestamp":"2025-07-20 13:11:41"}
{"ip":"::1","level":"info","message":"GET /api/health","service":"user-service","timestamp":"2025-07-20 13:12:11"}
{"ip":"::1","level":"info","message":"GET /api/health","service":"user-service","timestamp":"2025-07-20 13:12:41"}
{"ip":"::1","level":"info","message":"GET /api/health","service":"user-service","timestamp":"2025-07-20 13:13:11"}
{"ip":"::1","level":"info","message":"GET /api/health","service":"user-service","timestamp":"2025-07-20 13:13:41"}
{"ip":"::1","level":"info","message":"GET /api/health","service":"user-service","timestamp":"2025-07-20 13:14:12"}
{"ip":"::1","level":"info","message":"GET /api/health","service":"user-service","timestamp":"2025-07-20 13:14:42"}
{"ip":"::1","level":"info","message":"GET /api/health","service":"user-service","timestamp":"2025-07-20 13:15:12"}
{"ip":"::1","level":"info","message":"GET /api/health","service":"user-service","timestamp":"2025-07-20 13:15:42"}
{"ip":"::1","level":"info","message":"GET /api/health","service":"user-service","timestamp":"2025-07-20 13:16:13"}
{"ip":"::1","level":"info","message":"GET /api/health","service":"user-service","timestamp":"2025-07-20 13:16:43"}
{"ip":"::1","level":"info","message":"GET /api/health","service":"user-service","timestamp":"2025-07-20 13:17:13"}
{"ip":"::1","level":"info","message":"GET /api/health","service":"user-service","timestamp":"2025-07-20 13:17:43"}
{"ip":"::1","level":"info","message":"GET /api/health","service":"user-service","timestamp":"2025-07-20 13:18:13"}
{"ip":"::1","level":"info","message":"GET /api/health","service":"user-service","timestamp":"2025-07-20 13:18:44"}
{"ip":"::1","level":"info","message":"GET /api/health","service":"user-service","timestamp":"2025-07-20 13:19:14"}
{"ip":"::1","level":"info","message":"GET /api/health","service":"user-service","timestamp":"2025-07-20 13:19:44"}
{"ip":"::1","level":"info","message":"GET /api/health","service":"user-service","timestamp":"2025-07-20 13:20:14"}
{"ip":"::1","level":"info","message":"GET /api/health","service":"user-service","timestamp":"2025-07-20 13:20:45"}
{"ip":"::1","level":"info","message":"GET /api/health","service":"user-service","timestamp":"2025-07-20 13:21:15"}
{"ip":"::1","level":"info","message":"GET /api/health","service":"user-service","timestamp":"2025-07-20 13:21:45"}
{"ip":"::1","level":"info","message":"GET /api/health","service":"user-service","timestamp":"2025-07-20 13:22:15"}
{"ip":"::1","level":"info","message":"GET /api/health","service":"user-service","timestamp":"2025-07-20 13:22:45"}
{"ip":"::1","level":"info","message":"GET /api/health","service":"user-service","timestamp":"2025-07-20 13:23:16"}
{"ip":"::1","level":"info","message":"GET /api/health","service":"user-service","timestamp":"2025-07-20 13:23:46"}
{"ip":"::1","level":"info","message":"GET /api/health","service":"user-service","timestamp":"2025-07-20 13:24:16"}
{"ip":"::1","level":"info","message":"GET /api/health","service":"user-service","timestamp":"2025-07-20 13:24:46"}
{"ip":"::1","level":"info","message":"GET /api/health","service":"user-service","timestamp":"2025-07-20 13:25:17"}
{"ip":"::1","level":"info","message":"GET /api/health","service":"user-service","timestamp":"2025-07-20 13:25:47"}
{"ip":"::1","level":"info","message":"GET /api/health","service":"user-service","timestamp":"2025-07-20 13:26:17"}
{"ip":"::1","level":"info","message":"GET /api/health","service":"user-service","timestamp":"2025-07-20 13:26:47"}
{"ip":"::1","level":"info","message":"GET /api/health","service":"user-service","timestamp":"2025-07-20 13:27:17"}
{"ip":"::1","level":"info","message":"GET /api/health","service":"user-service","timestamp":"2025-07-20 13:27:48"}
{"ip":"::1","level":"info","message":"GET /api/health","service":"user-service","timestamp":"2025-07-20 13:28:18"}
{"ip":"::1","level":"info","message":"GET /api/health","service":"user-service","timestamp":"2025-07-20 13:28:48"}
{"ip":"::1","level":"info","message":"GET /api/health","service":"user-service","timestamp":"2025-07-20 13:29:18"}
{"ip":"::1","level":"info","message":"GET /api/health","service":"user-service","timestamp":"2025-07-20 13:29:48"}
{"ip":"::1","level":"info","message":"GET /api/health","service":"user-service","timestamp":"2025-07-20 13:30:19"}
{"ip":"::1","level":"info","message":"GET /api/health","service":"user-service","timestamp":"2025-07-20 13:30:49"}
{"ip":"::1","level":"info","message":"GET /api/health","service":"user-service","timestamp":"2025-07-20 13:31:19"}
{"ip":"::1","level":"info","message":"GET /api/health","service":"user-service","timestamp":"2025-07-20 13:31:49"}
{"ip":"::1","level":"info","message":"GET /api/health","service":"user-service","timestamp":"2025-07-20 13:32:19"}
{"ip":"::1","level":"info","message":"GET /api/health","service":"user-service","timestamp":"2025-07-20 13:32:49"}
{"ip":"::1","level":"info","message":"GET /api/health","service":"user-service","timestamp":"2025-07-20 13:33:20"}
{"ip":"::1","level":"info","message":"GET /api/health","service":"user-service","timestamp":"2025-07-20 13:33:50"}
{"ip":"::1","level":"info","message":"GET /api/health","service":"user-service","timestamp":"2025-07-20 13:34:20"}
{"ip":"::1","level":"info","message":"GET /api/health","service":"user-service","timestamp":"2025-07-20 13:34:50"}
{"ip":"::1","level":"info","message":"GET /api/health","service":"user-service","timestamp":"2025-07-20 13:35:20"}
{"ip":"::1","level":"info","message":"GET /api/health","service":"user-service","timestamp":"2025-07-20 13:35:51"}
{"ip":"::1","level":"info","message":"GET /api/health","service":"user-service","timestamp":"2025-07-20 13:36:21"}
{"ip":"::1","level":"info","message":"GET /api/health","service":"user-service","timestamp":"2025-07-20 13:36:51"}
{"ip":"::1","level":"info","message":"GET /api/health","service":"user-service","timestamp":"2025-07-20 13:37:21"}
{"ip":"::1","level":"info","message":"GET /api/health","service":"user-service","timestamp":"2025-07-20 13:37:51"}
{"ip":"::1","level":"info","message":"GET /api/health","service":"user-service","timestamp":"2025-07-20 13:38:22"}
{"ip":"::1","level":"info","message":"GET /api/health","service":"user-service","timestamp":"2025-07-20 13:38:52"}
{"ip":"::1","level":"info","message":"GET /api/health","service":"user-service","timestamp":"2025-07-20 13:39:22"}
{"ip":"::1","level":"info","message":"GET /api/health","service":"user-service","timestamp":"2025-07-20 13:39:52"}
{"ip":"::1","level":"info","message":"GET /api/health","service":"user-service","timestamp":"2025-07-20 13:40:22"}
{"ip":"::1","level":"info","message":"GET /api/health","service":"user-service","timestamp":"2025-07-20 13:40:53"}
{"ip":"::1","level":"info","message":"GET /api/health","service":"user-service","timestamp":"2025-07-20 13:41:23"}
{"ip":"::1","level":"info","message":"GET /api/health","service":"user-service","timestamp":"2025-07-20 13:41:53"}
{"ip":"::1","level":"info","message":"GET /api/health","service":"user-service","timestamp":"2025-07-20 13:42:23"}
{"ip":"::1","level":"info","message":"GET /api/health","service":"user-service","timestamp":"2025-07-20 13:42:53"}
{"ip":"::1","level":"info","message":"GET /api/health","service":"user-service","timestamp":"2025-07-20 13:43:24"}
{"ip":"::1","level":"info","message":"GET /api/health","service":"user-service","timestamp":"2025-07-20 13:43:54"}
{"ip":"::1","level":"info","message":"GET /api/health","service":"user-service","timestamp":"2025-07-20 13:44:24"}
{"ip":"::1","level":"info","message":"GET /api/health","service":"user-service","timestamp":"2025-07-20 13:44:54"}
{"ip":"::1","level":"info","message":"GET /api/health","service":"user-service","timestamp":"2025-07-20 13:45:24"}
{"ip":"::1","level":"info","message":"GET /api/health","service":"user-service","timestamp":"2025-07-20 13:45:55"}
{"ip":"::1","level":"info","message":"GET /api/health","service":"user-service","timestamp":"2025-07-20 13:46:25"}
{"ip":"::1","level":"info","message":"GET /api/health","service":"user-service","timestamp":"2025-07-20 13:46:55"}
{"ip":"::1","level":"info","message":"GET /api/health","service":"user-service","timestamp":"2025-07-20 13:47:25"}
{"ip":"::1","level":"info","message":"GET /api/health","service":"user-service","timestamp":"2025-07-20 13:47:55"}
{"ip":"::1","level":"info","message":"GET /api/health","service":"user-service","timestamp":"2025-07-20 13:48:26"}
{"ip":"::1","level":"info","message":"GET /api/health","service":"user-service","timestamp":"2025-07-20 13:48:56"}
{"ip":"::1","level":"info","message":"GET /api/health","service":"user-service","timestamp":"2025-07-20 13:49:26"}
{"ip":"::1","level":"info","message":"GET /api/health","service":"user-service","timestamp":"2025-07-20 13:49:56"}
{"ip":"::1","level":"info","message":"GET /api/health","service":"user-service","timestamp":"2025-07-20 13:50:26"}
{"ip":"::1","level":"info","message":"GET /api/health","service":"user-service","timestamp":"2025-07-20 13:50:57"}
{"ip":"::1","level":"info","message":"GET /api/health","service":"user-service","timestamp":"2025-07-20 13:51:27"}
{"ip":"::1","level":"info","message":"GET /api/health","service":"user-service","timestamp":"2025-07-20 13:51:57"}
{"ip":"::1","level":"info","message":"GET /api/health","service":"user-service","timestamp":"2025-07-20 13:52:27"}
{"ip":"::1","level":"info","message":"GET /api/health","service":"user-service","timestamp":"2025-07-20 13:52:57"}
{"ip":"::1","level":"info","message":"GET /api/health","service":"user-service","timestamp":"2025-07-20 13:53:28"}
{"ip":"::1","level":"info","message":"GET /api/health","service":"user-service","timestamp":"2025-07-20 13:53:58"}
{"ip":"::1","level":"info","message":"GET /api/health","service":"user-service","timestamp":"2025-07-20 13:54:28"}
{"ip":"::1","level":"info","message":"GET /api/health","service":"user-service","timestamp":"2025-07-20 13:54:58"}
{"ip":"::1","level":"info","message":"GET /api/health","service":"user-service","timestamp":"2025-07-20 13:55:28"}
{"ip":"::1","level":"info","message":"GET /api/health","service":"user-service","timestamp":"2025-07-20 13:55:59"}
{"ip":"::1","level":"info","message":"GET /api/health","service":"user-service","timestamp":"2025-07-20 13:56:29"}
{"ip":"::1","level":"info","message":"GET /api/health","service":"user-service","timestamp":"2025-07-20 13:56:59"}
{"ip":"::1","level":"info","message":"GET /api/health","service":"user-service","timestamp":"2025-07-20 13:57:29"}
{"ip":"::1","level":"info","message":"GET /api/health","service":"user-service","timestamp":"2025-07-20 13:57:59"}
{"ip":"::1","level":"info","message":"GET /api/health","service":"user-service","timestamp":"2025-07-20 13:58:30"}
{"ip":"::1","level":"info","message":"GET /api/health","service":"user-service","timestamp":"2025-07-20 13:59:00"}
{"ip":"::1","level":"info","message":"GET /api/health","service":"user-service","timestamp":"2025-07-20 13:59:30"}
{"ip":"::1","level":"info","message":"GET /api/health","service":"user-service","timestamp":"2025-07-20 14:00:00"}
{"ip":"::1","level":"info","message":"GET /api/health","service":"user-service","timestamp":"2025-07-20 14:00:31"}
{"ip":"::1","level":"info","message":"GET /api/health","service":"user-service","timestamp":"2025-07-20 14:01:01"}
{"ip":"::1","level":"info","message":"GET /api/health","service":"user-service","timestamp":"2025-07-20 14:01:31"}
{"ip":"::1","level":"info","message":"GET /api/health","service":"user-service","timestamp":"2025-07-20 14:02:01"}
{"ip":"::1","level":"info","message":"GET /api/health","service":"user-service","timestamp":"2025-07-20 14:02:31"}
{"ip":"::1","level":"info","message":"GET /api/health","service":"user-service","timestamp":"2025-07-20 14:03:02"}
{"ip":"::1","level":"info","message":"GET /api/health","service":"user-service","timestamp":"2025-07-20 14:03:32"}
{"ip":"::1","level":"info","message":"GET /api/health","service":"user-service","timestamp":"2025-07-20 14:04:02"}
{"ip":"::1","level":"info","message":"GET /api/health","service":"user-service","timestamp":"2025-07-20 14:04:32"}
{"ip":"::1","level":"info","message":"GET /api/health","service":"user-service","timestamp":"2025-07-20 14:05:02"}
{"ip":"::1","level":"info","message":"GET /api/health","service":"user-service","timestamp":"2025-07-20 14:05:33"}
{"ip":"::1","level":"info","message":"GET /api/health","service":"user-service","timestamp":"2025-07-20 14:06:03"}
{"ip":"::1","level":"info","message":"GET /api/health","service":"user-service","timestamp":"2025-07-20 14:06:33"}
{"ip":"::1","level":"info","message":"GET /api/health","service":"user-service","timestamp":"2025-07-20 14:07:03"}
{"ip":"::1","level":"info","message":"GET /api/health","service":"user-service","timestamp":"2025-07-20 14:07:33"}
{"ip":"::1","level":"info","message":"GET /api/health","service":"user-service","timestamp":"2025-07-20 14:08:04"}
{"ip":"::1","level":"info","message":"GET /api/health","service":"user-service","timestamp":"2025-07-20 14:08:34"}
{"ip":"::1","level":"info","message":"GET /api/health","service":"user-service","timestamp":"2025-07-20 14:09:04"}
{"ip":"::1","level":"info","message":"GET /api/health","service":"user-service","timestamp":"2025-07-20 14:09:34"}
{"ip":"::1","level":"info","message":"GET /api/health","service":"user-service","timestamp":"2025-07-20 14:10:04"}
{"ip":"::1","level":"info","message":"GET /api/health","service":"user-service","timestamp":"2025-07-20 14:10:35"}
{"ip":"::1","level":"info","message":"GET /api/health","service":"user-service","timestamp":"2025-07-20 14:11:05"}
{"ip":"::1","level":"info","message":"GET /api/health","service":"user-service","timestamp":"2025-07-20 14:11:35"}
{"ip":"::1","level":"info","message":"GET /api/health","service":"user-service","timestamp":"2025-07-20 14:12:05"}
{"ip":"::1","level":"info","message":"GET /api/health","service":"user-service","timestamp":"2025-07-20 14:12:35"}
{"ip":"::1","level":"info","message":"GET /api/health","service":"user-service","timestamp":"2025-07-20 14:13:05"}
{"ip":"::1","level":"info","message":"GET /api/health","service":"user-service","timestamp":"2025-07-20 14:13:36"}
{"ip":"::1","level":"info","message":"GET /api/health","service":"user-service","timestamp":"2025-07-20 14:14:06"}
{"ip":"::1","level":"info","message":"GET /api/health","service":"user-service","timestamp":"2025-07-20 14:14:36"}
{"ip":"::1","level":"info","message":"GET /api/health","service":"user-service","timestamp":"2025-07-20 14:15:06"}
{"ip":"::1","level":"info","message":"GET /api/health","service":"user-service","timestamp":"2025-07-20 14:15:36"}
{"ip":"::1","level":"info","message":"GET /api/health","service":"user-service","timestamp":"2025-07-20 14:16:07"}
{"ip":"::1","level":"info","message":"GET /api/health","service":"user-service","timestamp":"2025-07-20 14:16:37"}
{"ip":"::1","level":"info","message":"GET /api/health","service":"user-service","timestamp":"2025-07-20 14:17:07"}
{"ip":"::1","level":"info","message":"GET /api/health","service":"user-service","timestamp":"2025-07-20 14:17:37"}
{"ip":"::1","level":"info","message":"GET /api/health","service":"user-service","timestamp":"2025-07-20 14:18:07"}
{"ip":"::1","level":"info","message":"GET /api/health","service":"user-service","timestamp":"2025-07-20 14:18:38"}
{"ip":"::1","level":"info","message":"GET /api/health","service":"user-service","timestamp":"2025-07-20 14:19:08"}
{"ip":"::1","level":"info","message":"GET /api/health","service":"user-service","timestamp":"2025-07-20 14:19:38"}
{"ip":"::1","level":"info","message":"GET /api/health","service":"user-service","timestamp":"2025-07-20 14:20:08"}
{"ip":"::1","level":"info","message":"GET /api/health","service":"user-service","timestamp":"2025-07-20 14:20:38"}
{"ip":"::1","level":"info","message":"GET /api/health","service":"user-service","timestamp":"2025-07-20 14:21:09"}
{"ip":"::1","level":"info","message":"GET /api/health","service":"user-service","timestamp":"2025-07-20 14:21:39"}
{"ip":"::1","level":"info","message":"GET /api/health","service":"user-service","timestamp":"2025-07-20 14:22:09"}
{"ip":"::1","level":"info","message":"GET /api/health","service":"user-service","timestamp":"2025-07-20 14:22:39"}
{"ip":"::1","level":"info","message":"GET /api/health","service":"user-service","timestamp":"2025-07-20 14:23:09"}
{"ip":"::1","level":"info","message":"GET /api/health","service":"user-service","timestamp":"2025-07-20 14:23:40"}
{"ip":"::1","level":"info","message":"GET /api/health","service":"user-service","timestamp":"2025-07-20 14:24:10"}
{"ip":"::1","level":"info","message":"GET /api/health","service":"user-service","timestamp":"2025-07-20 14:24:40"}
{"ip":"::1","level":"info","message":"GET /api/health","service":"user-service","timestamp":"2025-07-20 14:25:10"}
{"ip":"::1","level":"info","message":"GET /api/health","service":"user-service","timestamp":"2025-07-20 14:25:40"}
{"ip":"::1","level":"info","message":"GET /api/health","service":"user-service","timestamp":"2025-07-20 14:26:11"}
{"ip":"::1","level":"info","message":"GET /api/health","service":"user-service","timestamp":"2025-07-20 14:26:41"}
{"ip":"::1","level":"info","message":"GET /api/health","service":"user-service","timestamp":"2025-07-20 14:27:11"}
{"ip":"::1","level":"info","message":"GET /api/health","service":"user-service","timestamp":"2025-07-20 14:27:41"}
{"ip":"::1","level":"info","message":"GET /api/health","service":"user-service","timestamp":"2025-07-20 14:28:11"}
{"ip":"::1","level":"info","message":"GET /api/health","service":"user-service","timestamp":"2025-07-20 14:28:42"}
{"ip":"::1","level":"info","message":"GET /api/health","service":"user-service","timestamp":"2025-07-20 14:29:12"}
{"ip":"::1","level":"info","message":"GET /api/health","service":"user-service","timestamp":"2025-07-20 14:29:42"}
{"ip":"::1","level":"info","message":"GET /api/health","service":"user-service","timestamp":"2025-07-20 14:30:12"}
{"ip":"::1","level":"info","message":"GET /api/health","service":"user-service","timestamp":"2025-07-20 14:30:42"}
{"ip":"::1","level":"info","message":"GET /api/health","service":"user-service","timestamp":"2025-07-20 14:31:13"}
{"ip":"::1","level":"info","message":"GET /api/health","service":"user-service","timestamp":"2025-07-20 14:31:43"}
{"ip":"::1","level":"info","message":"GET /api/health","service":"user-service","timestamp":"2025-07-20 14:32:13"}
{"ip":"::1","level":"info","message":"GET /api/health","service":"user-service","timestamp":"2025-07-20 14:32:43"}
{"ip":"::1","level":"info","message":"GET /api/health","service":"user-service","timestamp":"2025-07-20 14:33:13"}
{"ip":"::1","level":"info","message":"GET /api/health","service":"user-service","timestamp":"2025-07-20 14:33:44"}
{"ip":"::1","level":"info","message":"GET /api/health","service":"user-service","timestamp":"2025-07-20 14:34:14"}
{"ip":"::1","level":"info","message":"GET /api/health","service":"user-service","timestamp":"2025-07-20 14:34:44"}
{"ip":"::1","level":"info","message":"GET /api/health","service":"user-service","timestamp":"2025-07-20 14:35:14"}
{"ip":"::1","level":"info","message":"GET /api/health","service":"user-service","timestamp":"2025-07-20 14:35:44"}
{"ip":"::1","level":"info","message":"GET /api/health","service":"user-service","timestamp":"2025-07-20 14:36:15"}
{"ip":"::1","level":"info","message":"GET /api/health","service":"user-service","timestamp":"2025-07-20 14:36:45"}
{"ip":"::1","level":"info","message":"GET /api/health","service":"user-service","timestamp":"2025-07-20 14:37:15"}
{"ip":"::1","level":"info","message":"GET /api/health","service":"user-service","timestamp":"2025-07-20 14:37:45"}
{"ip":"::1","level":"info","message":"GET /api/health","service":"user-service","timestamp":"2025-07-20 14:38:15"}
{"ip":"::1","level":"info","message":"GET /api/health","service":"user-service","timestamp":"2025-07-20 14:38:46"}
{"ip":"::1","level":"info","message":"GET /api/health","service":"user-service","timestamp":"2025-07-20 14:39:16"}
{"ip":"::1","level":"info","message":"GET /api/health","service":"user-service","timestamp":"2025-07-20 14:39:46"}
{"ip":"::1","level":"info","message":"GET /api/health","service":"user-service","timestamp":"2025-07-20 14:40:16"}
{"ip":"::1","level":"info","message":"GET /api/health","service":"user-service","timestamp":"2025-07-20 14:40:46"}
{"ip":"::1","level":"info","message":"GET /api/health","service":"user-service","timestamp":"2025-07-20 14:41:17"}
{"ip":"::1","level":"info","message":"GET /api/health","service":"user-service","timestamp":"2025-07-20 14:41:47"}
{"ip":"::1","level":"info","message":"GET /api/health","service":"user-service","timestamp":"2025-07-20 14:42:17"}
{"ip":"::1","level":"info","message":"GET /api/health","service":"user-service","timestamp":"2025-07-20 14:42:47"}
{"ip":"::1","level":"info","message":"GET /api/health","service":"user-service","timestamp":"2025-07-20 14:43:17"}
{"ip":"::1","level":"info","message":"GET /api/health","service":"user-service","timestamp":"2025-07-20 14:43:48"}
{"ip":"::1","level":"info","message":"GET /api/health","service":"user-service","timestamp":"2025-07-20 14:44:18"}
{"ip":"::1","level":"info","message":"GET /api/health","service":"user-service","timestamp":"2025-07-20 14:44:48"}
{"ip":"::1","level":"info","message":"GET /api/health","service":"user-service","timestamp":"2025-07-20 14:45:18"}
{"ip":"::1","level":"info","message":"GET /api/health","service":"user-service","timestamp":"2025-07-20 14:45:48"}
{"ip":"::1","level":"info","message":"GET /api/health","service":"user-service","timestamp":"2025-07-20 14:46:19"}
{"ip":"::1","level":"info","message":"GET /api/health","service":"user-service","timestamp":"2025-07-20 14:46:49"}
{"ip":"::1","level":"info","message":"GET /api/health","service":"user-service","timestamp":"2025-07-20 14:47:19"}
{"ip":"::1","level":"info","message":"GET /api/health","service":"user-service","timestamp":"2025-07-20 14:47:49"}
{"ip":"::1","level":"info","message":"GET /api/health","service":"user-service","timestamp":"2025-07-20 14:48:19"}
{"ip":"::1","level":"info","message":"GET /api/health","service":"user-service","timestamp":"2025-07-20 14:48:50"}
{"ip":"::1","level":"info","message":"GET /api/health","service":"user-service","timestamp":"2025-07-20 14:49:20"}
{"ip":"::1","level":"info","message":"GET /api/health","service":"user-service","timestamp":"2025-07-20 14:49:50"}
{"ip":"::1","level":"info","message":"GET /api/health","service":"user-service","timestamp":"2025-07-20 14:50:20"}
{"ip":"::1","level":"info","message":"GET /api/health","service":"user-service","timestamp":"2025-07-20 14:50:50"}
{"ip":"::1","level":"info","message":"GET /api/health","service":"user-service","timestamp":"2025-07-20 14:51:21"}
{"ip":"::1","level":"info","message":"GET /api/health","service":"user-service","timestamp":"2025-07-20 14:51:51"}
{"ip":"::1","level":"info","message":"GET /api/health","service":"user-service","timestamp":"2025-07-20 14:52:21"}
{"ip":"::1","level":"info","message":"GET /api/health","service":"user-service","timestamp":"2025-07-20 14:52:51"}
{"ip":"::1","level":"info","message":"GET /api/health","service":"user-service","timestamp":"2025-07-20 14:53:21"}
{"ip":"::1","level":"info","message":"GET /api/health","service":"user-service","timestamp":"2025-07-20 14:53:52"}
{"ip":"::1","level":"info","message":"GET /api/health","service":"user-service","timestamp":"2025-07-20 14:54:22"}
{"ip":"::1","level":"info","message":"GET /api/health","service":"user-service","timestamp":"2025-07-20 14:54:52"}
{"ip":"::1","level":"info","message":"GET /api/health","service":"user-service","timestamp":"2025-07-20 14:55:22"}
{"ip":"::1","level":"info","message":"GET /api/health","service":"user-service","timestamp":"2025-07-20 14:55:52"}
{"ip":"::1","level":"info","message":"GET /api/health","service":"user-service","timestamp":"2025-07-20 14:56:22"}
{"ip":"::1","level":"info","message":"GET /api/health","service":"user-service","timestamp":"2025-07-20 14:56:53"}
{"ip":"::1","level":"info","message":"GET /api/health","service":"user-service","timestamp":"2025-07-20 14:57:23"}
{"ip":"::1","level":"info","message":"GET /api/health","service":"user-service","timestamp":"2025-07-20 15:14:41"}
{"ip":"::1","level":"info","message":"GET /api/health","service":"user-service","timestamp":"2025-07-20 15:15:11"}
{"ip":"::1","level":"info","message":"GET /api/health","service":"user-service","timestamp":"2025-07-21 03:10:32"}
{"ip":"::1","level":"info","message":"GET /api/health","service":"user-service","timestamp":"2025-07-21 03:11:03"}
{"ip":"::1","level":"info","message":"GET /api/health","service":"user-service","timestamp":"2025-07-21 03:11:33"}
{"ip":"::1","level":"info","message":"GET /api/health","service":"user-service","timestamp":"2025-07-21 03:12:03"}
{"ip":"::1","level":"info","message":"GET /api/health","service":"user-service","timestamp":"2025-07-21 03:12:33"}
{"ip":"::1","level":"info","message":"GET /api/health","service":"user-service","timestamp":"2025-07-21 03:13:04"}
{"ip":"::1","level":"info","message":"GET /api/health","service":"user-service","timestamp":"2025-07-21 03:13:34"}
{"ip":"::1","level":"info","message":"GET /api/health","service":"user-service","timestamp":"2025-07-21 03:14:04"}
{"ip":"::1","level":"info","message":"GET /api/health","service":"user-service","timestamp":"2025-07-21 03:14:35"}
{"ip":"::1","level":"info","message":"GET /api/health","service":"user-service","timestamp":"2025-07-21 03:15:05"}
{"ip":"::1","level":"info","message":"GET /api/health","service":"user-service","timestamp":"2025-07-21 03:15:35"}
{"ip":"::1","level":"info","message":"GET /api/health","service":"user-service","timestamp":"2025-07-21 03:16:05"}
{"ip":"::1","level":"info","message":"GET /api/health","service":"user-service","timestamp":"2025-07-21 03:16:36"}
{"ip":"::1","level":"info","message":"GET /api/health","service":"user-service","timestamp":"2025-07-21 03:17:06"}
{"ip":"::1","level":"info","message":"GET /api/health","service":"user-service","timestamp":"2025-07-21 03:17:36"}
{"ip":"::1","level":"info","message":"GET /api/health","service":"user-service","timestamp":"2025-07-21 03:18:07"}
{"ip":"::1","level":"info","message":"GET /api/health","service":"user-service","timestamp":"2025-07-21 03:18:37"}
{"ip":"::1","level":"info","message":"GET /api/health","service":"user-service","timestamp":"2025-07-21 03:19:07"}
{"ip":"::1","level":"info","message":"GET /api/health","service":"user-service","timestamp":"2025-07-21 03:19:37"}
{"ip":"::1","level":"info","message":"GET /api/health","service":"user-service","timestamp":"2025-07-21 03:20:07"}
{"ip":"::1","level":"info","message":"GET /api/health","service":"user-service","timestamp":"2025-07-21 03:20:38"}
{"ip":"::1","level":"info","message":"GET /api/health","service":"user-service","timestamp":"2025-07-21 03:21:08"}
{"ip":"::1","level":"info","message":"GET /api/health","service":"user-service","timestamp":"2025-07-21 03:21:38"}
{"ip":"::1","level":"info","message":"GET /api/health","service":"user-service","timestamp":"2025-07-21 03:22:08"}
{"ip":"::1","level":"info","message":"GET /api/health","service":"user-service","timestamp":"2025-07-21 03:22:38"}
{"ip":"::1","level":"info","message":"GET /api/health","service":"user-service","timestamp":"2025-07-21 03:23:09"}
{"ip":"::1","level":"info","message":"GET /api/health","service":"user-service","timestamp":"2025-07-21 03:23:39"}
{"ip":"::1","level":"info","message":"GET /api/health","service":"user-service","timestamp":"2025-07-21 03:24:09"}
{"ip":"::1","level":"info","message":"GET /api/health","service":"user-service","timestamp":"2025-07-21 03:24:39"}
{"ip":"::1","level":"info","message":"GET /api/health","service":"user-service","timestamp":"2025-07-21 03:25:09"}
{"ip":"::1","level":"info","message":"GET /api/health","service":"user-service","timestamp":"2025-07-21 03:25:40"}
{"ip":"::1","level":"info","message":"GET /api/health","service":"user-service","timestamp":"2025-07-21 03:26:10"}
{"ip":"::1","level":"info","message":"GET /api/health","service":"user-service","timestamp":"2025-07-21 03:26:40"}
{"ip":"::1","level":"info","message":"GET /api/health","service":"user-service","timestamp":"2025-07-21 03:27:10"}
{"ip":"::1","level":"info","message":"GET /api/health","service":"user-service","timestamp":"2025-07-21 03:27:40"}
{"ip":"::1","level":"info","message":"GET /api/health","service":"user-service","timestamp":"2025-07-21 03:28:11"}
{"ip":"::1","level":"info","message":"GET /api/health","service":"user-service","timestamp":"2025-07-21 03:28:41"}
{"ip":"::1","level":"info","message":"GET /api/health","service":"user-service","timestamp":"2025-07-21 03:29:11"}
{"ip":"::1","level":"info","message":"GET /api/health","service":"user-service","timestamp":"2025-07-21 03:29:41"}
{"ip":"::1","level":"info","message":"GET /api/health","service":"user-service","timestamp":"2025-07-21 03:30:12"}
{"ip":"::1","level":"info","message":"GET /api/health","service":"user-service","timestamp":"2025-07-21 03:30:42"}
{"ip":"::1","level":"info","message":"GET /api/health","service":"user-service","timestamp":"2025-07-21 03:31:12"}
{"ip":"::1","level":"info","message":"GET /api/health","service":"user-service","timestamp":"2025-07-21 03:31:42"}
{"ip":"::1","level":"info","message":"GET /api/health","service":"user-service","timestamp":"2025-07-21 03:32:12"}
{"ip":"::1","level":"info","message":"GET /api/health","service":"user-service","timestamp":"2025-07-21 03:32:43"}
{"ip":"::1","level":"info","message":"GET /api/health","service":"user-service","timestamp":"2025-07-21 03:33:13"}
{"ip":"::1","level":"info","message":"GET /api/health","service":"user-service","timestamp":"2025-07-21 03:33:43"}
{"ip":"::1","level":"info","message":"GET /api/health","service":"user-service","timestamp":"2025-07-21 03:34:13"}
{"ip":"::1","level":"info","message":"GET /api/health","service":"user-service","timestamp":"2025-07-21 03:34:43"}
{"ip":"::1","level":"info","message":"GET /api/health","service":"user-service","timestamp":"2025-07-21 03:35:14"}
{"ip":"::1","level":"info","message":"GET /api/health","service":"user-service","timestamp":"2025-07-21 03:35:44"}
{"ip":"::1","level":"info","message":"GET /api/health","service":"user-service","timestamp":"2025-07-21 03:36:14"}
{"ip":"::1","level":"info","message":"GET /api/health","service":"user-service","timestamp":"2025-07-21 03:36:44"}
{"ip":"::1","level":"info","message":"GET /api/health","service":"user-service","timestamp":"2025-07-21 03:37:14"}
{"ip":"::1","level":"info","message":"GET /api/health","service":"user-service","timestamp":"2025-07-21 03:37:45"}
{"ip":"::1","level":"info","message":"GET /api/health","service":"user-service","timestamp":"2025-07-21 03:38:15"}
{"ip":"::1","level":"info","message":"GET /api/health","service":"user-service","timestamp":"2025-07-21 03:38:45"}
{"ip":"::1","level":"info","message":"GET /api/health","service":"user-service","timestamp":"2025-07-21 03:39:15"}
{"ip":"::1","level":"info","message":"GET /api/health","service":"user-service","timestamp":"2025-07-21 03:39:45"}
{"ip":"::1","level":"info","message":"GET /api/health","service":"user-service","timestamp":"2025-07-21 03:40:16"}
{"ip":"::1","level":"info","message":"GET /api/health","service":"user-service","timestamp":"2025-07-21 03:40:46"}
{"ip":"::1","level":"info","message":"GET /api/health","service":"user-service","timestamp":"2025-07-21 03:41:16"}
{"ip":"::1","level":"info","message":"GET /api/health","service":"user-service","timestamp":"2025-07-21 03:41:46"}
{"ip":"::1","level":"info","message":"GET /api/health","service":"user-service","timestamp":"2025-07-21 03:42:16"}
{"ip":"::1","level":"info","message":"GET /api/health","service":"user-service","timestamp":"2025-07-21 03:42:47"}
{"ip":"::1","level":"info","message":"GET /api/health","service":"user-service","timestamp":"2025-07-21 03:43:17"}
{"ip":"::1","level":"info","message":"GET /api/health","service":"user-service","timestamp":"2025-07-21 03:43:47"}
{"ip":"::1","level":"info","message":"GET /api/health","service":"user-service","timestamp":"2025-07-21 03:44:17"}
{"ip":"::1","level":"info","message":"GET /api/health","service":"user-service","timestamp":"2025-07-21 03:44:47"}
{"ip":"::1","level":"info","message":"GET /api/health","service":"user-service","timestamp":"2025-07-21 03:45:18"}
{"ip":"::1","level":"info","message":"GET /api/health","service":"user-service","timestamp":"2025-07-21 03:45:48"}
{"ip":"::1","level":"info","message":"GET /api/health","service":"user-service","timestamp":"2025-07-21 03:46:18"}
{"ip":"::1","level":"info","message":"GET /api/health","service":"user-service","timestamp":"2025-07-21 03:46:48"}
{"ip":"::1","level":"info","message":"GET /api/health","service":"user-service","timestamp":"2025-07-21 03:47:18"}
{"ip":"::1","level":"info","message":"GET /api/health","service":"user-service","timestamp":"2025-07-21 03:47:49"}
{"ip":"::1","level":"info","message":"GET /api/health","service":"user-service","timestamp":"2025-07-21 03:48:19"}
{"ip":"::1","level":"info","message":"GET /api/health","service":"user-service","timestamp":"2025-07-21 03:48:49"}
{"ip":"::1","level":"info","message":"GET /api/health","service":"user-service","timestamp":"2025-07-21 03:49:19"}
{"ip":"::1","level":"info","message":"GET /api/health","service":"user-service","timestamp":"2025-07-21 03:49:49"}
{"ip":"::1","level":"info","message":"GET /api/health","service":"user-service","timestamp":"2025-07-21 03:50:19"}
{"ip":"::1","level":"info","message":"GET /api/health","service":"user-service","timestamp":"2025-07-21 03:50:50"}
{"ip":"::1","level":"info","message":"GET /api/health","service":"user-service","timestamp":"2025-07-21 03:51:20"}
{"ip":"::1","level":"info","message":"GET /api/health","service":"user-service","timestamp":"2025-07-21 03:51:50"}
{"ip":"::1","level":"info","message":"GET /api/health","service":"user-service","timestamp":"2025-07-21 03:52:20"}
{"ip":"::1","level":"info","message":"GET /api/health","service":"user-service","timestamp":"2025-07-21 03:52:50"}
{"ip":"::1","level":"info","message":"GET /api/health","service":"user-service","timestamp":"2025-07-21 03:53:21"}
{"ip":"::1","level":"info","message":"GET /api/health","service":"user-service","timestamp":"2025-07-21 03:53:51"}
{"ip":"::1","level":"info","message":"GET /api/health","service":"user-service","timestamp":"2025-07-21 03:54:21"}
{"ip":"::1","level":"info","message":"GET /api/health","service":"user-service","timestamp":"2025-07-21 03:54:51"}
{"ip":"::1","level":"info","message":"GET /api/health","service":"user-service","timestamp":"2025-07-21 03:55:21"}
{"ip":"::1","level":"info","message":"GET /api/health","service":"user-service","timestamp":"2025-07-21 03:55:52"}
{"ip":"::1","level":"info","message":"GET /api/health","service":"user-service","timestamp":"2025-07-21 03:56:22"}
{"ip":"::1","level":"info","message":"GET /api/health","service":"user-service","timestamp":"2025-07-21 03:56:52"}
{"ip":"::1","level":"info","message":"GET /api/health","service":"user-service","timestamp":"2025-07-21 03:57:22"}
{"ip":"::1","level":"info","message":"GET /api/health","service":"user-service","timestamp":"2025-07-21 03:57:52"}
{"ip":"::1","level":"info","message":"GET /api/health","service":"user-service","timestamp":"2025-07-21 03:58:23"}
{"ip":"::1","level":"info","message":"GET /api/health","service":"user-service","timestamp":"2025-07-21 03:58:53"}
{"ip":"::1","level":"info","message":"GET /api/health","service":"user-service","timestamp":"2025-07-21 03:59:23"}
{"ip":"::1","level":"info","message":"GET /api/health","service":"user-service","timestamp":"2025-07-21 03:59:53"}
{"ip":"::1","level":"info","message":"GET /api/health","service":"user-service","timestamp":"2025-07-21 04:00:23"}
{"ip":"::1","level":"info","message":"GET /api/health","service":"user-service","timestamp":"2025-07-21 04:00:54"}
{"ip":"::1","level":"info","message":"GET /api/health","service":"user-service","timestamp":"2025-07-21 04:01:24"}
{"ip":"::1","level":"info","message":"GET /api/health","service":"user-service","timestamp":"2025-07-21 04:01:54"}
{"ip":"::1","level":"info","message":"GET /api/health","service":"user-service","timestamp":"2025-07-21 04:02:24"}
{"ip":"::1","level":"info","message":"GET /api/health","service":"user-service","timestamp":"2025-07-21 04:02:55"}
{"ip":"::1","level":"info","message":"GET /api/health","service":"user-service","timestamp":"2025-07-21 04:03:25"}
{"ip":"::1","level":"info","message":"GET /api/health","service":"user-service","timestamp":"2025-07-21 04:03:55"}
{"ip":"::1","level":"info","message":"GET /api/health","service":"user-service","timestamp":"2025-07-21 04:04:25"}
{"ip":"::1","level":"info","message":"GET /api/health","service":"user-service","timestamp":"2025-07-21 04:04:56"}
{"ip":"::1","level":"info","message":"GET /api/health","service":"user-service","timestamp":"2025-07-21 04:05:26"}
{"ip":"::1","level":"info","message":"GET /api/health","service":"user-service","timestamp":"2025-07-21 04:05:56"}
{"ip":"::1","level":"info","message":"GET /api/health","service":"user-service","timestamp":"2025-07-21 04:06:26"}
{"ip":"::1","level":"info","message":"GET /api/health","service":"user-service","timestamp":"2025-07-21 04:06:56"}
{"ip":"::1","level":"info","message":"GET /api/health","service":"user-service","timestamp":"2025-07-21 04:07:27"}
{"ip":"::1","level":"info","message":"GET /api/health","service":"user-service","timestamp":"2025-07-21 04:07:57"}
{"ip":"::1","level":"info","message":"GET /api/health","service":"user-service","timestamp":"2025-07-21 04:08:27"}
{"ip":"::1","level":"info","message":"GET /api/health","service":"user-service","timestamp":"2025-07-21 04:08:57"}
{"ip":"::1","level":"info","message":"GET /api/health","service":"user-service","timestamp":"2025-07-21 04:09:27"}
{"ip":"::1","level":"info","message":"GET /api/health","service":"user-service","timestamp":"2025-07-21 04:09:58"}
{"ip":"::1","level":"info","message":"GET /api/health","service":"user-service","timestamp":"2025-07-21 04:10:28"}
{"ip":"::1","level":"info","message":"GET /api/health","service":"user-service","timestamp":"2025-07-21 04:10:58"}
{"ip":"::1","level":"info","message":"GET /api/health","service":"user-service","timestamp":"2025-07-21 04:11:29"}
{"ip":"::1","level":"info","message":"GET /api/health","service":"user-service","timestamp":"2025-07-21 04:11:59"}
{"ip":"::1","level":"info","message":"GET /api/health","service":"user-service","timestamp":"2025-07-21 04:12:30"}
{"ip":"::1","level":"info","message":"GET /api/health","service":"user-service","timestamp":"2025-07-21 04:13:00"}
{"ip":"::1","level":"info","message":"GET /api/health","service":"user-service","timestamp":"2025-07-21 04:13:31"}
{"ip":"::1","level":"info","message":"GET /api/health","service":"user-service","timestamp":"2025-07-21 04:14:01"}
{"ip":"::1","level":"info","message":"GET /api/health","service":"user-service","timestamp":"2025-07-21 04:14:31"}
{"ip":"::1","level":"info","message":"GET /api/health","service":"user-service","timestamp":"2025-07-21 04:15:01"}
{"ip":"::1","level":"info","message":"GET /api/health","service":"user-service","timestamp":"2025-07-21 04:15:32"}
{"ip":"::1","level":"info","message":"GET /api/health","service":"user-service","timestamp":"2025-07-21 04:16:02"}
{"ip":"::1","level":"info","message":"GET /api/health","service":"user-service","timestamp":"2025-07-21 04:16:32"}
{"ip":"::1","level":"info","message":"GET /api/health","service":"user-service","timestamp":"2025-07-21 04:17:02"}
{"ip":"::1","level":"info","message":"GET /api/health","service":"user-service","timestamp":"2025-07-21 04:17:33"}
{"ip":"::1","level":"info","message":"GET /api/health","service":"user-service","timestamp":"2025-07-21 04:18:03"}
{"ip":"::1","level":"info","message":"GET /api/health","service":"user-service","timestamp":"2025-07-21 04:18:33"}
{"ip":"::1","level":"info","message":"GET /api/health","service":"user-service","timestamp":"2025-07-21 04:19:03"}
{"ip":"::1","level":"info","message":"GET /api/health","service":"user-service","timestamp":"2025-07-21 04:19:34"}
{"ip":"::1","level":"info","message":"GET /api/health","service":"user-service","timestamp":"2025-07-21 04:20:04"}
{"ip":"::1","level":"info","message":"GET /api/health","service":"user-service","timestamp":"2025-07-21 04:20:34"}
{"ip":"::1","level":"info","message":"GET /api/health","service":"user-service","timestamp":"2025-07-21 04:21:04"}
{"ip":"::1","level":"info","message":"GET /api/health","service":"user-service","timestamp":"2025-07-21 04:21:34"}
{"ip":"::1","level":"info","message":"GET /api/health","service":"user-service","timestamp":"2025-07-21 04:22:05"}
{"ip":"::1","level":"info","message":"GET /api/health","service":"user-service","timestamp":"2025-07-21 04:22:35"}
{"ip":"::1","level":"info","message":"GET /api/health","service":"user-service","timestamp":"2025-07-21 04:23:05"}
{"ip":"::1","level":"info","message":"GET /api/health","service":"user-service","timestamp":"2025-07-21 04:23:35"}
{"ip":"::1","level":"info","message":"GET /api/health","service":"user-service","timestamp":"2025-07-21 04:24:06"}
{"ip":"::1","level":"info","message":"GET /api/health","service":"user-service","timestamp":"2025-07-21 04:24:36"}
{"ip":"::1","level":"info","message":"GET /api/health","service":"user-service","timestamp":"2025-07-21 04:25:06"}
{"ip":"::1","level":"info","message":"GET /api/health","service":"user-service","timestamp":"2025-07-21 04:25:37"}
{"ip":"::1","level":"info","message":"GET /api/health","service":"user-service","timestamp":"2025-07-21 04:26:07"}
{"ip":"::1","level":"info","message":"GET /api/health","service":"user-service","timestamp":"2025-07-21 04:26:38"}
{"ip":"::1","level":"info","message":"GET /api/health","service":"user-service","timestamp":"2025-07-21 04:27:08"}
{"ip":"::1","level":"info","message":"GET /api/health","service":"user-service","timestamp":"2025-07-21 04:27:38"}
{"ip":"::1","level":"info","message":"GET /api/health","service":"user-service","timestamp":"2025-07-21 04:28:09"}
{"ip":"::1","level":"info","message":"GET /api/health","service":"user-service","timestamp":"2025-07-21 04:28:39"}
{"ip":"::1","level":"info","message":"GET /api/health","service":"user-service","timestamp":"2025-07-21 04:29:09"}
{"ip":"::1","level":"info","message":"GET /api/health","service":"user-service","timestamp":"2025-07-21 04:29:39"}
{"ip":"::1","level":"info","message":"GET /api/health","service":"user-service","timestamp":"2025-07-21 04:30:10"}
{"ip":"::1","level":"info","message":"GET /api/health","service":"user-service","timestamp":"2025-07-21 04:30:40"}
{"ip":"::1","level":"info","message":"GET /api/health","service":"user-service","timestamp":"2025-07-21 04:31:10"}
{"ip":"::1","level":"info","message":"GET /api/health","service":"user-service","timestamp":"2025-07-21 04:31:41"}
{"ip":"::1","level":"info","message":"GET /api/health","service":"user-service","timestamp":"2025-07-21 04:32:11"}
{"ip":"::1","level":"info","message":"GET /api/health","service":"user-service","timestamp":"2025-07-21 04:32:42"}
{"ip":"::1","level":"info","message":"GET /api/health","service":"user-service","timestamp":"2025-07-21 04:33:13"}
{"ip":"::1","level":"info","message":"GET /api/health","service":"user-service","timestamp":"2025-07-21 04:33:43"}
{"ip":"::1","level":"info","message":"GET /api/health","service":"user-service","timestamp":"2025-07-21 04:34:13"}
{"ip":"::1","level":"info","message":"GET /api/health","service":"user-service","timestamp":"2025-07-21 04:34:44"}
{"ip":"::1","level":"info","message":"GET /api/health","service":"user-service","timestamp":"2025-07-21 04:35:14"}
{"ip":"::1","level":"info","message":"GET /api/health","service":"user-service","timestamp":"2025-07-21 04:35:45"}
{"ip":"::1","level":"info","message":"GET /api/health","service":"user-service","timestamp":"2025-07-21 04:36:15"}
{"ip":"::1","level":"info","message":"GET /api/health","service":"user-service","timestamp":"2025-07-21 04:36:46"}
{"ip":"::1","level":"info","message":"GET /api/health","service":"user-service","timestamp":"2025-07-21 04:37:16"}
{"ip":"::1","level":"info","message":"GET /api/health","service":"user-service","timestamp":"2025-07-21 04:37:46"}
{"ip":"::1","level":"info","message":"GET /api/health","service":"user-service","timestamp":"2025-07-21 04:38:17"}
{"ip":"::1","level":"info","message":"GET /api/health","service":"user-service","timestamp":"2025-07-21 04:38:47"}
{"ip":"::1","level":"info","message":"GET /api/health","service":"user-service","timestamp":"2025-07-21 04:39:17"}
{"ip":"::1","level":"info","message":"GET /api/health","service":"user-service","timestamp":"2025-07-21 04:39:48"}
{"ip":"::1","level":"info","message":"GET /api/health","service":"user-service","timestamp":"2025-07-21 04:40:18"}
{"ip":"::1","level":"info","message":"GET /api/health","service":"user-service","timestamp":"2025-07-21 04:40:48"}
{"ip":"::1","level":"info","message":"GET /api/health","service":"user-service","timestamp":"2025-07-21 04:41:18"}
{"ip":"::1","level":"info","message":"GET /api/health","service":"user-service","timestamp":"2025-07-21 04:41:49"}
{"ip":"::1","level":"info","message":"GET /api/health","service":"user-service","timestamp":"2025-07-21 04:42:19"}
{"ip":"::1","level":"info","message":"GET /api/health","service":"user-service","timestamp":"2025-07-21 04:42:49"}
{"ip":"::1","level":"info","message":"GET /api/health","service":"user-service","timestamp":"2025-07-21 04:43:19"}
{"ip":"::1","level":"info","message":"GET /api/health","service":"user-service","timestamp":"2025-07-21 04:43:50"}
{"ip":"::1","level":"info","message":"GET /api/health","service":"user-service","timestamp":"2025-07-21 04:44:20"}
{"ip":"::1","level":"info","message":"GET /api/health","service":"user-service","timestamp":"2025-07-21 04:44:50"}
{"ip":"::1","level":"info","message":"GET /api/health","service":"user-service","timestamp":"2025-07-21 04:45:20"}
{"ip":"::1","level":"info","message":"GET /api/health","service":"user-service","timestamp":"2025-07-21 04:45:51"}
{"ip":"::1","level":"info","message":"GET /api/health","service":"user-service","timestamp":"2025-07-21 04:46:21"}
{"ip":"::1","level":"info","message":"GET /api/health","service":"user-service","timestamp":"2025-07-21 04:46:51"}
{"ip":"::1","level":"info","message":"GET /api/health","service":"user-service","timestamp":"2025-07-21 04:47:21"}
{"ip":"::1","level":"info","message":"GET /api/health","service":"user-service","timestamp":"2025-07-21 04:47:52"}
{"ip":"::1","level":"info","message":"GET /api/health","service":"user-service","timestamp":"2025-07-21 04:48:22"}
{"ip":"::1","level":"info","message":"GET /api/health","service":"user-service","timestamp":"2025-07-21 04:48:52"}
{"ip":"::1","level":"info","message":"GET /api/health","service":"user-service","timestamp":"2025-07-21 04:49:22"}
{"ip":"::1","level":"info","message":"GET /api/health","service":"user-service","timestamp":"2025-07-21 04:49:53"}
{"ip":"::1","level":"info","message":"GET /api/health","service":"user-service","timestamp":"2025-07-21 04:50:23"}
{"ip":"::1","level":"info","message":"GET /api/health","service":"user-service","timestamp":"2025-07-21 04:50:53"}
{"ip":"::1","level":"info","message":"GET /api/health","service":"user-service","timestamp":"2025-07-21 04:51:23"}
{"ip":"::1","level":"info","message":"GET /api/health","service":"user-service","timestamp":"2025-07-21 04:51:54"}
{"ip":"::1","level":"info","message":"GET /api/health","service":"user-service","timestamp":"2025-07-21 04:52:24"}
{"ip":"::1","level":"info","message":"GET /api/health","service":"user-service","timestamp":"2025-07-21 04:52:54"}
{"ip":"::1","level":"info","message":"GET /api/health","service":"user-service","timestamp":"2025-07-21 04:53:24"}
{"ip":"::1","level":"info","message":"GET /api/health","service":"user-service","timestamp":"2025-07-21 04:53:55"}
{"ip":"::1","level":"info","message":"GET /api/health","service":"user-service","timestamp":"2025-07-21 04:54:25"}
{"ip":"::1","level":"info","message":"GET /api/health","service":"user-service","timestamp":"2025-07-21 04:54:55"}
{"ip":"::1","level":"info","message":"GET /api/health","service":"user-service","timestamp":"2025-07-21 04:55:25"}
{"ip":"::1","level":"info","message":"GET /api/health","service":"user-service","timestamp":"2025-07-21 04:55:56"}
{"ip":"::1","level":"info","message":"GET /api/health","service":"user-service","timestamp":"2025-07-21 04:56:26"}
{"ip":"::1","level":"info","message":"GET /api/health","service":"user-service","timestamp":"2025-07-21 04:56:56"}
{"ip":"::1","level":"info","message":"GET /api/health","service":"user-service","timestamp":"2025-07-21 04:57:26"}
{"ip":"::1","level":"info","message":"GET /api/health","service":"user-service","timestamp":"2025-07-21 04:57:57"}
{"ip":"::1","level":"info","message":"GET /api/health","service":"user-service","timestamp":"2025-07-21 04:58:27"}
{"ip":"::1","level":"info","message":"GET /api/health","service":"user-service","timestamp":"2025-07-21 04:58:57"}
{"ip":"::1","level":"info","message":"GET /api/health","service":"user-service","timestamp":"2025-07-21 04:59:27"}
{"ip":"::1","level":"info","message":"GET /api/health","service":"user-service","timestamp":"2025-07-21 04:59:58"}
{"ip":"::1","level":"info","message":"GET /api/health","service":"user-service","timestamp":"2025-07-21 05:00:28"}
{"ip":"::1","level":"info","message":"GET /api/health","service":"user-service","timestamp":"2025-07-21 05:00:58"}
{"ip":"::1","level":"info","message":"GET /api/health","service":"user-service","timestamp":"2025-07-21 05:01:28"}
{"ip":"::1","level":"info","message":"GET /api/health","service":"user-service","timestamp":"2025-07-21 05:01:59"}
{"ip":"::1","level":"info","message":"GET /api/health","service":"user-service","timestamp":"2025-07-21 05:02:29"}
{"ip":"::1","level":"info","message":"GET /api/health","service":"user-service","timestamp":"2025-07-21 05:02:59"}
{"ip":"::1","level":"info","message":"GET /api/health","service":"user-service","timestamp":"2025-07-21 05:03:29"}
{"ip":"::1","level":"info","message":"GET /api/health","service":"user-service","timestamp":"2025-07-21 05:04:00"}
{"ip":"::1","level":"info","message":"GET /api/health","service":"user-service","timestamp":"2025-07-21 05:04:30"}
{"ip":"::1","level":"info","message":"GET /api/health","service":"user-service","timestamp":"2025-07-21 05:05:00"}
{"ip":"::1","level":"info","message":"GET /api/health","service":"user-service","timestamp":"2025-07-21 05:05:31"}
{"ip":"::1","level":"info","message":"GET /api/health","service":"user-service","timestamp":"2025-07-21 05:06:01"}
{"ip":"::1","level":"info","message":"GET /api/health","service":"user-service","timestamp":"2025-07-21 05:06:31"}
{"ip":"::1","level":"info","message":"GET /api/health","service":"user-service","timestamp":"2025-07-21 05:07:01"}
{"ip":"::1","level":"info","message":"GET /api/health","service":"user-service","timestamp":"2025-07-21 05:07:32"}
{"ip":"::1","level":"info","message":"GET /api/health","service":"user-service","timestamp":"2025-07-21 05:08:02"}
{"ip":"::1","level":"info","message":"GET /api/health","service":"user-service","timestamp":"2025-07-21 05:08:32"}
{"ip":"::1","level":"info","message":"GET /api/health","service":"user-service","timestamp":"2025-07-21 05:09:02"}
{"ip":"::1","level":"info","message":"GET /api/health","service":"user-service","timestamp":"2025-07-21 05:09:33"}
{"ip":"::1","level":"info","message":"GET /api/health","service":"user-service","timestamp":"2025-07-21 05:10:03"}
{"ip":"::1","level":"info","message":"GET /api/health","service":"user-service","timestamp":"2025-07-21 05:10:33"}
{"ip":"::1","level":"info","message":"GET /api/health","service":"user-service","timestamp":"2025-07-21 05:11:03"}
{"ip":"::1","level":"info","message":"GET /api/health","service":"user-service","timestamp":"2025-07-21 05:11:33"}
{"ip":"::1","level":"info","message":"GET /api/health","service":"user-service","timestamp":"2025-07-21 05:12:04"}
{"ip":"::1","level":"info","message":"GET /api/health","service":"user-service","timestamp":"2025-07-21 05:12:34"}
{"ip":"::1","level":"info","message":"GET /api/health","service":"user-service","timestamp":"2025-07-21 05:13:04"}
{"ip":"::1","level":"info","message":"GET /api/health","service":"user-service","timestamp":"2025-07-21 05:13:34"}
{"ip":"::1","level":"info","message":"GET /api/health","service":"user-service","timestamp":"2025-07-21 05:14:05"}
{"ip":"::1","level":"info","message":"GET /api/health","service":"user-service","timestamp":"2025-07-21 05:14:35"}
{"ip":"::1","level":"info","message":"GET /api/health","service":"user-service","timestamp":"2025-07-21 05:15:05"}
{"ip":"::1","level":"info","message":"GET /api/health","service":"user-service","timestamp":"2025-07-21 05:15:35"}
{"ip":"::1","level":"info","message":"GET /api/health","service":"user-service","timestamp":"2025-07-21 05:16:05"}
{"ip":"::1","level":"info","message":"GET /api/health","service":"user-service","timestamp":"2025-07-21 05:16:36"}
{"ip":"::1","level":"info","message":"GET /api/health","service":"user-service","timestamp":"2025-07-21 05:17:06"}
{"ip":"::1","level":"info","message":"GET /api/health","service":"user-service","timestamp":"2025-07-21 05:17:36"}
{"ip":"::1","level":"info","message":"GET /api/health","service":"user-service","timestamp":"2025-07-21 05:18:06"}
{"ip":"::1","level":"info","message":"GET /api/health","service":"user-service","timestamp":"2025-07-21 05:18:36"}
{"ip":"::1","level":"info","message":"GET /api/health","service":"user-service","timestamp":"2025-07-21 05:19:07"}
{"ip":"::1","level":"info","message":"GET /api/health","service":"user-service","timestamp":"2025-07-21 05:19:37"}
{"ip":"::1","level":"info","message":"GET /api/health","service":"user-service","timestamp":"2025-07-21 05:20:07"}
{"ip":"::1","level":"info","message":"GET /api/health","service":"user-service","timestamp":"2025-07-21 05:20:37"}
{"ip":"::1","level":"info","message":"GET /api/health","service":"user-service","timestamp":"2025-07-21 05:21:08"}
{"ip":"::1","level":"info","message":"GET /api/health","service":"user-service","timestamp":"2025-07-21 05:21:38"}
{"ip":"::1","level":"info","message":"GET /api/health","service":"user-service","timestamp":"2025-07-21 05:22:08"}
{"ip":"::1","level":"info","message":"GET /api/health","service":"user-service","timestamp":"2025-07-21 05:22:38"}
{"ip":"::1","level":"info","message":"GET /api/health","service":"user-service","timestamp":"2025-07-21 05:23:09"}
{"ip":"::1","level":"info","message":"GET /api/health","service":"user-service","timestamp":"2025-07-21 05:23:39"}
{"ip":"::1","level":"info","message":"GET /api/health","service":"user-service","timestamp":"2025-07-21 05:24:09"}
{"ip":"::1","level":"info","message":"GET /api/health","service":"user-service","timestamp":"2025-07-21 05:24:39"}
{"ip":"::1","level":"info","message":"GET /api/health","service":"user-service","timestamp":"2025-07-21 05:25:09"}
{"ip":"::1","level":"info","message":"GET /api/health","service":"user-service","timestamp":"2025-07-21 05:25:40"}
{"ip":"::1","level":"info","message":"GET /api/health","service":"user-service","timestamp":"2025-07-21 05:26:10"}
{"ip":"::1","level":"info","message":"GET /api/health","service":"user-service","timestamp":"2025-07-21 05:26:40"}
{"ip":"::1","level":"info","message":"GET /api/health","service":"user-service","timestamp":"2025-07-21 05:27:11"}
{"ip":"::1","level":"info","message":"GET /api/health","service":"user-service","timestamp":"2025-07-21 05:27:41"}
{"ip":"::1","level":"info","message":"GET /api/health","service":"user-service","timestamp":"2025-07-21 05:28:11"}
{"ip":"::1","level":"info","message":"GET /api/health","service":"user-service","timestamp":"2025-07-21 05:28:42"}
{"ip":"::1","level":"info","message":"GET /api/health","service":"user-service","timestamp":"2025-07-21 05:29:12"}
{"ip":"::1","level":"info","message":"GET /api/health","service":"user-service","timestamp":"2025-07-21 05:29:42"}
{"ip":"::1","level":"info","message":"GET /api/health","service":"user-service","timestamp":"2025-07-21 05:30:12"}
{"ip":"::1","level":"info","message":"GET /api/health","service":"user-service","timestamp":"2025-07-21 05:30:43"}
{"ip":"::1","level":"info","message":"GET /api/health","service":"user-service","timestamp":"2025-07-21 05:31:13"}
{"ip":"::1","level":"info","message":"GET /api/health","service":"user-service","timestamp":"2025-07-21 05:31:43"}
{"ip":"::1","level":"info","message":"GET /api/health","service":"user-service","timestamp":"2025-07-21 05:32:13"}
{"ip":"::1","level":"info","message":"GET /api/health","service":"user-service","timestamp":"2025-07-21 05:32:43"}
{"ip":"::1","level":"info","message":"GET /api/health","service":"user-service","timestamp":"2025-07-21 05:33:14"}
{"ip":"::1","level":"info","message":"GET /api/health","service":"user-service","timestamp":"2025-07-21 05:33:44"}
{"ip":"::1","level":"info","message":"GET /api/health","service":"user-service","timestamp":"2025-07-21 05:34:14"}
{"ip":"::1","level":"info","message":"GET /api/health","service":"user-service","timestamp":"2025-07-21 05:34:44"}
{"ip":"::1","level":"info","message":"GET /api/health","service":"user-service","timestamp":"2025-07-21 05:35:15"}
{"ip":"::1","level":"info","message":"GET /api/health","service":"user-service","timestamp":"2025-07-21 05:35:45"}
{"ip":"::1","level":"info","message":"GET /api/health","service":"user-service","timestamp":"2025-07-21 05:36:15"}
{"ip":"::1","level":"info","message":"GET /api/health","service":"user-service","timestamp":"2025-07-21 05:36:45"}
{"ip":"::1","level":"info","message":"GET /api/health","service":"user-service","timestamp":"2025-07-21 05:37:15"}
{"ip":"::1","level":"info","message":"GET /api/health","service":"user-service","timestamp":"2025-07-21 05:37:46"}
{"ip":"::1","level":"info","message":"GET /api/health","service":"user-service","timestamp":"2025-07-21 05:38:16"}
{"ip":"::1","level":"info","message":"GET /api/health","service":"user-service","timestamp":"2025-07-21 05:38:46"}
{"ip":"::1","level":"info","message":"GET /api/health","service":"user-service","timestamp":"2025-07-21 05:39:16"}
{"ip":"::1","level":"info","message":"GET /api/health","service":"user-service","timestamp":"2025-07-21 05:39:47"}
{"ip":"::1","level":"info","message":"GET /api/health","service":"user-service","timestamp":"2025-07-21 05:40:17"}
{"ip":"::1","level":"info","message":"GET /api/health","service":"user-service","timestamp":"2025-07-21 05:40:47"}
{"ip":"::1","level":"info","message":"GET /api/health","service":"user-service","timestamp":"2025-07-21 05:41:17"}
{"ip":"::1","level":"info","message":"GET /api/health","service":"user-service","timestamp":"2025-07-21 05:41:48"}
{"ip":"::1","level":"info","message":"GET /api/health","service":"user-service","timestamp":"2025-07-21 05:42:18"}
{"ip":"::1","level":"info","message":"GET /api/health","service":"user-service","timestamp":"2025-07-21 05:42:48"}
{"ip":"::1","level":"info","message":"GET /api/health","service":"user-service","timestamp":"2025-07-21 05:43:18"}
{"ip":"::1","level":"info","message":"GET /api/health","service":"user-service","timestamp":"2025-07-21 05:43:48"}
{"ip":"::1","level":"info","message":"GET /api/health","service":"user-service","timestamp":"2025-07-21 05:44:19"}
{"ip":"::1","level":"info","message":"GET /api/health","service":"user-service","timestamp":"2025-07-21 05:44:49"}
{"ip":"::1","level":"info","message":"GET /api/health","service":"user-service","timestamp":"2025-07-21 05:45:19"}
{"ip":"::1","level":"info","message":"GET /api/health","service":"user-service","timestamp":"2025-07-21 05:45:49"}
{"ip":"::1","level":"info","message":"GET /api/health","service":"user-service","timestamp":"2025-07-21 05:46:19"}
{"ip":"::1","level":"info","message":"GET /api/health","service":"user-service","timestamp":"2025-07-21 05:46:50"}
{"ip":"::1","level":"info","message":"GET /api/health","service":"user-service","timestamp":"2025-07-21 05:47:20"}
{"ip":"::1","level":"info","message":"GET /api/health","service":"user-service","timestamp":"2025-07-21 05:47:50"}
{"ip":"::1","level":"info","message":"GET /api/health","service":"user-service","timestamp":"2025-07-21 05:48:20"}
{"ip":"::1","level":"info","message":"GET /api/health","service":"user-service","timestamp":"2025-07-21 05:48:51"}
{"ip":"::1","level":"info","message":"GET /api/health","service":"user-service","timestamp":"2025-07-21 05:49:21"}
{"ip":"::1","level":"info","message":"GET /api/health","service":"user-service","timestamp":"2025-07-21 05:49:51"}
{"ip":"::1","level":"info","message":"GET /api/health","service":"user-service","timestamp":"2025-07-21 05:50:21"}
{"ip":"::1","level":"info","message":"GET /api/health","service":"user-service","timestamp":"2025-07-21 05:50:52"}
{"ip":"::1","level":"info","message":"GET /api/health","service":"user-service","timestamp":"2025-07-21 05:51:22"}
{"ip":"::1","level":"info","message":"GET /api/health","service":"user-service","timestamp":"2025-07-21 05:51:52"}
{"ip":"::1","level":"info","message":"GET /api/health","service":"user-service","timestamp":"2025-07-21 05:52:23"}
{"ip":"::1","level":"info","message":"GET /api/health","service":"user-service","timestamp":"2025-07-21 05:52:53"}
{"ip":"::1","level":"info","message":"GET /api/health","service":"user-service","timestamp":"2025-07-21 05:53:23"}
{"ip":"::1","level":"info","message":"GET /api/health","service":"user-service","timestamp":"2025-07-21 05:53:53"}
{"ip":"::1","level":"info","message":"GET /api/health","service":"user-service","timestamp":"2025-07-21 05:54:24"}
{"ip":"::1","level":"info","message":"GET /api/health","service":"user-service","timestamp":"2025-07-21 05:54:54"}
{"ip":"::1","level":"info","message":"GET /api/health","service":"user-service","timestamp":"2025-07-21 05:55:24"}
{"ip":"::1","level":"info","message":"GET /api/health","service":"user-service","timestamp":"2025-07-21 05:55:54"}
{"ip":"::1","level":"info","message":"GET /api/health","service":"user-service","timestamp":"2025-07-21 05:56:25"}
{"ip":"::1","level":"info","message":"GET /api/health","service":"user-service","timestamp":"2025-07-21 05:56:55"}
{"ip":"::1","level":"info","message":"GET /api/health","service":"user-service","timestamp":"2025-07-21 05:57:25"}
{"ip":"::1","level":"info","message":"GET /api/health","service":"user-service","timestamp":"2025-07-21 05:57:55"}
{"ip":"::1","level":"info","message":"GET /api/health","service":"user-service","timestamp":"2025-07-21 05:58:26"}
{"ip":"::1","level":"info","message":"GET /api/health","service":"user-service","timestamp":"2025-07-21 05:58:56"}
{"ip":"::1","level":"info","message":"GET /api/health","service":"user-service","timestamp":"2025-07-21 05:59:26"}
{"ip":"::1","level":"info","message":"GET /api/health","service":"user-service","timestamp":"2025-07-21 05:59:57"}
{"ip":"::1","level":"info","message":"GET /api/health","service":"user-service","timestamp":"2025-07-21 06:00:27"}
{"ip":"::1","level":"info","message":"GET /api/health","service":"user-service","timestamp":"2025-07-21 06:00:57"}
{"ip":"::1","level":"info","message":"GET /api/health","service":"user-service","timestamp":"2025-07-21 06:01:27"}
{"ip":"::1","level":"info","message":"GET /api/health","service":"user-service","timestamp":"2025-07-21 06:01:57"}
{"ip":"::1","level":"info","message":"GET /api/health","service":"user-service","timestamp":"2025-07-21 06:02:28"}
{"ip":"::1","level":"info","message":"GET /api/health","service":"user-service","timestamp":"2025-07-21 06:02:58"}
{"ip":"::1","level":"info","message":"GET /api/health","service":"user-service","timestamp":"2025-07-21 06:03:28"}
{"ip":"::1","level":"info","message":"GET /api/health","service":"user-service","timestamp":"2025-07-21 06:03:58"}
{"ip":"::1","level":"info","message":"GET /api/health","service":"user-service","timestamp":"2025-07-21 06:04:29"}
{"ip":"::1","level":"info","message":"GET /api/health","service":"user-service","timestamp":"2025-07-21 06:04:59"}
{"ip":"::1","level":"info","message":"GET /api/health","service":"user-service","timestamp":"2025-07-21 06:05:29"}
{"ip":"::1","level":"info","message":"GET /api/health","service":"user-service","timestamp":"2025-07-21 06:05:59"}
{"ip":"::1","level":"info","message":"GET /api/health","service":"user-service","timestamp":"2025-07-21 06:06:30"}
{"ip":"::1","level":"info","message":"GET /api/health","service":"user-service","timestamp":"2025-07-21 06:07:00"}
{"ip":"::1","level":"info","message":"GET /api/health","service":"user-service","timestamp":"2025-07-21 06:07:30"}
{"ip":"::1","level":"info","message":"GET /api/health","service":"user-service","timestamp":"2025-07-21 06:08:00"}
{"ip":"::1","level":"info","message":"GET /api/health","service":"user-service","timestamp":"2025-07-21 06:08:31"}
{"ip":"::1","level":"info","message":"GET /api/health","service":"user-service","timestamp":"2025-07-21 06:09:01"}
{"ip":"::1","level":"info","message":"GET /api/health","service":"user-service","timestamp":"2025-07-21 06:09:31"}
{"ip":"::1","level":"info","message":"GET /api/health","service":"user-service","timestamp":"2025-07-21 06:10:01"}
{"ip":"::1","level":"info","message":"GET /api/health","service":"user-service","timestamp":"2025-07-21 06:10:32"}
{"ip":"::1","level":"info","message":"GET /api/health","service":"user-service","timestamp":"2025-07-21 06:11:02"}
{"ip":"::1","level":"info","message":"GET /api/health","service":"user-service","timestamp":"2025-07-21 06:11:32"}
{"ip":"::1","level":"info","message":"GET /api/health","service":"user-service","timestamp":"2025-07-21 06:12:02"}
{"ip":"::1","level":"info","message":"GET /api/health","service":"user-service","timestamp":"2025-07-21 06:12:33"}
{"ip":"::1","level":"info","message":"GET /api/health","service":"user-service","timestamp":"2025-07-21 06:13:03"}
{"ip":"::1","level":"info","message":"GET /api/health","service":"user-service","timestamp":"2025-07-21 06:13:33"}
{"ip":"::1","level":"info","message":"GET /api/health","service":"user-service","timestamp":"2025-07-21 06:14:03"}
{"ip":"::1","level":"info","message":"GET /api/health","service":"user-service","timestamp":"2025-07-21 06:14:34"}
{"ip":"::1","level":"info","message":"GET /api/health","service":"user-service","timestamp":"2025-07-21 06:15:04"}
{"ip":"::1","level":"info","message":"GET /api/health","service":"user-service","timestamp":"2025-07-21 06:15:34"}
{"ip":"::1","level":"info","message":"GET /api/health","service":"user-service","timestamp":"2025-07-21 06:16:04"}
{"ip":"::1","level":"info","message":"GET /api/health","service":"user-service","timestamp":"2025-07-21 06:16:34"}
{"ip":"::1","level":"info","message":"GET /api/health","service":"user-service","timestamp":"2025-07-21 06:17:05"}
{"ip":"::1","level":"info","message":"GET /api/health","service":"user-service","timestamp":"2025-07-21 06:17:35"}
{"ip":"::1","level":"info","message":"GET /api/health","service":"user-service","timestamp":"2025-07-21 06:18:05"}
{"ip":"::1","level":"info","message":"GET /api/health","service":"user-service","timestamp":"2025-07-21 06:18:35"}
{"ip":"::1","level":"info","message":"GET /api/health","service":"user-service","timestamp":"2025-07-21 06:19:06"}
{"ip":"::1","level":"info","message":"GET /api/health","service":"user-service","timestamp":"2025-07-21 06:19:36"}
{"ip":"::1","level":"info","message":"GET /api/health","service":"user-service","timestamp":"2025-07-21 06:20:06"}
{"ip":"::1","level":"info","message":"GET /api/health","service":"user-service","timestamp":"2025-07-21 06:20:36"}
{"ip":"::1","level":"info","message":"GET /api/health","service":"user-service","timestamp":"2025-07-21 06:21:06"}
{"ip":"::1","level":"info","message":"GET /api/health","service":"user-service","timestamp":"2025-07-21 06:21:37"}
{"ip":"::1","level":"info","message":"GET /api/health","service":"user-service","timestamp":"2025-07-21 06:22:07"}
{"ip":"::1","level":"info","message":"GET /api/health","service":"user-service","timestamp":"2025-07-21 06:22:37"}
{"ip":"::1","level":"info","message":"GET /api/health","service":"user-service","timestamp":"2025-07-21 06:23:07"}
{"ip":"::1","level":"info","message":"GET /api/health","service":"user-service","timestamp":"2025-07-21 06:23:38"}
{"ip":"::1","level":"info","message":"GET /api/health","service":"user-service","timestamp":"2025-07-21 06:24:08"}
{"ip":"::1","level":"info","message":"GET /api/health","service":"user-service","timestamp":"2025-07-21 06:24:38"}
{"ip":"::1","level":"info","message":"GET /api/health","service":"user-service","timestamp":"2025-07-21 06:25:08"}
{"ip":"::1","level":"info","message":"GET /api/health","service":"user-service","timestamp":"2025-07-21 06:25:39"}
{"ip":"::1","level":"info","message":"GET /api/health","service":"user-service","timestamp":"2025-07-21 06:26:09"}
{"ip":"::1","level":"info","message":"GET /api/health","service":"user-service","timestamp":"2025-07-21 06:26:39"}
{"ip":"::1","level":"info","message":"GET /api/health","service":"user-service","timestamp":"2025-07-21 06:27:09"}
{"ip":"::1","level":"info","message":"GET /api/health","service":"user-service","timestamp":"2025-07-21 06:27:39"}
{"ip":"::1","level":"info","message":"GET /api/health","service":"user-service","timestamp":"2025-07-21 06:28:10"}
{"ip":"::1","level":"info","message":"GET /api/health","service":"user-service","timestamp":"2025-07-21 06:28:40"}
{"ip":"::1","level":"info","message":"GET /api/health","service":"user-service","timestamp":"2025-07-21 06:29:10"}
{"ip":"::1","level":"info","message":"GET /api/health","service":"user-service","timestamp":"2025-07-21 06:29:40"}
{"ip":"::1","level":"info","message":"GET /api/health","service":"user-service","timestamp":"2025-07-21 06:30:11"}
{"ip":"::1","level":"info","message":"GET /api/health","service":"user-service","timestamp":"2025-07-21 06:30:41"}
{"ip":"::1","level":"info","message":"GET /api/health","service":"user-service","timestamp":"2025-07-21 06:31:11"}
{"ip":"::1","level":"info","message":"GET /api/health","service":"user-service","timestamp":"2025-07-21 06:31:41"}
{"ip":"::1","level":"info","message":"GET /api/health","service":"user-service","timestamp":"2025-07-21 06:32:11"}
{"ip":"::1","level":"info","message":"GET /api/health","service":"user-service","timestamp":"2025-07-21 06:32:42"}
{"ip":"::1","level":"info","message":"GET /api/health","service":"user-service","timestamp":"2025-07-21 06:33:12"}
{"ip":"::1","level":"info","message":"GET /api/health","service":"user-service","timestamp":"2025-07-21 06:33:42"}
{"ip":"::1","level":"info","message":"GET /api/health","service":"user-service","timestamp":"2025-07-21 06:34:12"}
{"ip":"::1","level":"info","message":"GET /api/health","service":"user-service","timestamp":"2025-07-21 06:34:42"}
{"ip":"::1","level":"info","message":"GET /api/health","service":"user-service","timestamp":"2025-07-21 06:35:13"}
{"ip":"::1","level":"info","message":"GET /api/health","service":"user-service","timestamp":"2025-07-21 06:35:43"}
{"ip":"::1","level":"info","message":"GET /api/health","service":"user-service","timestamp":"2025-07-21 06:36:13"}
{"ip":"::1","level":"info","message":"GET /api/health","service":"user-service","timestamp":"2025-07-21 06:36:43"}
{"ip":"::1","level":"info","message":"GET /api/health","service":"user-service","timestamp":"2025-07-21 06:37:13"}
{"ip":"::1","level":"info","message":"GET /api/health","service":"user-service","timestamp":"2025-07-21 06:37:44"}
{"ip":"::1","level":"info","message":"GET /api/health","service":"user-service","timestamp":"2025-07-21 06:38:14"}
{"ip":"::1","level":"info","message":"GET /api/health","service":"user-service","timestamp":"2025-07-21 06:38:44"}
{"ip":"::1","level":"info","message":"GET /api/health","service":"user-service","timestamp":"2025-07-21 06:39:14"}
{"ip":"::1","level":"info","message":"GET /api/health","service":"user-service","timestamp":"2025-07-21 06:39:45"}
{"ip":"::1","level":"info","message":"GET /api/health","service":"user-service","timestamp":"2025-07-21 06:40:15"}
{"ip":"::1","level":"info","message":"GET /api/health","service":"user-service","timestamp":"2025-07-21 06:40:45"}
{"ip":"::1","level":"info","message":"GET /api/health","service":"user-service","timestamp":"2025-07-21 06:41:15"}
{"ip":"::1","level":"info","message":"GET /api/health","service":"user-service","timestamp":"2025-07-21 06:41:45"}
{"ip":"::1","level":"info","message":"GET /api/health","service":"user-service","timestamp":"2025-07-21 06:42:16"}
{"ip":"::1","level":"info","message":"GET /api/health","service":"user-service","timestamp":"2025-07-21 06:42:46"}
{"ip":"::1","level":"info","message":"GET /api/health","service":"user-service","timestamp":"2025-07-21 06:43:16"}
{"ip":"::1","level":"info","message":"GET /api/health","service":"user-service","timestamp":"2025-07-21 06:43:46"}
{"ip":"::1","level":"info","message":"GET /api/health","service":"user-service","timestamp":"2025-07-21 06:44:16"}
{"ip":"::1","level":"info","message":"GET /api/health","service":"user-service","timestamp":"2025-07-21 06:44:47"}
{"ip":"::1","level":"info","message":"GET /api/health","service":"user-service","timestamp":"2025-07-21 06:45:17"}
{"ip":"::1","level":"info","message":"GET /api/health","service":"user-service","timestamp":"2025-07-21 06:45:47"}
{"ip":"::1","level":"info","message":"GET /api/health","service":"user-service","timestamp":"2025-07-21 06:46:17"}
{"ip":"::1","level":"info","message":"GET /api/health","service":"user-service","timestamp":"2025-07-21 06:46:47"}
{"ip":"::1","level":"info","message":"GET /api/health","service":"user-service","timestamp":"2025-07-21 06:47:18"}
{"ip":"::1","level":"info","message":"GET /api/health","service":"user-service","timestamp":"2025-07-21 06:47:48"}
{"ip":"::1","level":"info","message":"GET /api/health","service":"user-service","timestamp":"2025-07-21 06:48:18"}
{"ip":"::1","level":"info","message":"GET /api/health","service":"user-service","timestamp":"2025-07-21 06:48:48"}
{"ip":"::1","level":"info","message":"GET /api/health","service":"user-service","timestamp":"2025-07-21 06:49:19"}
{"ip":"::1","level":"info","message":"GET /api/health","service":"user-service","timestamp":"2025-07-21 06:49:49"}
{"ip":"::1","level":"info","message":"GET /api/health","service":"user-service","timestamp":"2025-07-21 06:50:19"}
{"ip":"::1","level":"info","message":"GET /api/health","service":"user-service","timestamp":"2025-07-21 06:50:49"}
{"ip":"::1","level":"info","message":"GET /api/health","service":"user-service","timestamp":"2025-07-21 06:51:19"}
{"ip":"::1","level":"info","message":"GET /api/health","service":"user-service","timestamp":"2025-07-21 06:51:49"}
{"ip":"::1","level":"info","message":"GET /api/health","service":"user-service","timestamp":"2025-07-21 06:52:20"}
{"ip":"::1","level":"info","message":"GET /api/health","service":"user-service","timestamp":"2025-07-21 06:52:50"}
{"ip":"::1","level":"info","message":"GET /api/health","service":"user-service","timestamp":"2025-07-21 06:53:20"}
{"ip":"::1","level":"info","message":"GET /api/health","service":"user-service","timestamp":"2025-07-21 06:53:50"}
{"ip":"::1","level":"info","message":"GET /api/health","service":"user-service","timestamp":"2025-07-21 06:54:21"}
{"ip":"::1","level":"info","message":"GET /api/health","service":"user-service","timestamp":"2025-07-21 06:54:51"}
{"ip":"::1","level":"info","message":"GET /api/health","service":"user-service","timestamp":"2025-07-21 06:55:21"}
{"ip":"::1","level":"info","message":"GET /api/health","service":"user-service","timestamp":"2025-07-21 06:55:51"}
{"ip":"::1","level":"info","message":"GET /api/health","service":"user-service","timestamp":"2025-07-21 06:56:21"}
{"ip":"::1","level":"info","message":"GET /api/health","service":"user-service","timestamp":"2025-07-21 06:56:52"}
{"ip":"::1","level":"info","message":"GET /api/health","service":"user-service","timestamp":"2025-07-21 06:57:22"}
{"ip":"::1","level":"info","message":"GET /api/health","service":"user-service","timestamp":"2025-07-21 06:57:52"}
{"ip":"::1","level":"info","message":"GET /api/health","service":"user-service","timestamp":"2025-07-21 06:58:22"}
{"ip":"::1","level":"info","message":"GET /api/health","service":"user-service","timestamp":"2025-07-21 06:58:52"}
{"ip":"::1","level":"info","message":"GET /api/health","service":"user-service","timestamp":"2025-07-21 06:59:23"}
{"ip":"::1","level":"info","message":"GET /api/health","service":"user-service","timestamp":"2025-07-21 06:59:53"}
{"ip":"::1","level":"info","message":"GET /api/health","service":"user-service","timestamp":"2025-07-21 07:00:23"}
{"ip":"::1","level":"info","message":"GET /api/health","service":"user-service","timestamp":"2025-07-21 07:00:53"}
{"ip":"::1","level":"info","message":"GET /api/health","service":"user-service","timestamp":"2025-07-21 07:01:23"}
{"ip":"::1","level":"info","message":"GET /api/health","service":"user-service","timestamp":"2025-07-21 07:01:54"}
{"ip":"::1","level":"info","message":"GET /api/health","service":"user-service","timestamp":"2025-07-21 07:02:24"}
{"ip":"::1","level":"info","message":"GET /api/health","service":"user-service","timestamp":"2025-07-21 07:02:54"}
{"ip":"::1","level":"info","message":"GET /api/health","service":"user-service","timestamp":"2025-07-21 07:03:24"}
{"ip":"::1","level":"info","message":"GET /api/health","service":"user-service","timestamp":"2025-07-21 07:03:54"}
{"ip":"::1","level":"info","message":"GET /api/health","service":"user-service","timestamp":"2025-07-21 07:04:25"}
{"ip":"::1","level":"info","message":"GET /api/health","service":"user-service","timestamp":"2025-07-21 07:04:55"}
{"ip":"::1","level":"info","message":"GET /api/health","service":"user-service","timestamp":"2025-07-21 07:05:25"}
{"ip":"::1","level":"info","message":"GET /api/health","service":"user-service","timestamp":"2025-07-21 07:05:55"}
{"ip":"::1","level":"info","message":"GET /api/health","service":"user-service","timestamp":"2025-07-21 07:06:25"}
{"ip":"::1","level":"info","message":"GET /api/health","service":"user-service","timestamp":"2025-07-21 07:06:56"}
{"ip":"::1","level":"info","message":"GET /api/health","service":"user-service","timestamp":"2025-07-21 07:07:26"}
{"ip":"::1","level":"info","message":"GET /api/health","service":"user-service","timestamp":"2025-07-21 07:07:56"}
{"ip":"::1","level":"info","message":"GET /api/health","service":"user-service","timestamp":"2025-07-21 07:08:26"}
{"ip":"::1","level":"info","message":"GET /api/health","service":"user-service","timestamp":"2025-07-21 07:08:56"}
{"ip":"::1","level":"info","message":"GET /api/health","service":"user-service","timestamp":"2025-07-21 07:09:27"}
{"ip":"::1","level":"info","message":"GET /api/health","service":"user-service","timestamp":"2025-07-21 07:09:57"}
{"ip":"::1","level":"info","message":"GET /api/health","service":"user-service","timestamp":"2025-07-21 07:10:27"}
{"ip":"::1","level":"info","message":"GET /api/health","service":"user-service","timestamp":"2025-07-21 07:10:58"}
{"ip":"::1","level":"info","message":"GET /api/health","service":"user-service","timestamp":"2025-07-21 07:11:28"}
{"ip":"::1","level":"info","message":"GET /api/health","service":"user-service","timestamp":"2025-07-21 07:11:58"}
{"ip":"::1","level":"info","message":"GET /api/health","service":"user-service","timestamp":"2025-07-21 07:12:28"}
{"ip":"::1","level":"info","message":"GET /api/health","service":"user-service","timestamp":"2025-07-21 07:12:58"}
{"ip":"::1","level":"info","message":"GET /api/health","service":"user-service","timestamp":"2025-07-21 07:13:29"}
{"ip":"::1","level":"info","message":"GET /api/health","service":"user-service","timestamp":"2025-07-21 07:13:59"}
{"ip":"::1","level":"info","message":"GET /api/health","service":"user-service","timestamp":"2025-07-21 07:14:29"}
{"ip":"::1","level":"info","message":"GET /api/health","service":"user-service","timestamp":"2025-07-21 07:14:59"}
{"ip":"::1","level":"info","message":"GET /api/health","service":"user-service","timestamp":"2025-07-21 07:15:29"}
{"ip":"::1","level":"info","message":"GET /api/health","service":"user-service","timestamp":"2025-07-21 07:16:00"}
{"ip":"::1","level":"info","message":"GET /api/health","service":"user-service","timestamp":"2025-07-21 07:16:30"}
{"ip":"::1","level":"info","message":"GET /api/health","service":"user-service","timestamp":"2025-07-21 07:17:00"}
{"ip":"::1","level":"info","message":"GET /api/health","service":"user-service","timestamp":"2025-07-21 07:17:30"}
{"ip":"::1","level":"info","message":"GET /api/health","service":"user-service","timestamp":"2025-07-21 07:18:00"}
{"ip":"::1","level":"info","message":"GET /api/health","service":"user-service","timestamp":"2025-07-21 07:18:31"}
{"ip":"::1","level":"info","message":"GET /api/health","service":"user-service","timestamp":"2025-07-21 07:19:01"}
{"ip":"::1","level":"info","message":"GET /api/health","service":"user-service","timestamp":"2025-07-21 07:19:31"}
{"ip":"::1","level":"info","message":"GET /api/health","service":"user-service","timestamp":"2025-07-21 07:20:01"}
{"ip":"::1","level":"info","message":"GET /api/health","service":"user-service","timestamp":"2025-07-21 07:20:31"}
{"ip":"::1","level":"info","message":"GET /api/health","service":"user-service","timestamp":"2025-07-21 07:21:02"}
{"ip":"::1","level":"info","message":"GET /api/health","service":"user-service","timestamp":"2025-07-21 07:21:32"}
{"ip":"::1","level":"info","message":"GET /api/health","service":"user-service","timestamp":"2025-07-21 07:22:02"}
{"ip":"::1","level":"info","message":"GET /api/health","service":"user-service","timestamp":"2025-07-21 07:22:32"}
{"ip":"::1","level":"info","message":"GET /api/health","service":"user-service","timestamp":"2025-07-21 07:23:02"}
{"ip":"::1","level":"info","message":"GET /api/health","service":"user-service","timestamp":"2025-07-21 07:23:32"}
{"ip":"::1","level":"info","message":"GET /api/health","service":"user-service","timestamp":"2025-07-21 07:24:03"}
{"ip":"::1","level":"info","message":"GET /api/health","service":"user-service","timestamp":"2025-07-21 07:24:33"}
{"ip":"::1","level":"info","message":"GET /api/health","service":"user-service","timestamp":"2025-07-21 07:25:03"}
{"ip":"::1","level":"info","message":"GET /api/health","service":"user-service","timestamp":"2025-07-21 07:25:33"}
{"ip":"::1","level":"info","message":"GET /api/health","service":"user-service","timestamp":"2025-07-21 07:26:03"}
{"ip":"::1","level":"info","message":"GET /api/health","service":"user-service","timestamp":"2025-07-21 07:26:34"}
{"ip":"::1","level":"info","message":"GET /api/health","service":"user-service","timestamp":"2025-07-21 07:27:04"}
{"ip":"::1","level":"info","message":"GET /api/health","service":"user-service","timestamp":"2025-07-21 07:27:34"}
{"ip":"::1","level":"info","message":"GET /api/health","service":"user-service","timestamp":"2025-07-21 07:28:04"}
{"ip":"::1","level":"info","message":"GET /api/health","service":"user-service","timestamp":"2025-07-21 07:28:34"}
{"ip":"::1","level":"info","message":"GET /api/health","service":"user-service","timestamp":"2025-07-21 07:29:05"}
{"ip":"::1","level":"info","message":"GET /api/health","service":"user-service","timestamp":"2025-07-21 07:29:35"}
{"ip":"::1","level":"info","message":"GET /api/health","service":"user-service","timestamp":"2025-07-21 07:30:05"}
{"ip":"::1","level":"info","message":"GET /api/health","service":"user-service","timestamp":"2025-07-21 07:30:35"}
{"ip":"::1","level":"info","message":"GET /api/health","service":"user-service","timestamp":"2025-07-21 07:31:06"}
{"ip":"::1","level":"info","message":"GET /api/health","service":"user-service","timestamp":"2025-07-21 07:31:36"}
{"ip":"::1","level":"info","message":"GET /api/health","service":"user-service","timestamp":"2025-07-21 07:32:06"}
{"ip":"::1","level":"info","message":"GET /api/health","service":"user-service","timestamp":"2025-07-21 07:32:36"}
{"ip":"::1","level":"info","message":"GET /api/health","service":"user-service","timestamp":"2025-07-21 07:33:06"}
{"ip":"::1","level":"info","message":"GET /api/health","service":"user-service","timestamp":"2025-07-21 07:33:37"}
{"ip":"::1","level":"info","message":"GET /api/health","service":"user-service","timestamp":"2025-07-21 07:34:07"}
{"ip":"::1","level":"info","message":"GET /api/health","service":"user-service","timestamp":"2025-07-21 07:34:37"}
{"ip":"::1","level":"info","message":"GET /api/health","service":"user-service","timestamp":"2025-07-21 07:35:07"}
{"ip":"::1","level":"info","message":"GET /api/health","service":"user-service","timestamp":"2025-07-21 07:35:37"}
{"ip":"::1","level":"info","message":"GET /api/health","service":"user-service","timestamp":"2025-07-21 07:36:08"}
{"ip":"::1","level":"info","message":"GET /api/health","service":"user-service","timestamp":"2025-07-21 07:36:38"}
{"ip":"::1","level":"info","message":"GET /api/health","service":"user-service","timestamp":"2025-07-21 07:37:08"}
{"ip":"::1","level":"info","message":"GET /api/health","service":"user-service","timestamp":"2025-07-21 07:37:38"}
{"ip":"::1","level":"info","message":"GET /api/health","service":"user-service","timestamp":"2025-07-21 07:38:09"}
{"ip":"::1","level":"info","message":"GET /api/health","service":"user-service","timestamp":"2025-07-21 07:38:39"}
{"ip":"::1","level":"info","message":"GET /api/health","service":"user-service","timestamp":"2025-07-21 07:39:09"}
{"ip":"::1","level":"info","message":"GET /api/health","service":"user-service","timestamp":"2025-07-21 07:39:39"}
{"ip":"::1","level":"info","message":"GET /api/health","service":"user-service","timestamp":"2025-07-21 07:40:09"}
{"ip":"::1","level":"info","message":"GET /api/health","service":"user-service","timestamp":"2025-07-21 07:40:40"}
{"ip":"::1","level":"info","message":"GET /api/health","service":"user-service","timestamp":"2025-07-21 07:41:10"}
{"ip":"::1","level":"info","message":"GET /api/health","service":"user-service","timestamp":"2025-07-21 07:41:40"}
{"ip":"::1","level":"info","message":"GET /api/health","service":"user-service","timestamp":"2025-07-21 07:42:10"}
{"ip":"::1","level":"info","message":"GET /api/health","service":"user-service","timestamp":"2025-07-21 07:42:40"}
{"ip":"::1","level":"info","message":"GET /api/health","service":"user-service","timestamp":"2025-07-21 07:43:11"}
{"ip":"::1","level":"info","message":"GET /api/health","service":"user-service","timestamp":"2025-07-21 07:43:41"}
{"ip":"::1","level":"info","message":"GET /api/health","service":"user-service","timestamp":"2025-07-21 07:44:11"}
{"ip":"::1","level":"info","message":"GET /api/health","service":"user-service","timestamp":"2025-07-21 07:44:41"}
{"ip":"::1","level":"info","message":"GET /api/health","service":"user-service","timestamp":"2025-07-21 07:45:12"}
{"ip":"::1","level":"info","message":"GET /api/health","service":"user-service","timestamp":"2025-07-21 07:45:42"}
{"ip":"::1","level":"info","message":"GET /api/health","service":"user-service","timestamp":"2025-07-21 07:46:12"}
{"ip":"::1","level":"info","message":"GET /api/health","service":"user-service","timestamp":"2025-07-21 07:46:42"}
{"ip":"::1","level":"info","message":"GET /api/health","service":"user-service","timestamp":"2025-07-21 07:47:12"}
{"ip":"::1","level":"info","message":"GET /api/health","service":"user-service","timestamp":"2025-07-21 07:47:43"}
{"ip":"::1","level":"info","message":"GET /api/health","service":"user-service","timestamp":"2025-07-21 07:48:13"}
{"ip":"::1","level":"info","message":"GET /api/health","service":"user-service","timestamp":"2025-07-21 07:48:43"}
{"ip":"::1","level":"info","message":"GET /api/health","service":"user-service","timestamp":"2025-07-21 07:49:13"}
{"ip":"::1","level":"info","message":"GET /api/health","service":"user-service","timestamp":"2025-07-21 07:49:44"}
{"ip":"::1","level":"info","message":"GET /api/health","service":"user-service","timestamp":"2025-07-21 07:50:14"}
{"ip":"::1","level":"info","message":"GET /api/health","service":"user-service","timestamp":"2025-07-21 07:50:44"}
{"ip":"::1","level":"info","message":"GET /api/health","service":"user-service","timestamp":"2025-07-21 07:51:14"}
{"ip":"::1","level":"info","message":"GET /api/health","service":"user-service","timestamp":"2025-07-21 07:51:44"}
{"ip":"::1","level":"info","message":"GET /api/health","service":"user-service","timestamp":"2025-07-21 07:52:15"}
{"ip":"::1","level":"info","message":"GET /api/health","service":"user-service","timestamp":"2025-07-21 07:52:45"}
{"ip":"::1","level":"info","message":"GET /api/health","service":"user-service","timestamp":"2025-07-21 07:53:15"}
{"ip":"::1","level":"info","message":"GET /api/health","service":"user-service","timestamp":"2025-07-21 07:53:45"}
{"ip":"::1","level":"info","message":"GET /api/health","service":"user-service","timestamp":"2025-07-21 07:54:15"}
{"ip":"::1","level":"info","message":"GET /api/health","service":"user-service","timestamp":"2025-07-21 07:54:46"}
{"ip":"::1","level":"info","message":"GET /api/health","service":"user-service","timestamp":"2025-07-21 07:55:16"}
{"ip":"::1","level":"info","message":"GET /api/health","service":"user-service","timestamp":"2025-07-21 07:55:46"}
{"ip":"::1","level":"info","message":"GET /api/health","service":"user-service","timestamp":"2025-07-21 07:56:16"}
{"ip":"::1","level":"info","message":"GET /api/health","service":"user-service","timestamp":"2025-07-21 07:56:47"}
{"ip":"::1","level":"info","message":"GET /api/health","service":"user-service","timestamp":"2025-07-21 07:57:17"}
{"ip":"::1","level":"info","message":"GET /api/health","service":"user-service","timestamp":"2025-07-21 07:57:47"}
{"ip":"::1","level":"info","message":"GET /api/health","service":"user-service","timestamp":"2025-07-21 07:58:17"}
{"ip":"::1","level":"info","message":"GET /api/health","service":"user-service","timestamp":"2025-07-21 07:58:48"}
{"ip":"::1","level":"info","message":"GET /api/health","service":"user-service","timestamp":"2025-07-21 07:59:18"}
{"ip":"::1","level":"info","message":"GET /api/health","service":"user-service","timestamp":"2025-07-21 07:59:48"}
{"ip":"::1","level":"info","message":"GET /api/health","service":"user-service","timestamp":"2025-07-21 08:00:18"}
{"ip":"::1","level":"info","message":"GET /api/health","service":"user-service","timestamp":"2025-07-21 08:00:48"}
{"ip":"::1","level":"info","message":"GET /api/health","service":"user-service","timestamp":"2025-07-21 08:01:19"}
{"ip":"::1","level":"info","message":"GET /api/health","service":"user-service","timestamp":"2025-07-21 08:01:49"}
{"ip":"::1","level":"info","message":"GET /api/health","service":"user-service","timestamp":"2025-07-21 08:02:19"}
{"ip":"::1","level":"info","message":"GET /api/health","service":"user-service","timestamp":"2025-07-21 08:02:49"}
{"ip":"::1","level":"info","message":"GET /api/health","service":"user-service","timestamp":"2025-07-21 08:03:19"}
{"ip":"::1","level":"info","message":"GET /api/health","service":"user-service","timestamp":"2025-07-21 08:03:50"}
{"ip":"::1","level":"info","message":"GET /api/health","service":"user-service","timestamp":"2025-07-21 08:04:20"}
{"ip":"::1","level":"info","message":"GET /api/health","service":"user-service","timestamp":"2025-07-21 08:04:50"}
{"ip":"::1","level":"info","message":"GET /api/health","service":"user-service","timestamp":"2025-07-21 08:05:20"}
{"ip":"::1","level":"info","message":"GET /api/health","service":"user-service","timestamp":"2025-07-21 08:05:50"}
{"ip":"::1","level":"info","message":"GET /api/health","service":"user-service","timestamp":"2025-07-21 08:06:21"}
{"ip":"::1","level":"info","message":"GET /api/health","service":"user-service","timestamp":"2025-07-21 08:06:51"}
{"ip":"::1","level":"info","message":"GET /api/health","service":"user-service","timestamp":"2025-07-21 08:07:21"}
{"ip":"::1","level":"info","message":"GET /api/health","service":"user-service","timestamp":"2025-07-21 08:07:51"}
{"ip":"::1","level":"info","message":"GET /api/health","service":"user-service","timestamp":"2025-07-21 08:08:21"}
{"ip":"::1","level":"info","message":"GET /api/health","service":"user-service","timestamp":"2025-07-21 08:08:52"}
{"ip":"::1","level":"info","message":"GET /api/health","service":"user-service","timestamp":"2025-07-21 08:09:22"}
{"ip":"::1","level":"info","message":"GET /api/health","service":"user-service","timestamp":"2025-07-21 08:09:52"}
{"ip":"::1","level":"info","message":"GET /api/health","service":"user-service","timestamp":"2025-07-21 08:10:22"}
{"ip":"::1","level":"info","message":"GET /api/health","service":"user-service","timestamp":"2025-07-21 08:10:52"}
{"ip":"::1","level":"info","message":"GET /api/health","service":"user-service","timestamp":"2025-07-21 08:11:23"}
{"ip":"::1","level":"info","message":"GET /api/health","service":"user-service","timestamp":"2025-07-21 08:11:53"}
{"ip":"::1","level":"info","message":"GET /api/health","service":"user-service","timestamp":"2025-07-21 08:12:23"}
{"ip":"::1","level":"info","message":"GET /api/health","service":"user-service","timestamp":"2025-07-21 08:12:53"}
{"ip":"::1","level":"info","message":"GET /api/health","service":"user-service","timestamp":"2025-07-21 08:13:23"}
{"ip":"::1","level":"info","message":"GET /api/health","service":"user-service","timestamp":"2025-07-21 08:13:54"}
{"ip":"::1","level":"info","message":"GET /api/health","service":"user-service","timestamp":"2025-07-21 08:14:24"}
{"ip":"::1","level":"info","message":"GET /api/health","service":"user-service","timestamp":"2025-07-21 08:14:54"}
{"ip":"::1","level":"info","message":"GET /api/health","service":"user-service","timestamp":"2025-07-21 08:15:24"}
{"ip":"::1","level":"info","message":"GET /api/health","service":"user-service","timestamp":"2025-07-21 08:15:54"}
{"ip":"::1","level":"info","message":"GET /api/health","service":"user-service","timestamp":"2025-07-21 08:16:25"}
{"ip":"::1","level":"info","message":"GET /api/health","service":"user-service","timestamp":"2025-07-21 08:16:55"}
{"ip":"::1","level":"info","message":"GET /api/health","service":"user-service","timestamp":"2025-07-21 08:17:25"}
{"ip":"::1","level":"info","message":"GET /api/health","service":"user-service","timestamp":"2025-07-21 08:17:55"}
{"ip":"::1","level":"info","message":"GET /api/health","service":"user-service","timestamp":"2025-07-21 08:18:25"}
{"ip":"::1","level":"info","message":"GET /api/health","service":"user-service","timestamp":"2025-07-21 08:18:56"}
{"ip":"::1","level":"info","message":"GET /api/health","service":"user-service","timestamp":"2025-07-21 08:19:26"}
{"ip":"::1","level":"info","message":"GET /api/health","service":"user-service","timestamp":"2025-07-21 08:19:56"}
{"ip":"::1","level":"info","message":"GET /api/health","service":"user-service","timestamp":"2025-07-21 08:20:26"}
{"ip":"::1","level":"info","message":"GET /api/health","service":"user-service","timestamp":"2025-07-21 08:20:56"}
{"ip":"::1","level":"info","message":"GET /api/health","service":"user-service","timestamp":"2025-07-21 08:21:27"}
{"ip":"::1","level":"info","message":"GET /api/health","service":"user-service","timestamp":"2025-07-21 08:21:57"}
{"ip":"::1","level":"info","message":"GET /api/health","service":"user-service","timestamp":"2025-07-21 08:22:27"}
{"ip":"::1","level":"info","message":"GET /api/health","service":"user-service","timestamp":"2025-07-21 08:22:57"}
{"ip":"::1","level":"info","message":"GET /api/health","service":"user-service","timestamp":"2025-07-21 08:23:28"}
{"ip":"::1","level":"info","message":"GET /api/health","service":"user-service","timestamp":"2025-07-21 08:23:58"}
{"ip":"::1","level":"info","message":"GET /api/health","service":"user-service","timestamp":"2025-07-21 08:24:28"}
{"ip":"::1","level":"info","message":"GET /api/health","service":"user-service","timestamp":"2025-07-21 08:24:58"}
{"ip":"::1","level":"info","message":"GET /api/health","service":"user-service","timestamp":"2025-07-21 08:25:28"}
{"ip":"::1","level":"info","message":"GET /api/health","service":"user-service","timestamp":"2025-07-21 08:25:58"}
{"ip":"::1","level":"info","message":"GET /api/health","service":"user-service","timestamp":"2025-07-21 08:26:29"}
{"ip":"::1","level":"info","message":"GET /api/health","service":"user-service","timestamp":"2025-07-21 08:26:59"}
{"ip":"::1","level":"info","message":"GET /api/health","service":"user-service","timestamp":"2025-07-21 08:27:29"}
{"ip":"::1","level":"info","message":"GET /api/health","service":"user-service","timestamp":"2025-07-21 08:27:59"}
{"ip":"::1","level":"info","message":"GET /api/health","service":"user-service","timestamp":"2025-07-21 08:28:29"}
{"ip":"::1","level":"info","message":"GET /api/health","service":"user-service","timestamp":"2025-07-21 08:29:00"}
{"ip":"::1","level":"info","message":"GET /api/health","service":"user-service","timestamp":"2025-07-21 08:29:30"}
{"ip":"::1","level":"info","message":"GET /api/health","service":"user-service","timestamp":"2025-07-21 08:30:00"}
{"ip":"::1","level":"info","message":"GET /api/health","service":"user-service","timestamp":"2025-07-21 08:30:30"}
{"ip":"::1","level":"info","message":"GET /api/health","service":"user-service","timestamp":"2025-07-21 08:31:00"}
{"ip":"::1","level":"info","message":"GET /api/health","service":"user-service","timestamp":"2025-07-21 08:31:31"}
{"ip":"::1","level":"info","message":"GET /api/health","service":"user-service","timestamp":"2025-07-21 08:32:01"}
{"ip":"::1","level":"info","message":"GET /api/health","service":"user-service","timestamp":"2025-07-21 08:32:31"}
{"ip":"::1","level":"info","message":"GET /api/health","service":"user-service","timestamp":"2025-07-21 08:33:01"}
{"ip":"::1","level":"info","message":"GET /api/health","service":"user-service","timestamp":"2025-07-21 08:33:31"}
{"ip":"::1","level":"info","message":"GET /api/health","service":"user-service","timestamp":"2025-07-21 08:34:02"}
{"ip":"::1","level":"info","message":"GET /api/health","service":"user-service","timestamp":"2025-07-21 08:34:32"}
{"ip":"::1","level":"info","message":"GET /api/health","service":"user-service","timestamp":"2025-07-21 08:35:02"}
{"ip":"::1","level":"info","message":"GET /api/health","service":"user-service","timestamp":"2025-07-21 08:35:32"}
{"ip":"::1","level":"info","message":"GET /api/health","service":"user-service","timestamp":"2025-07-21 08:36:02"}
{"ip":"::1","level":"info","message":"GET /api/health","service":"user-service","timestamp":"2025-07-21 08:36:33"}
{"ip":"::1","level":"info","message":"GET /api/health","service":"user-service","timestamp":"2025-07-21 08:37:03"}
{"ip":"::1","level":"info","message":"GET /api/health","service":"user-service","timestamp":"2025-07-21 08:37:33"}
{"ip":"::1","level":"info","message":"GET /api/health","service":"user-service","timestamp":"2025-07-21 08:38:03"}
{"ip":"::1","level":"info","message":"GET /api/health","service":"user-service","timestamp":"2025-07-21 08:38:33"}
{"ip":"::1","level":"info","message":"GET /api/health","service":"user-service","timestamp":"2025-07-21 08:39:04"}
{"ip":"::1","level":"info","message":"GET /api/health","service":"user-service","timestamp":"2025-07-21 08:39:34"}
{"ip":"::1","level":"info","message":"GET /api/health","service":"user-service","timestamp":"2025-07-21 08:40:04"}
{"ip":"::1","level":"info","message":"GET /api/health","service":"user-service","timestamp":"2025-07-21 08:40:34"}
{"ip":"::1","level":"info","message":"GET /api/health","service":"user-service","timestamp":"2025-07-21 08:41:04"}
{"ip":"::1","level":"info","message":"GET /api/health","service":"user-service","timestamp":"2025-07-21 08:41:35"}
{"ip":"::1","level":"info","message":"GET /api/health","service":"user-service","timestamp":"2025-07-21 08:42:05"}
{"ip":"::1","level":"info","message":"GET /api/health","service":"user-service","timestamp":"2025-07-21 08:42:35"}
{"ip":"::1","level":"info","message":"GET /api/health","service":"user-service","timestamp":"2025-07-21 08:43:05"}
{"ip":"::1","level":"info","message":"GET /api/health","service":"user-service","timestamp":"2025-07-21 08:43:35"}
{"ip":"::1","level":"info","message":"GET /api/health","service":"user-service","timestamp":"2025-07-21 08:44:06"}
{"ip":"::1","level":"info","message":"GET /api/health","service":"user-service","timestamp":"2025-07-21 08:44:36"}
{"ip":"::1","level":"info","message":"GET /api/health","service":"user-service","timestamp":"2025-07-21 08:45:06"}
{"ip":"::1","level":"info","message":"GET /api/health","service":"user-service","timestamp":"2025-07-21 08:45:36"}
{"ip":"::1","level":"info","message":"GET /api/health","service":"user-service","timestamp":"2025-07-21 08:46:06"}
{"ip":"::1","level":"info","message":"GET /api/health","service":"user-service","timestamp":"2025-07-21 08:46:37"}
{"ip":"::1","level":"info","message":"GET /api/health","service":"user-service","timestamp":"2025-07-21 08:47:07"}
{"ip":"::1","level":"info","message":"GET /api/health","service":"user-service","timestamp":"2025-07-21 08:47:37"}
{"ip":"::1","level":"info","message":"GET /api/health","service":"user-service","timestamp":"2025-07-21 08:48:07"}
{"ip":"::1","level":"info","message":"GET /api/health","service":"user-service","timestamp":"2025-07-21 08:48:37"}
{"ip":"::1","level":"info","message":"GET /api/health","service":"user-service","timestamp":"2025-07-21 08:49:08"}
{"ip":"::1","level":"info","message":"GET /api/health","service":"user-service","timestamp":"2025-07-21 08:49:38"}
{"ip":"::1","level":"info","message":"GET /api/health","service":"user-service","timestamp":"2025-07-21 08:50:08"}
{"ip":"::1","level":"info","message":"GET /api/health","service":"user-service","timestamp":"2025-07-21 08:50:38"}
{"ip":"::1","level":"info","message":"GET /api/health","service":"user-service","timestamp":"2025-07-21 08:51:08"}
{"ip":"::1","level":"info","message":"GET /api/health","service":"user-service","timestamp":"2025-07-21 08:51:39"}
{"ip":"::1","level":"info","message":"GET /api/health","service":"user-service","timestamp":"2025-07-21 08:52:09"}
{"ip":"::1","level":"info","message":"GET /api/health","service":"user-service","timestamp":"2025-07-21 08:52:39"}
{"ip":"::1","level":"info","message":"GET /api/health","service":"user-service","timestamp":"2025-07-21 08:53:09"}
{"ip":"::1","level":"info","message":"GET /api/health","service":"user-service","timestamp":"2025-07-21 08:53:39"}
{"ip":"::1","level":"info","message":"GET /api/health","service":"user-service","timestamp":"2025-07-21 08:54:10"}
{"ip":"::1","level":"info","message":"GET /api/health","service":"user-service","timestamp":"2025-07-21 08:54:40"}
{"ip":"::1","level":"info","message":"GET /api/health","service":"user-service","timestamp":"2025-07-21 08:55:10"}
{"ip":"::1","level":"info","message":"GET /api/health","service":"user-service","timestamp":"2025-07-21 08:55:40"}
{"ip":"::1","level":"info","message":"GET /api/health","service":"user-service","timestamp":"2025-07-21 08:56:10"}
{"ip":"::1","level":"info","message":"GET /api/health","service":"user-service","timestamp":"2025-07-21 08:56:40"}
{"ip":"::1","level":"info","message":"GET /api/health","service":"user-service","timestamp":"2025-07-21 08:57:11"}
{"ip":"::1","level":"info","message":"GET /api/health","service":"user-service","timestamp":"2025-07-21 08:57:41"}
{"ip":"::1","level":"info","message":"GET /api/health","service":"user-service","timestamp":"2025-07-21 08:58:11"}
{"ip":"::1","level":"info","message":"GET /api/health","service":"user-service","timestamp":"2025-07-21 08:58:41"}
{"ip":"::1","level":"info","message":"GET /api/health","service":"user-service","timestamp":"2025-07-21 08:59:12"}
{"ip":"::1","level":"info","message":"GET /api/health","service":"user-service","timestamp":"2025-07-21 08:59:42"}
{"ip":"::1","level":"info","message":"GET /api/health","service":"user-service","timestamp":"2025-07-21 09:00:12"}
{"ip":"::1","level":"info","message":"GET /api/health","service":"user-service","timestamp":"2025-07-21 09:00:42"}
{"ip":"::1","level":"info","message":"GET /api/health","service":"user-service","timestamp":"2025-07-21 09:01:12"}
{"ip":"::1","level":"info","message":"GET /api/health","service":"user-service","timestamp":"2025-07-21 09:01:43"}
{"ip":"::1","level":"info","message":"GET /api/health","service":"user-service","timestamp":"2025-07-21 09:02:13"}
{"ip":"::1","level":"info","message":"GET /api/health","service":"user-service","timestamp":"2025-07-21 09:02:43"}
{"ip":"::1","level":"info","message":"GET /api/health","service":"user-service","timestamp":"2025-07-21 09:03:13"}
{"ip":"::1","level":"info","message":"GET /api/health","service":"user-service","timestamp":"2025-07-21 09:03:43"}
{"ip":"::1","level":"info","message":"GET /api/health","service":"user-service","timestamp":"2025-07-21 09:04:14"}
{"ip":"::1","level":"info","message":"GET /api/health","service":"user-service","timestamp":"2025-07-21 09:04:44"}
{"ip":"::1","level":"info","message":"GET /api/health","service":"user-service","timestamp":"2025-07-21 09:05:14"}
{"ip":"::1","level":"info","message":"GET /api/health","service":"user-service","timestamp":"2025-07-21 09:05:44"}
{"ip":"::1","level":"info","message":"GET /api/health","service":"user-service","timestamp":"2025-07-21 09:06:14"}
{"ip":"::1","level":"info","message":"GET /api/health","service":"user-service","timestamp":"2025-07-21 09:06:45"}
{"ip":"::1","level":"info","message":"GET /api/health","service":"user-service","timestamp":"2025-07-21 09:07:15"}
{"ip":"::1","level":"info","message":"GET /api/health","service":"user-service","timestamp":"2025-07-21 09:07:45"}
{"ip":"::1","level":"info","message":"GET /api/health","service":"user-service","timestamp":"2025-07-21 09:08:15"}
{"ip":"::1","level":"info","message":"GET /api/health","service":"user-service","timestamp":"2025-07-21 09:08:45"}
{"ip":"::1","level":"info","message":"GET /api/health","service":"user-service","timestamp":"2025-07-21 09:09:16"}
{"ip":"::1","level":"info","message":"GET /api/health","service":"user-service","timestamp":"2025-07-21 09:09:46"}
{"ip":"::1","level":"info","message":"GET /api/health","service":"user-service","timestamp":"2025-07-21 09:10:16"}
{"ip":"::1","level":"info","message":"GET /api/health","service":"user-service","timestamp":"2025-07-21 09:10:46"}
{"ip":"::1","level":"info","message":"GET /api/health","service":"user-service","timestamp":"2025-07-21 09:11:16"}
{"ip":"::1","level":"info","message":"GET /api/health","service":"user-service","timestamp":"2025-07-21 09:11:47"}
{"ip":"::1","level":"info","message":"GET /api/health","service":"user-service","timestamp":"2025-07-21 09:12:17"}
{"ip":"::1","level":"info","message":"GET /api/health","service":"user-service","timestamp":"2025-07-21 09:12:47"}
{"ip":"::1","level":"info","message":"GET /api/health","service":"user-service","timestamp":"2025-07-21 09:13:17"}
{"ip":"::1","level":"info","message":"GET /api/health","service":"user-service","timestamp":"2025-07-21 09:13:47"}
{"ip":"::1","level":"info","message":"GET /api/health","service":"user-service","timestamp":"2025-07-21 09:14:18"}
{"ip":"::1","level":"info","message":"GET /api/health","service":"user-service","timestamp":"2025-07-21 09:14:48"}
{"ip":"::1","level":"info","message":"GET /api/health","service":"user-service","timestamp":"2025-07-21 09:15:18"}
{"ip":"::1","level":"info","message":"GET /api/health","service":"user-service","timestamp":"2025-07-21 09:15:48"}
{"ip":"::1","level":"info","message":"GET /api/health","service":"user-service","timestamp":"2025-07-21 09:16:18"}
{"ip":"::1","level":"info","message":"GET /api/health","service":"user-service","timestamp":"2025-07-21 09:16:48"}
{"ip":"::1","level":"info","message":"GET /api/health","service":"user-service","timestamp":"2025-07-21 09:17:19"}
{"ip":"::1","level":"info","message":"GET /api/health","service":"user-service","timestamp":"2025-07-21 09:17:49"}
{"ip":"::1","level":"info","message":"GET /api/health","service":"user-service","timestamp":"2025-07-21 09:18:19"}
{"ip":"::1","level":"info","message":"GET /api/health","service":"user-service","timestamp":"2025-07-21 09:18:49"}
{"ip":"::1","level":"info","message":"GET /api/health","service":"user-service","timestamp":"2025-07-21 09:19:20"}
{"ip":"::1","level":"info","message":"GET /api/health","service":"user-service","timestamp":"2025-07-21 09:19:50"}
{"ip":"::1","level":"info","message":"GET /api/health","service":"user-service","timestamp":"2025-07-21 09:20:20"}
{"ip":"::1","level":"info","message":"GET /api/health","service":"user-service","timestamp":"2025-07-21 09:20:50"}
{"ip":"::1","level":"info","message":"GET /api/health","service":"user-service","timestamp":"2025-07-21 09:21:20"}
{"ip":"::1","level":"info","message":"GET /api/health","service":"user-service","timestamp":"2025-07-21 09:21:51"}
{"ip":"::1","level":"info","message":"GET /api/health","service":"user-service","timestamp":"2025-07-21 09:22:21"}
{"ip":"::1","level":"info","message":"GET /api/health","service":"user-service","timestamp":"2025-07-21 09:22:51"}
{"ip":"::1","level":"info","message":"GET /api/health","service":"user-service","timestamp":"2025-07-21 09:23:21"}
{"ip":"::1","level":"info","message":"GET /api/health","service":"user-service","timestamp":"2025-07-21 09:23:51"}
{"ip":"::1","level":"info","message":"GET /api/health","service":"user-service","timestamp":"2025-07-21 09:24:21"}
{"ip":"::1","level":"info","message":"GET /api/health","service":"user-service","timestamp":"2025-07-21 09:24:52"}
{"ip":"::1","level":"info","message":"GET /api/health","service":"user-service","timestamp":"2025-07-21 09:25:22"}
{"ip":"::1","level":"info","message":"GET /api/health","service":"user-service","timestamp":"2025-07-21 09:25:52"}
{"ip":"::1","level":"info","message":"GET /api/health","service":"user-service","timestamp":"2025-07-21 09:26:22"}
{"ip":"::1","level":"info","message":"GET /api/health","service":"user-service","timestamp":"2025-07-21 09:26:53"}
{"ip":"::1","level":"info","message":"GET /api/health","service":"user-service","timestamp":"2025-07-21 09:27:23"}
{"ip":"::1","level":"info","message":"GET /api/health","service":"user-service","timestamp":"2025-07-21 09:27:53"}
{"ip":"::1","level":"info","message":"GET /api/health","service":"user-service","timestamp":"2025-07-21 09:28:23"}
{"ip":"::1","level":"info","message":"GET /api/health","service":"user-service","timestamp":"2025-07-21 09:28:53"}
{"ip":"::1","level":"info","message":"GET /api/health","service":"user-service","timestamp":"2025-07-21 09:29:24"}
{"ip":"::1","level":"info","message":"GET /api/health","service":"user-service","timestamp":"2025-07-21 09:29:54"}
{"ip":"::1","level":"info","message":"GET /api/health","service":"user-service","timestamp":"2025-07-21 09:30:24"}
{"ip":"::1","level":"info","message":"GET /api/health","service":"user-service","timestamp":"2025-07-21 09:30:54"}
{"ip":"::1","level":"info","message":"GET /api/health","service":"user-service","timestamp":"2025-07-21 09:31:24"}
{"ip":"::1","level":"info","message":"GET /api/health","service":"user-service","timestamp":"2025-07-21 09:31:55"}
{"ip":"::1","level":"info","message":"GET /api/health","service":"user-service","timestamp":"2025-07-21 09:32:25"}
{"ip":"::1","level":"info","message":"GET /api/health","service":"user-service","timestamp":"2025-07-21 09:32:55"}
{"ip":"::1","level":"info","message":"GET /api/health","service":"user-service","timestamp":"2025-07-21 09:33:25"}
{"ip":"::1","level":"info","message":"GET /api/health","service":"user-service","timestamp":"2025-07-21 09:33:55"}
{"ip":"::1","level":"info","message":"GET /api/health","service":"user-service","timestamp":"2025-07-21 09:34:26"}
{"ip":"::1","level":"info","message":"GET /api/health","service":"user-service","timestamp":"2025-07-21 09:34:56"}
{"ip":"::1","level":"info","message":"GET /api/health","service":"user-service","timestamp":"2025-07-21 09:35:26"}
{"ip":"::1","level":"info","message":"GET /api/health","service":"user-service","timestamp":"2025-07-21 09:35:56"}
{"ip":"::1","level":"info","message":"GET /api/health","service":"user-service","timestamp":"2025-07-21 09:36:26"}
{"ip":"::1","level":"info","message":"GET /api/health","service":"user-service","timestamp":"2025-07-21 09:36:56"}
{"ip":"::1","level":"info","message":"GET /api/health","service":"user-service","timestamp":"2025-07-21 09:37:27"}
{"ip":"::1","level":"info","message":"GET /api/health","service":"user-service","timestamp":"2025-07-21 09:37:57"}
{"ip":"::1","level":"info","message":"GET /api/health","service":"user-service","timestamp":"2025-07-21 09:38:27"}
{"ip":"::1","level":"info","message":"GET /api/health","service":"user-service","timestamp":"2025-07-21 09:38:57"}
{"ip":"::1","level":"info","message":"GET /api/health","service":"user-service","timestamp":"2025-07-21 09:39:27"}
{"ip":"::1","level":"info","message":"GET /api/health","service":"user-service","timestamp":"2025-07-21 09:39:58"}
{"ip":"::1","level":"info","message":"GET /api/health","service":"user-service","timestamp":"2025-07-21 09:40:28"}
{"ip":"::1","level":"info","message":"GET /api/health","service":"user-service","timestamp":"2025-07-21 09:40:58"}
{"ip":"::1","level":"info","message":"GET /api/health","service":"user-service","timestamp":"2025-07-21 09:41:28"}
{"ip":"::1","level":"info","message":"GET /api/health","service":"user-service","timestamp":"2025-07-21 09:41:59"}
{"ip":"::1","level":"info","message":"GET /api/health","service":"user-service","timestamp":"2025-07-21 09:42:29"}
{"ip":"::1","level":"info","message":"GET /api/health","service":"user-service","timestamp":"2025-07-21 09:42:59"}
{"ip":"::1","level":"info","message":"GET /api/health","service":"user-service","timestamp":"2025-07-21 09:43:29"}
{"ip":"::1","level":"info","message":"GET /api/health","service":"user-service","timestamp":"2025-07-21 09:43:59"}
{"ip":"::1","level":"info","message":"GET /api/health","service":"user-service","timestamp":"2025-07-21 09:44:30"}
{"ip":"::1","level":"info","message":"GET /api/health","service":"user-service","timestamp":"2025-07-21 09:45:00"}
{"ip":"::1","level":"info","message":"GET /api/health","service":"user-service","timestamp":"2025-07-21 09:45:30"}
{"ip":"::1","level":"info","message":"GET /api/health","service":"user-service","timestamp":"2025-07-21 09:46:00"}
{"ip":"::1","level":"info","message":"GET /api/health","service":"user-service","timestamp":"2025-07-21 09:46:30"}
{"ip":"::1","level":"info","message":"GET /api/health","service":"user-service","timestamp":"2025-07-21 09:47:01"}
{"ip":"::1","level":"info","message":"GET /api/health","service":"user-service","timestamp":"2025-07-21 09:47:31"}
{"ip":"::1","level":"info","message":"GET /api/health","service":"user-service","timestamp":"2025-07-21 09:48:01"}
{"ip":"::1","level":"info","message":"GET /api/health","service":"user-service","timestamp":"2025-07-21 09:48:31"}
{"ip":"::1","level":"info","message":"GET /api/health","service":"user-service","timestamp":"2025-07-21 09:49:01"}
{"ip":"::1","level":"info","message":"GET /api/health","service":"user-service","timestamp":"2025-07-21 09:49:31"}
{"ip":"::1","level":"info","message":"GET /api/health","service":"user-service","timestamp":"2025-07-21 09:50:02"}
{"ip":"::1","level":"info","message":"GET /api/health","service":"user-service","timestamp":"2025-07-21 09:50:32"}
{"ip":"::1","level":"info","message":"GET /api/health","service":"user-service","timestamp":"2025-07-21 09:51:02"}
{"ip":"::1","level":"info","message":"GET /api/health","service":"user-service","timestamp":"2025-07-21 09:51:32"}
{"ip":"::1","level":"info","message":"GET /api/health","service":"user-service","timestamp":"2025-07-21 09:52:02"}
{"ip":"::1","level":"info","message":"GET /api/health","service":"user-service","timestamp":"2025-07-21 09:52:33"}
{"ip":"::1","level":"info","message":"GET /api/health","service":"user-service","timestamp":"2025-07-21 09:53:03"}
{"ip":"::1","level":"info","message":"GET /api/health","service":"user-service","timestamp":"2025-07-21 09:53:33"}
{"ip":"::1","level":"info","message":"GET /api/health","service":"user-service","timestamp":"2025-07-21 09:54:03"}
{"ip":"::1","level":"info","message":"GET /api/health","service":"user-service","timestamp":"2025-07-21 09:54:33"}
{"ip":"::1","level":"info","message":"GET /api/health","service":"user-service","timestamp":"2025-07-21 09:55:04"}
{"ip":"::1","level":"info","message":"GET /api/health","service":"user-service","timestamp":"2025-07-21 09:55:34"}
{"ip":"::1","level":"info","message":"GET /api/health","service":"user-service","timestamp":"2025-07-21 09:56:04"}
{"ip":"::1","level":"info","message":"GET /api/health","service":"user-service","timestamp":"2025-07-21 09:56:34"}
{"ip":"::1","level":"info","message":"GET /api/health","service":"user-service","timestamp":"2025-07-21 09:57:04"}
{"ip":"::1","level":"info","message":"GET /api/health","service":"user-service","timestamp":"2025-07-21 09:57:35"}
{"ip":"::1","level":"info","message":"GET /api/health","service":"user-service","timestamp":"2025-07-21 09:58:05"}
{"ip":"::1","level":"info","message":"GET /api/health","service":"user-service","timestamp":"2025-07-21 09:58:35"}
{"ip":"::1","level":"info","message":"GET /api/health","service":"user-service","timestamp":"2025-07-21 09:59:05"}
{"ip":"::1","level":"info","message":"GET /api/health","service":"user-service","timestamp":"2025-07-21 09:59:35"}
{"ip":"::1","level":"info","message":"GET /api/health","service":"user-service","timestamp":"2025-07-21 10:00:06"}
{"ip":"::1","level":"info","message":"GET /api/health","service":"user-service","timestamp":"2025-07-21 10:00:36"}
{"ip":"::1","level":"info","message":"GET /api/health","service":"user-service","timestamp":"2025-07-21 10:01:06"}
{"ip":"::1","level":"info","message":"GET /api/health","service":"user-service","timestamp":"2025-07-21 10:01:36"}
{"ip":"::1","level":"info","message":"GET /api/health","service":"user-service","timestamp":"2025-07-21 10:02:06"}
{"ip":"::1","level":"info","message":"GET /api/health","service":"user-service","timestamp":"2025-07-21 10:02:37"}
{"ip":"::1","level":"info","message":"GET /api/health","service":"user-service","timestamp":"2025-07-21 10:03:07"}
{"ip":"::1","level":"info","message":"GET /api/health","service":"user-service","timestamp":"2025-07-21 10:03:37"}
{"ip":"::1","level":"info","message":"GET /api/health","service":"user-service","timestamp":"2025-07-21 10:04:07"}
{"ip":"::1","level":"info","message":"GET /api/health","service":"user-service","timestamp":"2025-07-21 10:04:37"}
{"ip":"::1","level":"info","message":"GET /api/health","service":"user-service","timestamp":"2025-07-21 10:05:08"}
{"ip":"::1","level":"info","message":"GET /api/health","service":"user-service","timestamp":"2025-07-21 10:05:38"}
{"ip":"::1","level":"info","message":"GET /api/health","service":"user-service","timestamp":"2025-07-21 10:06:08"}
{"ip":"::1","level":"info","message":"GET /api/health","service":"user-service","timestamp":"2025-07-21 10:06:38"}
{"ip":"::1","level":"info","message":"GET /api/health","service":"user-service","timestamp":"2025-07-21 10:07:08"}
{"ip":"::1","level":"info","message":"GET /api/health","service":"user-service","timestamp":"2025-07-21 10:07:39"}
{"ip":"::1","level":"info","message":"GET /api/health","service":"user-service","timestamp":"2025-07-21 10:08:09"}
{"ip":"::1","level":"info","message":"GET /api/health","service":"user-service","timestamp":"2025-07-21 10:08:39"}
{"ip":"::1","level":"info","message":"GET /api/health","service":"user-service","timestamp":"2025-07-21 10:09:09"}
{"ip":"::1","level":"info","message":"GET /api/health","service":"user-service","timestamp":"2025-07-21 10:09:40"}
{"ip":"::1","level":"info","message":"GET /api/health","service":"user-service","timestamp":"2025-07-21 10:10:10"}
{"ip":"::1","level":"info","message":"GET /api/health","service":"user-service","timestamp":"2025-07-21 10:10:40"}
{"ip":"::1","level":"info","message":"GET /api/health","service":"user-service","timestamp":"2025-07-21 10:11:10"}
{"ip":"::1","level":"info","message":"GET /api/health","service":"user-service","timestamp":"2025-07-21 10:11:40"}
{"ip":"::1","level":"info","message":"GET /api/health","service":"user-service","timestamp":"2025-07-21 10:12:10"}
{"ip":"::1","level":"info","message":"GET /api/health","service":"user-service","timestamp":"2025-07-21 10:12:41"}
{"ip":"::1","level":"info","message":"GET /api/health","service":"user-service","timestamp":"2025-07-21 10:13:11"}
{"ip":"::1","level":"info","message":"GET /api/health","service":"user-service","timestamp":"2025-07-21 10:13:41"}
{"ip":"::1","level":"info","message":"GET /api/health","service":"user-service","timestamp":"2025-07-21 10:14:11"}
{"ip":"::1","level":"info","message":"GET /api/health","service":"user-service","timestamp":"2025-07-21 10:14:41"}
{"ip":"::1","level":"info","message":"GET /api/health","service":"user-service","timestamp":"2025-07-21 10:15:12"}
{"ip":"::1","level":"info","message":"GET /api/health","service":"user-service","timestamp":"2025-07-21 10:15:42"}
{"ip":"::1","level":"info","message":"GET /api/health","service":"user-service","timestamp":"2025-07-21 10:16:12"}
{"ip":"::1","level":"info","message":"GET /api/health","service":"user-service","timestamp":"2025-07-21 10:16:42"}
{"ip":"::1","level":"info","message":"GET /api/health","service":"user-service","timestamp":"2025-07-21 10:17:12"}
{"ip":"::1","level":"info","message":"GET /api/health","service":"user-service","timestamp":"2025-07-21 10:17:43"}
{"ip":"::1","level":"info","message":"GET /api/health","service":"user-service","timestamp":"2025-07-21 10:18:13"}
{"ip":"::1","level":"info","message":"GET /api/health","service":"user-service","timestamp":"2025-07-21 10:18:43"}
{"ip":"::1","level":"info","message":"GET /api/health","service":"user-service","timestamp":"2025-07-21 10:19:13"}
{"ip":"::1","level":"info","message":"GET /api/health","service":"user-service","timestamp":"2025-07-21 10:19:43"}
{"ip":"::1","level":"info","message":"GET /api/health","service":"user-service","timestamp":"2025-07-21 10:20:14"}
{"ip":"::1","level":"info","message":"GET /api/health","service":"user-service","timestamp":"2025-07-21 10:20:44"}
{"ip":"::1","level":"info","message":"GET /api/health","service":"user-service","timestamp":"2025-07-21 10:21:14"}
{"ip":"::1","level":"info","message":"GET /api/health","service":"user-service","timestamp":"2025-07-21 10:21:44"}
{"ip":"::1","level":"info","message":"GET /api/health","service":"user-service","timestamp":"2025-07-21 10:22:15"}
{"ip":"::1","level":"info","message":"GET /api/health","service":"user-service","timestamp":"2025-07-21 10:22:45"}
{"ip":"::1","level":"info","message":"GET /api/health","service":"user-service","timestamp":"2025-07-21 10:23:15"}
{"ip":"::1","level":"info","message":"GET /api/health","service":"user-service","timestamp":"2025-07-21 10:23:45"}
{"ip":"::1","level":"info","message":"GET /api/health","service":"user-service","timestamp":"2025-07-21 10:24:15"}
{"ip":"::1","level":"info","message":"GET /api/health","service":"user-service","timestamp":"2025-07-21 10:24:45"}
{"ip":"::1","level":"info","message":"GET /api/health","service":"user-service","timestamp":"2025-07-21 10:25:16"}
{"ip":"::1","level":"info","message":"GET /api/health","service":"user-service","timestamp":"2025-07-21 10:25:46"}
{"ip":"::1","level":"info","message":"GET /api/health","service":"user-service","timestamp":"2025-07-21 10:26:16"}
{"ip":"::1","level":"info","message":"GET /api/health","service":"user-service","timestamp":"2025-07-21 10:26:46"}
{"ip":"::1","level":"info","message":"GET /api/health","service":"user-service","timestamp":"2025-07-21 10:27:16"}
{"ip":"::1","level":"info","message":"GET /api/health","service":"user-service","timestamp":"2025-07-21 10:27:47"}
{"ip":"::1","level":"info","message":"GET /api/health","service":"user-service","timestamp":"2025-07-21 10:28:17"}
{"ip":"::1","level":"info","message":"GET /api/health","service":"user-service","timestamp":"2025-07-21 10:28:47"}
{"ip":"::1","level":"info","message":"GET /api/health","service":"user-service","timestamp":"2025-07-21 10:29:17"}
{"ip":"::1","level":"info","message":"GET /api/health","service":"user-service","timestamp":"2025-07-21 10:29:47"}
{"ip":"::1","level":"info","message":"GET /api/health","service":"user-service","timestamp":"2025-07-21 10:30:18"}
{"ip":"::1","level":"info","message":"GET /api/health","service":"user-service","timestamp":"2025-07-21 10:30:48"}
{"ip":"::1","level":"info","message":"GET /api/health","service":"user-service","timestamp":"2025-07-21 10:31:18"}
{"ip":"::1","level":"info","message":"GET /api/health","service":"user-service","timestamp":"2025-07-21 10:31:48"}
{"ip":"::1","level":"info","message":"GET /api/health","service":"user-service","timestamp":"2025-07-21 10:32:18"}
{"ip":"::1","level":"info","message":"GET /api/health","service":"user-service","timestamp":"2025-07-21 10:32:49"}
{"ip":"::1","level":"info","message":"GET /api/health","service":"user-service","timestamp":"2025-07-21 10:33:19"}
{"ip":"::1","level":"info","message":"GET /api/health","service":"user-service","timestamp":"2025-07-21 10:33:49"}
{"ip":"::1","level":"info","message":"GET /api/health","service":"user-service","timestamp":"2025-07-21 10:34:19"}
{"ip":"::1","level":"info","message":"GET /api/health","service":"user-service","timestamp":"2025-07-21 10:34:49"}
{"ip":"::1","level":"info","message":"GET /api/health","service":"user-service","timestamp":"2025-07-21 10:35:20"}
{"ip":"::1","level":"info","message":"GET /api/health","service":"user-service","timestamp":"2025-07-21 10:35:50"}
{"ip":"::1","level":"info","message":"GET /api/health","service":"user-service","timestamp":"2025-07-21 10:36:20"}
{"ip":"::1","level":"info","message":"GET /api/health","service":"user-service","timestamp":"2025-07-21 10:36:50"}
{"ip":"::1","level":"info","message":"GET /api/health","service":"user-service","timestamp":"2025-07-21 10:37:20"}
{"ip":"::1","level":"info","message":"GET /api/health","service":"user-service","timestamp":"2025-07-21 10:37:51"}
{"ip":"::1","level":"info","message":"GET /api/health","service":"user-service","timestamp":"2025-07-21 10:38:21"}
{"ip":"::1","level":"info","message":"GET /api/health","service":"user-service","timestamp":"2025-07-21 10:38:51"}
{"ip":"::1","level":"info","message":"GET /api/health","service":"user-service","timestamp":"2025-07-21 10:39:21"}
{"ip":"::1","level":"info","message":"GET /api/health","service":"user-service","timestamp":"2025-07-21 10:39:51"}
{"ip":"::1","level":"info","message":"GET /api/health","service":"user-service","timestamp":"2025-07-21 10:40:22"}
{"ip":"::1","level":"info","message":"GET /api/health","service":"user-service","timestamp":"2025-07-21 10:40:52"}
{"ip":"::1","level":"info","message":"GET /api/health","service":"user-service","timestamp":"2025-07-21 10:41:22"}
{"ip":"::1","level":"info","message":"GET /api/health","service":"user-service","timestamp":"2025-07-21 10:41:52"}
{"ip":"::1","level":"info","message":"GET /api/health","service":"user-service","timestamp":"2025-07-21 10:42:22"}
{"ip":"::1","level":"info","message":"GET /api/health","service":"user-service","timestamp":"2025-07-21 10:42:53"}
{"ip":"::1","level":"info","message":"GET /api/health","service":"user-service","timestamp":"2025-07-21 10:43:23"}
{"ip":"::1","level":"info","message":"GET /api/health","service":"user-service","timestamp":"2025-07-21 10:43:53"}
{"ip":"::1","level":"info","message":"GET /api/health","service":"user-service","timestamp":"2025-07-21 10:44:23"}
{"ip":"::1","level":"info","message":"GET /api/health","service":"user-service","timestamp":"2025-07-21 10:44:53"}
{"ip":"::1","level":"info","message":"GET /api/health","service":"user-service","timestamp":"2025-07-21 10:45:24"}
{"ip":"::1","level":"info","message":"GET /api/health","service":"user-service","timestamp":"2025-07-21 10:45:54"}
{"ip":"::1","level":"info","message":"GET /api/health","service":"user-service","timestamp":"2025-07-21 10:46:24"}
{"ip":"::1","level":"info","message":"GET /api/health","service":"user-service","timestamp":"2025-07-21 10:46:54"}
{"ip":"::1","level":"info","message":"GET /api/health","service":"user-service","timestamp":"2025-07-21 10:47:25"}
{"ip":"::1","level":"info","message":"GET /api/health","service":"user-service","timestamp":"2025-07-21 10:47:55"}
{"ip":"::1","level":"info","message":"GET /api/health","service":"user-service","timestamp":"2025-07-21 10:48:25"}
{"ip":"::1","level":"info","message":"GET /api/health","service":"user-service","timestamp":"2025-07-21 10:48:55"}
{"ip":"::1","level":"info","message":"GET /api/health","service":"user-service","timestamp":"2025-07-21 10:49:25"}
{"ip":"::1","level":"info","message":"GET /api/health","service":"user-service","timestamp":"2025-07-21 10:49:56"}
{"ip":"::1","level":"info","message":"GET /api/health","service":"user-service","timestamp":"2025-07-21 10:50:26"}
{"ip":"::1","level":"info","message":"GET /api/health","service":"user-service","timestamp":"2025-07-21 10:50:56"}
{"ip":"::1","level":"info","message":"GET /api/health","service":"user-service","timestamp":"2025-07-21 10:51:26"}
{"ip":"::1","level":"info","message":"GET /api/health","service":"user-service","timestamp":"2025-07-21 10:51:56"}
{"ip":"::1","level":"info","message":"GET /api/health","service":"user-service","timestamp":"2025-07-21 10:52:27"}
{"ip":"::1","level":"info","message":"GET /api/health","service":"user-service","timestamp":"2025-07-21 10:52:57"}
{"ip":"::1","level":"info","message":"GET /api/health","service":"user-service","timestamp":"2025-07-21 10:53:27"}
{"ip":"::1","level":"info","message":"GET /api/health","service":"user-service","timestamp":"2025-07-21 10:53:57"}
{"ip":"::1","level":"info","message":"GET /api/health","service":"user-service","timestamp":"2025-07-21 10:54:27"}
{"ip":"::1","level":"info","message":"GET /api/health","service":"user-service","timestamp":"2025-07-21 10:54:58"}
{"ip":"::1","level":"info","message":"GET /api/health","service":"user-service","timestamp":"2025-07-21 10:55:28"}
{"ip":"::1","level":"info","message":"GET /api/health","service":"user-service","timestamp":"2025-07-21 10:55:58"}
{"ip":"::1","level":"info","message":"GET /api/health","service":"user-service","timestamp":"2025-07-21 10:56:28"}
{"ip":"::1","level":"info","message":"GET /api/health","service":"user-service","timestamp":"2025-07-21 10:56:59"}
{"ip":"::1","level":"info","message":"GET /api/health","service":"user-service","timestamp":"2025-07-21 10:57:29"}
{"ip":"::1","level":"info","message":"GET /api/health","service":"user-service","timestamp":"2025-07-21 10:57:59"}
{"ip":"::1","level":"info","message":"GET /api/health","service":"user-service","timestamp":"2025-07-21 10:58:29"}
{"ip":"::1","level":"info","message":"GET /api/health","service":"user-service","timestamp":"2025-07-21 10:58:59"}
{"ip":"::1","level":"info","message":"GET /api/health","service":"user-service","timestamp":"2025-07-21 10:59:30"}
{"ip":"::1","level":"info","message":"GET /api/health","service":"user-service","timestamp":"2025-07-21 11:00:00"}
{"ip":"::1","level":"info","message":"GET /api/health","service":"user-service","timestamp":"2025-07-21 11:00:30"}
{"ip":"::1","level":"info","message":"GET /api/health","service":"user-service","timestamp":"2025-07-21 11:01:00"}
{"ip":"::1","level":"info","message":"GET /api/health","service":"user-service","timestamp":"2025-07-21 11:01:30"}
{"ip":"::1","level":"info","message":"GET /api/health","service":"user-service","timestamp":"2025-07-21 11:02:01"}
{"ip":"::1","level":"info","message":"GET /api/health","service":"user-service","timestamp":"2025-07-21 11:02:31"}
{"ip":"::1","level":"info","message":"GET /api/health","service":"user-service","timestamp":"2025-07-21 11:03:01"}
{"ip":"::1","level":"info","message":"GET /api/health","service":"user-service","timestamp":"2025-07-21 11:03:31"}
{"ip":"::1","level":"info","message":"GET /api/health","service":"user-service","timestamp":"2025-07-21 11:04:02"}
{"ip":"::1","level":"info","message":"GET /api/health","service":"user-service","timestamp":"2025-07-21 11:04:32"}
{"ip":"::1","level":"info","message":"GET /api/health","service":"user-service","timestamp":"2025-07-21 11:05:02"}
{"ip":"::1","level":"info","message":"GET /api/health","service":"user-service","timestamp":"2025-07-21 11:05:32"}
{"ip":"::1","level":"info","message":"GET /api/health","service":"user-service","timestamp":"2025-07-21 11:06:03"}
{"ip":"::1","level":"info","message":"GET /api/health","service":"user-service","timestamp":"2025-07-21 11:06:33"}
{"ip":"::1","level":"info","message":"GET /api/health","service":"user-service","timestamp":"2025-07-21 11:07:03"}
{"ip":"::1","level":"info","message":"GET /api/health","service":"user-service","timestamp":"2025-07-21 11:07:33"}
{"ip":"::1","level":"info","message":"GET /api/health","service":"user-service","timestamp":"2025-07-21 11:08:03"}
{"ip":"::1","level":"info","message":"GET /api/health","service":"user-service","timestamp":"2025-07-21 11:08:34"}
{"ip":"::1","level":"info","message":"GET /api/health","service":"user-service","timestamp":"2025-07-21 11:09:04"}
{"ip":"::1","level":"info","message":"GET /api/health","service":"user-service","timestamp":"2025-07-21 11:09:34"}
{"ip":"::1","level":"info","message":"GET /api/health","service":"user-service","timestamp":"2025-07-21 11:10:04"}
{"ip":"::1","level":"info","message":"GET /api/health","service":"user-service","timestamp":"2025-07-21 11:10:34"}
{"ip":"::1","level":"info","message":"GET /api/health","service":"user-service","timestamp":"2025-07-21 11:11:05"}
{"ip":"::1","level":"info","message":"GET /api/health","service":"user-service","timestamp":"2025-07-21 11:11:35"}
{"ip":"::1","level":"info","message":"GET /api/health","service":"user-service","timestamp":"2025-07-21 11:12:05"}
{"ip":"::1","level":"info","message":"GET /api/health","service":"user-service","timestamp":"2025-07-21 11:12:35"}
{"ip":"::1","level":"info","message":"GET /api/health","service":"user-service","timestamp":"2025-07-21 11:13:05"}
{"ip":"::1","level":"info","message":"GET /api/health","service":"user-service","timestamp":"2025-07-21 11:13:36"}
{"ip":"::1","level":"info","message":"GET /api/health","service":"user-service","timestamp":"2025-07-21 11:14:06"}
{"ip":"::1","level":"info","message":"GET /api/health","service":"user-service","timestamp":"2025-07-21 11:14:36"}
{"ip":"::1","level":"info","message":"GET /api/health","service":"user-service","timestamp":"2025-07-21 11:15:06"}
{"ip":"::1","level":"info","message":"GET /api/health","service":"user-service","timestamp":"2025-07-21 11:15:36"}
{"ip":"::1","level":"info","message":"GET /api/health","service":"user-service","timestamp":"2025-07-21 11:16:07"}
{"ip":"::1","level":"info","message":"GET /api/health","service":"user-service","timestamp":"2025-07-21 11:16:37"}
{"ip":"::1","level":"info","message":"GET /api/health","service":"user-service","timestamp":"2025-07-21 11:17:07"}
{"ip":"::1","level":"info","message":"GET /api/health","service":"user-service","timestamp":"2025-07-21 11:17:37"}
{"ip":"::1","level":"info","message":"GET /api/health","service":"user-service","timestamp":"2025-07-21 11:18:07"}
{"ip":"::1","level":"info","message":"GET /api/health","service":"user-service","timestamp":"2025-07-21 11:18:38"}
{"ip":"::1","level":"info","message":"GET /api/health","service":"user-service","timestamp":"2025-07-21 11:19:08"}
{"ip":"::1","level":"info","message":"GET /api/health","service":"user-service","timestamp":"2025-07-21 11:19:38"}
{"ip":"::1","level":"info","message":"GET /api/health","service":"user-service","timestamp":"2025-07-21 11:20:08"}
{"ip":"::1","level":"info","message":"GET /api/health","service":"user-service","timestamp":"2025-07-21 11:20:38"}
{"ip":"::1","level":"info","message":"GET /api/health","service":"user-service","timestamp":"2025-07-21 11:21:09"}
{"ip":"::1","level":"info","message":"GET /api/health","service":"user-service","timestamp":"2025-07-21 11:21:39"}
{"ip":"::1","level":"info","message":"GET /api/health","service":"user-service","timestamp":"2025-07-21 11:22:09"}
{"ip":"::1","level":"info","message":"GET /api/health","service":"user-service","timestamp":"2025-07-21 11:22:39"}
{"ip":"::1","level":"info","message":"GET /api/health","service":"user-service","timestamp":"2025-07-21 11:23:09"}
{"ip":"::1","level":"info","message":"GET /api/health","service":"user-service","timestamp":"2025-07-21 11:23:40"}
{"ip":"::1","level":"info","message":"GET /api/health","service":"user-service","timestamp":"2025-07-21 11:24:10"}
{"ip":"::1","level":"info","message":"GET /api/health","service":"user-service","timestamp":"2025-07-21 11:24:40"}
{"ip":"::1","level":"info","message":"GET /api/health","service":"user-service","timestamp":"2025-07-21 11:25:10"}
{"ip":"::1","level":"info","message":"GET /api/health","service":"user-service","timestamp":"2025-07-21 11:25:40"}
{"ip":"::1","level":"info","message":"GET /api/health","service":"user-service","timestamp":"2025-07-21 11:26:10"}
{"ip":"::1","level":"info","message":"GET /api/health","service":"user-service","timestamp":"2025-07-21 11:26:41"}
{"ip":"::1","level":"info","message":"GET /api/health","service":"user-service","timestamp":"2025-07-21 11:27:11"}
{"ip":"::1","level":"info","message":"GET /api/health","service":"user-service","timestamp":"2025-07-21 11:27:41"}
{"ip":"::1","level":"info","message":"GET /api/health","service":"user-service","timestamp":"2025-07-21 11:28:11"}
{"ip":"::1","level":"info","message":"GET /api/health","service":"user-service","timestamp":"2025-07-21 11:28:41"}
{"ip":"::1","level":"info","message":"GET /api/health","service":"user-service","timestamp":"2025-07-21 11:29:12"}
{"ip":"::1","level":"info","message":"GET /api/health","service":"user-service","timestamp":"2025-07-21 11:29:42"}
{"ip":"::1","level":"info","message":"GET /api/health","service":"user-service","timestamp":"2025-07-21 11:30:12"}
{"ip":"::1","level":"info","message":"GET /api/health","service":"user-service","timestamp":"2025-07-21 11:30:42"}
{"ip":"::1","level":"info","message":"GET /api/health","service":"user-service","timestamp":"2025-07-21 11:31:12"}
{"ip":"::1","level":"info","message":"GET /api/health","service":"user-service","timestamp":"2025-07-21 11:31:43"}
{"ip":"::1","level":"info","message":"GET /api/health","service":"user-service","timestamp":"2025-07-21 11:32:13"}
{"ip":"::1","level":"info","message":"GET /api/health","service":"user-service","timestamp":"2025-07-21 11:32:43"}
{"ip":"::1","level":"info","message":"GET /api/health","service":"user-service","timestamp":"2025-07-21 11:33:13"}
{"ip":"::1","level":"info","message":"GET /api/health","service":"user-service","timestamp":"2025-07-21 11:33:43"}
{"ip":"::1","level":"info","message":"GET /api/health","service":"user-service","timestamp":"2025-07-21 11:34:14"}
{"ip":"::1","level":"info","message":"GET /api/health","service":"user-service","timestamp":"2025-07-21 11:34:44"}
{"ip":"::1","level":"info","message":"GET /api/health","service":"user-service","timestamp":"2025-07-21 11:35:14"}
{"ip":"::1","level":"info","message":"GET /api/health","service":"user-service","timestamp":"2025-07-21 11:35:44"}
{"ip":"::1","level":"info","message":"GET /api/health","service":"user-service","timestamp":"2025-07-21 11:36:14"}
{"ip":"::1","level":"info","message":"GET /api/health","service":"user-service","timestamp":"2025-07-21 11:36:45"}
{"ip":"::1","level":"info","message":"GET /api/health","service":"user-service","timestamp":"2025-07-21 11:37:15"}
{"ip":"::1","level":"info","message":"GET /api/health","service":"user-service","timestamp":"2025-07-21 11:37:45"}
{"ip":"::1","level":"info","message":"GET /api/health","service":"user-service","timestamp":"2025-07-21 11:38:15"}
{"ip":"::1","level":"info","message":"GET /api/health","service":"user-service","timestamp":"2025-07-21 11:38:45"}
{"ip":"::1","level":"info","message":"GET /api/health","service":"user-service","timestamp":"2025-07-21 11:39:16"}
{"ip":"::1","level":"info","message":"GET /api/health","service":"user-service","timestamp":"2025-07-21 11:39:46"}
{"ip":"::1","level":"info","message":"GET /api/health","service":"user-service","timestamp":"2025-07-21 11:40:16"}
{"ip":"::1","level":"info","message":"GET /api/health","service":"user-service","timestamp":"2025-07-21 11:40:46"}
{"ip":"::1","level":"info","message":"GET /api/health","service":"user-service","timestamp":"2025-07-21 11:41:16"}
{"ip":"::1","level":"info","message":"GET /api/health","service":"user-service","timestamp":"2025-07-21 11:41:47"}
{"ip":"::1","level":"info","message":"GET /api/health","service":"user-service","timestamp":"2025-07-21 11:42:17"}
{"ip":"::1","level":"info","message":"GET /api/health","service":"user-service","timestamp":"2025-07-21 11:42:47"}
{"ip":"::1","level":"info","message":"GET /api/health","service":"user-service","timestamp":"2025-07-21 11:43:17"}
{"ip":"::1","level":"info","message":"GET /api/health","service":"user-service","timestamp":"2025-07-21 11:43:47"}
{"ip":"::1","level":"info","message":"GET /api/health","service":"user-service","timestamp":"2025-07-21 11:44:18"}
{"ip":"::1","level":"info","message":"GET /api/health","service":"user-service","timestamp":"2025-07-21 11:44:48"}
{"ip":"::1","level":"info","message":"GET /api/health","service":"user-service","timestamp":"2025-07-21 11:45:18"}
{"ip":"::1","level":"info","message":"GET /api/health","service":"user-service","timestamp":"2025-07-21 11:45:48"}
{"ip":"::1","level":"info","message":"GET /api/health","service":"user-service","timestamp":"2025-07-21 11:46:19"}
{"ip":"::1","level":"info","message":"GET /api/health","service":"user-service","timestamp":"2025-07-21 11:46:49"}
{"ip":"::1","level":"info","message":"GET /api/health","service":"user-service","timestamp":"2025-07-21 11:47:19"}
{"ip":"::1","level":"info","message":"GET /api/health","service":"user-service","timestamp":"2025-07-21 11:47:49"}
{"ip":"::1","level":"info","message":"GET /api/health","service":"user-service","timestamp":"2025-07-21 11:48:20"}
{"ip":"::1","level":"info","message":"GET /api/health","service":"user-service","timestamp":"2025-07-21 11:48:50"}
{"ip":"::1","level":"info","message":"GET /api/health","service":"user-service","timestamp":"2025-07-21 11:49:20"}
{"ip":"::1","level":"info","message":"GET /api/health","service":"user-service","timestamp":"2025-07-21 11:49:50"}
{"ip":"::1","level":"info","message":"GET /api/health","service":"user-service","timestamp":"2025-07-21 11:50:21"}
{"ip":"::1","level":"info","message":"GET /api/health","service":"user-service","timestamp":"2025-07-21 11:50:52"}
{"ip":"::1","level":"info","message":"GET /api/health","service":"user-service","timestamp":"2025-07-21 11:51:22"}
{"ip":"::1","level":"info","message":"GET /api/health","service":"user-service","timestamp":"2025-07-21 11:51:52"}
{"ip":"::1","level":"info","message":"GET /api/health","service":"user-service","timestamp":"2025-07-21 11:52:23"}
{"ip":"::1","level":"info","message":"GET /api/health","service":"user-service","timestamp":"2025-07-21 11:52:53"}
{"ip":"::1","level":"info","message":"GET /api/health","service":"user-service","timestamp":"2025-07-21 11:53:24"}
{"ip":"::1","level":"info","message":"GET /api/health","service":"user-service","timestamp":"2025-07-21 11:53:54"}
{"ip":"::1","level":"info","message":"GET /api/health","service":"user-service","timestamp":"2025-07-21 11:54:24"}
{"ip":"::1","level":"info","message":"GET /api/health","service":"user-service","timestamp":"2025-07-21 11:54:54"}
{"ip":"::1","level":"info","message":"GET /api/health","service":"user-service","timestamp":"2025-07-21 11:55:24"}
{"ip":"::1","level":"info","message":"GET /api/health","service":"user-service","timestamp":"2025-07-21 11:55:55"}
{"ip":"::1","level":"info","message":"GET /api/health","service":"user-service","timestamp":"2025-07-21 11:56:25"}
{"ip":"::1","level":"info","message":"GET /api/health","service":"user-service","timestamp":"2025-07-21 11:56:55"}
{"ip":"::1","level":"info","message":"GET /api/health","service":"user-service","timestamp":"2025-07-21 11:57:25"}
{"ip":"::1","level":"info","message":"GET /api/health","service":"user-service","timestamp":"2025-07-21 11:57:55"}
{"ip":"::1","level":"info","message":"GET /api/health","service":"user-service","timestamp":"2025-07-21 11:58:26"}
{"ip":"::1","level":"info","message":"GET /api/health","service":"user-service","timestamp":"2025-07-21 11:58:56"}
{"ip":"::1","level":"info","message":"GET /api/health","service":"user-service","timestamp":"2025-07-21 11:59:26"}
{"ip":"::1","level":"info","message":"GET /api/health","service":"user-service","timestamp":"2025-07-21 11:59:56"}
{"ip":"::1","level":"info","message":"GET /api/health","service":"user-service","timestamp":"2025-07-21 12:00:27"}
{"ip":"::1","level":"info","message":"GET /api/health","service":"user-service","timestamp":"2025-07-21 12:00:57"}
{"ip":"::1","level":"info","message":"GET /api/health","service":"user-service","timestamp":"2025-07-21 12:01:27"}
{"ip":"::1","level":"info","message":"GET /api/health","service":"user-service","timestamp":"2025-07-21 12:01:57"}
{"ip":"::1","level":"info","message":"GET /api/health","service":"user-service","timestamp":"2025-07-21 12:02:27"}
{"ip":"::1","level":"info","message":"GET /api/health","service":"user-service","timestamp":"2025-07-21 12:02:58"}
{"ip":"::1","level":"info","message":"GET /api/health","service":"user-service","timestamp":"2025-07-21 12:03:28"}
{"ip":"::1","level":"info","message":"GET /api/health","service":"user-service","timestamp":"2025-07-21 12:03:58"}
{"ip":"::1","level":"info","message":"GET /api/health","service":"user-service","timestamp":"2025-07-21 12:04:28"}
{"ip":"::1","level":"info","message":"GET /api/health","service":"user-service","timestamp":"2025-07-21 12:04:58"}
{"ip":"::1","level":"info","message":"GET /api/health","service":"user-service","timestamp":"2025-07-21 12:05:29"}
{"ip":"::1","level":"info","message":"GET /api/health","service":"user-service","timestamp":"2025-07-21 12:05:59"}
{"ip":"::1","level":"info","message":"GET /api/health","service":"user-service","timestamp":"2025-07-21 12:06:29"}
{"ip":"::1","level":"info","message":"GET /api/health","service":"user-service","timestamp":"2025-07-21 12:06:59"}
{"ip":"::1","level":"info","message":"GET /api/health","service":"user-service","timestamp":"2025-07-21 12:07:29"}
{"ip":"::1","level":"info","message":"GET /api/health","service":"user-service","timestamp":"2025-07-21 12:08:00"}
{"ip":"::1","level":"info","message":"GET /api/health","service":"user-service","timestamp":"2025-07-21 12:08:30"}
{"ip":"::1","level":"info","message":"GET /api/health","service":"user-service","timestamp":"2025-07-21 12:09:00"}
{"ip":"::1","level":"info","message":"GET /api/health","service":"user-service","timestamp":"2025-07-21 12:09:31"}
{"ip":"::1","level":"info","message":"GET /api/health","service":"user-service","timestamp":"2025-07-21 12:10:01"}
{"ip":"::1","level":"info","message":"GET /api/health","service":"user-service","timestamp":"2025-07-21 12:10:31"}
{"ip":"::1","level":"info","message":"GET /api/health","service":"user-service","timestamp":"2025-07-21 12:11:02"}
{"ip":"::1","level":"info","message":"GET /api/health","service":"user-service","timestamp":"2025-07-21 12:11:32"}
{"ip":"::1","level":"info","message":"GET /api/health","service":"user-service","timestamp":"2025-07-21 12:12:02"}
{"ip":"::1","level":"info","message":"GET /api/health","service":"user-service","timestamp":"2025-07-21 12:12:33"}
{"ip":"::1","level":"info","message":"GET /api/health","service":"user-service","timestamp":"2025-07-21 12:13:03"}
{"ip":"::1","level":"info","message":"GET /api/health","service":"user-service","timestamp":"2025-07-21 12:13:33"}
{"ip":"::1","level":"info","message":"GET /api/health","service":"user-service","timestamp":"2025-07-21 12:14:03"}
{"ip":"::1","level":"info","message":"GET /api/health","service":"user-service","timestamp":"2025-07-21 12:14:33"}
{"ip":"::1","level":"info","message":"GET /api/health","service":"user-service","timestamp":"2025-07-21 12:15:04"}
{"ip":"::1","level":"info","message":"GET /api/health","service":"user-service","timestamp":"2025-07-21 12:15:34"}
{"ip":"::1","level":"info","message":"GET /api/health","service":"user-service","timestamp":"2025-07-21 12:16:04"}
{"ip":"::1","level":"info","message":"GET /api/health","service":"user-service","timestamp":"2025-07-21 12:16:34"}
{"ip":"::1","level":"info","message":"GET /api/health","service":"user-service","timestamp":"2025-07-21 12:17:05"}
{"ip":"::1","level":"info","message":"GET /api/health","service":"user-service","timestamp":"2025-07-21 12:17:35"}
{"ip":"::1","level":"info","message":"GET /api/health","service":"user-service","timestamp":"2025-07-21 12:18:05"}
{"ip":"::1","level":"info","message":"GET /api/health","service":"user-service","timestamp":"2025-07-21 12:18:36"}
{"ip":"::1","level":"info","message":"GET /api/health","service":"user-service","timestamp":"2025-07-21 12:19:06"}
{"ip":"::1","level":"info","message":"GET /api/health","service":"user-service","timestamp":"2025-07-21 12:19:36"}
{"ip":"::1","level":"info","message":"GET /api/health","service":"user-service","timestamp":"2025-07-21 12:20:06"}
{"ip":"::1","level":"info","message":"GET /api/health","service":"user-service","timestamp":"2025-07-21 12:20:37"}
{"ip":"::1","level":"info","message":"GET /api/health","service":"user-service","timestamp":"2025-07-21 12:21:07"}
{"ip":"::1","level":"info","message":"GET /api/health","service":"user-service","timestamp":"2025-07-21 12:21:37"}
{"ip":"::1","level":"info","message":"GET /api/health","service":"user-service","timestamp":"2025-07-21 12:22:07"}
{"ip":"::1","level":"info","message":"GET /api/health","service":"user-service","timestamp":"2025-07-21 12:22:38"}
{"ip":"::1","level":"info","message":"GET /api/health","service":"user-service","timestamp":"2025-07-21 12:23:08"}
{"ip":"::1","level":"info","message":"GET /api/health","service":"user-service","timestamp":"2025-07-21 12:23:38"}
{"ip":"::1","level":"info","message":"GET /api/health","service":"user-service","timestamp":"2025-07-21 12:24:08"}
{"ip":"::1","level":"info","message":"GET /api/health","service":"user-service","timestamp":"2025-07-21 12:24:39"}
{"ip":"::1","level":"info","message":"GET /api/health","service":"user-service","timestamp":"2025-07-21 12:25:09"}
{"ip":"::1","level":"info","message":"GET /api/health","service":"user-service","timestamp":"2025-07-21 12:25:39"}
{"ip":"::1","level":"info","message":"GET /api/health","service":"user-service","timestamp":"2025-07-21 12:26:09"}
{"ip":"::1","level":"info","message":"GET /api/health","service":"user-service","timestamp":"2025-07-21 12:26:39"}
{"ip":"::1","level":"info","message":"GET /api/health","service":"user-service","timestamp":"2025-07-21 12:27:10"}
{"ip":"::1","level":"info","message":"GET /api/health","service":"user-service","timestamp":"2025-07-21 12:27:40"}
{"ip":"::1","level":"info","message":"GET /api/health","service":"user-service","timestamp":"2025-07-21 12:28:10"}
{"ip":"::1","level":"info","message":"GET /api/health","service":"user-service","timestamp":"2025-07-21 12:28:40"}
{"ip":"::1","level":"info","message":"GET /api/health","service":"user-service","timestamp":"2025-07-21 12:29:10"}
{"ip":"::1","level":"info","message":"GET /api/health","service":"user-service","timestamp":"2025-07-21 12:29:41"}
{"ip":"::1","level":"info","message":"GET /api/health","service":"user-service","timestamp":"2025-07-21 12:30:11"}
{"ip":"::1","level":"info","message":"GET /api/health","service":"user-service","timestamp":"2025-07-21 12:30:41"}
{"ip":"::1","level":"info","message":"GET /api/health","service":"user-service","timestamp":"2025-07-21 12:31:11"}
{"ip":"::1","level":"info","message":"GET /api/health","service":"user-service","timestamp":"2025-07-21 12:31:41"}
{"ip":"::1","level":"info","message":"GET /api/health","service":"user-service","timestamp":"2025-07-21 12:32:12"}
{"ip":"::1","level":"info","message":"GET /api/health","service":"user-service","timestamp":"2025-07-21 12:32:42"}
{"ip":"::1","level":"info","message":"GET /api/health","service":"user-service","timestamp":"2025-07-21 12:33:12"}
{"ip":"::1","level":"info","message":"GET /api/health","service":"user-service","timestamp":"2025-07-21 12:33:43"}
{"ip":"::1","level":"info","message":"GET /api/health","service":"user-service","timestamp":"2025-07-21 12:34:13"}
{"ip":"::1","level":"info","message":"GET /api/health","service":"user-service","timestamp":"2025-07-21 12:34:43"}
{"ip":"::1","level":"info","message":"GET /api/health","service":"user-service","timestamp":"2025-07-21 12:35:14"}
{"ip":"::1","level":"info","message":"GET /api/health","service":"user-service","timestamp":"2025-07-21 12:35:44"}
{"ip":"::1","level":"info","message":"GET /api/health","service":"user-service","timestamp":"2025-07-21 12:36:14"}
{"ip":"::1","level":"info","message":"GET /api/health","service":"user-service","timestamp":"2025-07-21 12:36:45"}
{"ip":"::1","level":"info","message":"GET /api/health","service":"user-service","timestamp":"2025-07-21 12:37:15"}
{"ip":"::1","level":"info","message":"GET /api/health","service":"user-service","timestamp":"2025-07-21 12:37:45"}
{"ip":"::1","level":"info","message":"GET /api/health","service":"user-service","timestamp":"2025-07-21 12:38:15"}
{"ip":"::1","level":"info","message":"GET /api/health","service":"user-service","timestamp":"2025-07-21 12:38:46"}
{"ip":"::1","level":"info","message":"GET /api/health","service":"user-service","timestamp":"2025-07-21 12:39:16"}
{"ip":"::1","level":"info","message":"GET /api/health","service":"user-service","timestamp":"2025-07-21 12:39:46"}
{"ip":"::1","level":"info","message":"GET /api/health","service":"user-service","timestamp":"2025-07-21 12:40:16"}
{"ip":"::1","level":"info","message":"GET /api/health","service":"user-service","timestamp":"2025-07-21 12:40:47"}
{"ip":"::1","level":"info","message":"GET /api/health","service":"user-service","timestamp":"2025-07-21 12:41:17"}
{"ip":"::1","level":"info","message":"GET /api/health","service":"user-service","timestamp":"2025-07-21 12:41:47"}
{"ip":"::1","level":"info","message":"GET /api/health","service":"user-service","timestamp":"2025-07-21 12:42:17"}
{"ip":"::1","level":"info","message":"GET /api/health","service":"user-service","timestamp":"2025-07-21 12:42:48"}
{"ip":"::1","level":"info","message":"GET /api/health","service":"user-service","timestamp":"2025-07-21 12:43:18"}
{"ip":"::1","level":"info","message":"GET /api/health","service":"user-service","timestamp":"2025-07-21 12:43:48"}
{"ip":"::1","level":"info","message":"GET /api/health","service":"user-service","timestamp":"2025-07-21 12:44:18"}
{"ip":"::1","level":"info","message":"GET /api/health","service":"user-service","timestamp":"2025-07-21 12:44:48"}
{"ip":"::1","level":"info","message":"GET /api/health","service":"user-service","timestamp":"2025-07-21 12:45:19"}
{"ip":"::1","level":"info","message":"GET /api/health","service":"user-service","timestamp":"2025-07-21 12:45:49"}
{"ip":"::1","level":"info","message":"GET /api/health","service":"user-service","timestamp":"2025-07-21 12:46:19"}
{"ip":"::1","level":"info","message":"GET /api/health","service":"user-service","timestamp":"2025-07-21 12:46:49"}
{"ip":"::1","level":"info","message":"GET /api/health","service":"user-service","timestamp":"2025-07-21 12:47:19"}
{"ip":"::1","level":"info","message":"GET /api/health","service":"user-service","timestamp":"2025-07-21 12:47:50"}
{"ip":"::1","level":"info","message":"GET /api/health","service":"user-service","timestamp":"2025-07-21 12:48:20"}
{"ip":"::1","level":"info","message":"GET /api/health","service":"user-service","timestamp":"2025-07-21 12:48:50"}
{"ip":"::1","level":"info","message":"GET /api/health","service":"user-service","timestamp":"2025-07-21 12:49:20"}
{"ip":"::1","level":"info","message":"GET /api/health","service":"user-service","timestamp":"2025-07-21 12:49:50"}
{"ip":"::1","level":"info","message":"GET /api/health","service":"user-service","timestamp":"2025-07-21 12:50:21"}
{"ip":"::1","level":"info","message":"GET /api/health","service":"user-service","timestamp":"2025-07-21 12:50:51"}
{"ip":"::1","level":"info","message":"GET /api/health","service":"user-service","timestamp":"2025-07-21 12:51:21"}
{"ip":"::1","level":"info","message":"GET /api/health","service":"user-service","timestamp":"2025-07-21 12:51:51"}
{"ip":"::1","level":"info","message":"GET /api/health","service":"user-service","timestamp":"2025-07-21 12:52:22"}
{"ip":"::1","level":"info","message":"GET /api/health","service":"user-service","timestamp":"2025-07-21 12:52:52"}
{"ip":"::1","level":"info","message":"GET /api/health","service":"user-service","timestamp":"2025-07-21 12:53:22"}
{"ip":"::1","level":"info","message":"GET /api/health","service":"user-service","timestamp":"2025-07-21 12:53:52"}
{"ip":"::1","level":"info","message":"GET /api/health","service":"user-service","timestamp":"2025-07-21 12:54:22"}
{"ip":"::1","level":"info","message":"GET /api/health","service":"user-service","timestamp":"2025-07-21 12:54:53"}
{"ip":"::1","level":"info","message":"GET /api/health","service":"user-service","timestamp":"2025-07-21 12:55:23"}
{"ip":"::1","level":"info","message":"GET /api/health","service":"user-service","timestamp":"2025-07-21 12:55:53"}
{"ip":"::1","level":"info","message":"GET /api/health","service":"user-service","timestamp":"2025-07-21 12:56:23"}
{"ip":"::1","level":"info","message":"GET /api/health","service":"user-service","timestamp":"2025-07-21 12:56:53"}
{"ip":"::1","level":"info","message":"GET /api/health","service":"user-service","timestamp":"2025-07-21 12:57:24"}
{"ip":"::1","level":"info","message":"GET /api/health","service":"user-service","timestamp":"2025-07-21 12:57:54"}
{"ip":"::1","level":"info","message":"GET /api/health","service":"user-service","timestamp":"2025-07-21 12:58:24"}
{"ip":"::1","level":"info","message":"GET /api/health","service":"user-service","timestamp":"2025-07-21 12:58:54"}
{"ip":"::1","level":"info","message":"GET /api/health","service":"user-service","timestamp":"2025-07-21 12:59:25"}
{"ip":"::1","level":"info","message":"GET /api/health","service":"user-service","timestamp":"2025-07-21 12:59:55"}
{"ip":"::1","level":"info","message":"GET /api/health","service":"user-service","timestamp":"2025-07-21 13:00:25"}
{"ip":"::1","level":"info","message":"GET /api/health","service":"user-service","timestamp":"2025-07-21 13:00:55"}
{"ip":"::1","level":"info","message":"GET /api/health","service":"user-service","timestamp":"2025-07-21 13:01:25"}
{"ip":"::1","level":"info","message":"GET /api/health","service":"user-service","timestamp":"2025-07-21 13:01:56"}
{"ip":"::1","level":"info","message":"GET /api/health","service":"user-service","timestamp":"2025-07-21 13:02:26"}
{"ip":"::1","level":"info","message":"GET /api/health","service":"user-service","timestamp":"2025-07-21 13:02:56"}
{"ip":"::1","level":"info","message":"GET /api/health","service":"user-service","timestamp":"2025-07-21 13:03:26"}
{"ip":"::1","level":"info","message":"GET /api/health","service":"user-service","timestamp":"2025-07-21 13:03:57"}
{"ip":"::1","level":"info","message":"GET /api/health","service":"user-service","timestamp":"2025-07-21 13:04:27"}
{"ip":"::1","level":"info","message":"GET /api/health","service":"user-service","timestamp":"2025-07-21 13:04:57"}
{"ip":"::1","level":"info","message":"GET /api/health","service":"user-service","timestamp":"2025-07-21 13:05:28"}
{"ip":"::1","level":"info","message":"GET /api/health","service":"user-service","timestamp":"2025-07-21 13:05:58"}
{"ip":"::1","level":"info","message":"GET /api/health","service":"user-service","timestamp":"2025-07-21 13:06:28"}
{"ip":"::1","level":"info","message":"GET /api/health","service":"user-service","timestamp":"2025-07-21 13:06:58"}
{"ip":"::1","level":"info","message":"GET /api/health","service":"user-service","timestamp":"2025-07-21 13:07:29"}
{"ip":"::1","level":"info","message":"GET /api/health","service":"user-service","timestamp":"2025-07-21 13:07:59"}
{"ip":"::1","level":"info","message":"GET /api/health","service":"user-service","timestamp":"2025-07-21 13:08:29"}
{"ip":"::1","level":"info","message":"GET /api/health","service":"user-service","timestamp":"2025-07-21 13:08:59"}
{"ip":"::1","level":"info","message":"GET /api/health","service":"user-service","timestamp":"2025-07-21 13:09:30"}
{"ip":"::1","level":"info","message":"GET /api/health","service":"user-service","timestamp":"2025-07-21 13:10:00"}
{"ip":"::1","level":"info","message":"GET /api/health","service":"user-service","timestamp":"2025-07-21 13:10:30"}
{"ip":"::1","level":"info","message":"GET /api/health","service":"user-service","timestamp":"2025-07-21 13:11:01"}
{"ip":"::1","level":"info","message":"GET /api/health","service":"user-service","timestamp":"2025-07-21 13:11:31"}
{"ip":"::1","level":"info","message":"GET /api/health","service":"user-service","timestamp":"2025-07-21 13:12:01"}
{"ip":"::1","level":"info","message":"GET /api/health","service":"user-service","timestamp":"2025-07-21 13:12:32"}
{"ip":"::1","level":"info","message":"GET /api/health","service":"user-service","timestamp":"2025-07-21 13:13:02"}
{"ip":"::1","level":"info","message":"GET /api/health","service":"user-service","timestamp":"2025-07-21 13:13:32"}
{"ip":"::1","level":"info","message":"GET /api/health","service":"user-service","timestamp":"2025-07-21 13:14:03"}
{"ip":"::1","level":"info","message":"GET /api/health","service":"user-service","timestamp":"2025-07-21 13:14:33"}
{"ip":"::1","level":"info","message":"GET /api/health","service":"user-service","timestamp":"2025-07-21 13:15:04"}
{"ip":"::1","level":"info","message":"GET /api/health","service":"user-service","timestamp":"2025-07-21 13:15:34"}
{"ip":"::1","level":"info","message":"GET /api/health","service":"user-service","timestamp":"2025-07-21 13:16:04"}
{"ip":"::1","level":"info","message":"GET /api/health","service":"user-service","timestamp":"2025-07-21 13:16:35"}
{"ip":"::1","level":"info","message":"GET /api/health","service":"user-service","timestamp":"2025-07-21 13:17:05"}
{"ip":"::1","level":"info","message":"GET /api/health","service":"user-service","timestamp":"2025-07-21 13:17:35"}
{"ip":"::1","level":"info","message":"GET /api/health","service":"user-service","timestamp":"2025-07-21 13:18:05"}
{"ip":"::1","level":"info","message":"GET /api/health","service":"user-service","timestamp":"2025-07-21 13:18:36"}
{"ip":"::1","level":"info","message":"GET /api/health","service":"user-service","timestamp":"2025-07-21 13:19:06"}
{"ip":"::1","level":"info","message":"GET /api/health","service":"user-service","timestamp":"2025-07-21 13:19:36"}
{"ip":"::1","level":"info","message":"GET /api/health","service":"user-service","timestamp":"2025-07-21 13:20:06"}
{"ip":"::1","level":"info","message":"GET /api/health","service":"user-service","timestamp":"2025-07-21 13:20:36"}
{"ip":"::1","level":"info","message":"GET /api/health","service":"user-service","timestamp":"2025-07-21 13:21:07"}
{"ip":"::1","level":"info","message":"GET /api/health","service":"user-service","timestamp":"2025-07-21 13:21:37"}
{"ip":"::1","level":"info","message":"GET /api/health","service":"user-service","timestamp":"2025-07-21 13:22:07"}
{"ip":"::1","level":"info","message":"GET /api/health","service":"user-service","timestamp":"2025-07-21 13:22:37"}
{"ip":"::1","level":"info","message":"GET /api/health","service":"user-service","timestamp":"2025-07-21 13:23:07"}
{"ip":"::1","level":"info","message":"GET /api/health","service":"user-service","timestamp":"2025-07-21 13:23:38"}
{"ip":"::1","level":"info","message":"GET /api/health","service":"user-service","timestamp":"2025-07-21 13:24:08"}
{"ip":"::1","level":"info","message":"GET /api/health","service":"user-service","timestamp":"2025-07-21 13:24:38"}
{"ip":"::1","level":"info","message":"GET /api/health","service":"user-service","timestamp":"2025-07-21 13:25:08"}
{"ip":"::1","level":"info","message":"GET /api/health","service":"user-service","timestamp":"2025-07-21 13:25:38"}
{"ip":"::1","level":"info","message":"GET /api/health","service":"user-service","timestamp":"2025-07-21 13:26:09"}
{"ip":"::1","level":"info","message":"GET /api/health","service":"user-service","timestamp":"2025-07-21 13:26:39"}
{"ip":"::1","level":"info","message":"GET /api/health","service":"user-service","timestamp":"2025-07-21 13:27:09"}
{"ip":"::1","level":"info","message":"GET /api/health","service":"user-service","timestamp":"2025-07-21 13:27:39"}
{"ip":"::1","level":"info","message":"GET /api/health","service":"user-service","timestamp":"2025-07-21 13:28:09"}
{"ip":"::1","level":"info","message":"GET /api/health","service":"user-service","timestamp":"2025-07-21 13:28:40"}
{"ip":"::1","level":"info","message":"GET /api/health","service":"user-service","timestamp":"2025-07-21 13:29:10"}
{"ip":"::1","level":"info","message":"GET /api/health","service":"user-service","timestamp":"2025-07-21 13:29:40"}
{"ip":"::1","level":"info","message":"GET /api/health","service":"user-service","timestamp":"2025-07-21 13:30:10"}
{"ip":"::1","level":"info","message":"GET /api/health","service":"user-service","timestamp":"2025-07-21 13:30:40"}
{"ip":"::1","level":"info","message":"GET /api/health","service":"user-service","timestamp":"2025-07-21 13:31:11"}
{"ip":"::1","level":"info","message":"GET /api/health","service":"user-service","timestamp":"2025-07-21 13:31:41"}
{"ip":"::1","level":"info","message":"GET /api/health","service":"user-service","timestamp":"2025-07-21 13:32:11"}
{"ip":"::1","level":"info","message":"GET /api/health","service":"user-service","timestamp":"2025-07-21 13:32:41"}
{"ip":"::1","level":"info","message":"GET /api/health","service":"user-service","timestamp":"2025-07-21 13:33:11"}
{"ip":"::1","level":"info","message":"GET /api/health","service":"user-service","timestamp":"2025-07-21 13:33:42"}
{"ip":"::1","level":"info","message":"GET /api/health","service":"user-service","timestamp":"2025-07-21 13:34:12"}
{"ip":"::1","level":"info","message":"GET /api/health","service":"user-service","timestamp":"2025-07-21 13:34:42"}
{"ip":"::1","level":"info","message":"GET /api/health","service":"user-service","timestamp":"2025-07-21 13:35:12"}
{"ip":"::1","level":"info","message":"GET /api/health","service":"user-service","timestamp":"2025-07-21 13:35:42"}
{"ip":"::1","level":"info","message":"GET /api/health","service":"user-service","timestamp":"2025-07-21 13:36:13"}
{"ip":"::1","level":"info","message":"GET /api/health","service":"user-service","timestamp":"2025-07-21 13:36:43"}
{"ip":"::1","level":"info","message":"GET /api/health","service":"user-service","timestamp":"2025-07-21 13:37:13"}
{"ip":"::1","level":"info","message":"GET /api/health","service":"user-service","timestamp":"2025-07-21 13:37:43"}
{"ip":"::1","level":"info","message":"GET /api/health","service":"user-service","timestamp":"2025-07-21 13:38:13"}
{"ip":"::1","level":"info","message":"GET /api/health","service":"user-service","timestamp":"2025-07-21 13:38:44"}
{"ip":"::1","level":"info","message":"GET /api/health","service":"user-service","timestamp":"2025-07-21 13:39:14"}
{"ip":"::1","level":"info","message":"GET /api/health","service":"user-service","timestamp":"2025-07-21 13:39:44"}
{"ip":"::1","level":"info","message":"GET /api/health","service":"user-service","timestamp":"2025-07-21 13:40:14"}
{"ip":"::1","level":"info","message":"GET /api/health","service":"user-service","timestamp":"2025-07-21 13:40:44"}
{"ip":"::1","level":"info","message":"GET /api/health","service":"user-service","timestamp":"2025-07-21 13:41:15"}
{"ip":"::1","level":"info","message":"GET /api/health","service":"user-service","timestamp":"2025-07-21 13:41:45"}
{"ip":"::1","level":"info","message":"GET /api/health","service":"user-service","timestamp":"2025-07-21 13:42:15"}
{"ip":"::1","level":"info","message":"GET /api/health","service":"user-service","timestamp":"2025-07-21 13:42:45"}
{"ip":"::1","level":"info","message":"GET /api/health","service":"user-service","timestamp":"2025-07-21 13:43:15"}
{"ip":"::1","level":"info","message":"GET /api/health","service":"user-service","timestamp":"2025-07-21 13:43:46"}
{"ip":"::1","level":"info","message":"GET /api/health","service":"user-service","timestamp":"2025-07-21 13:44:16"}
{"ip":"::1","level":"info","message":"GET /api/health","service":"user-service","timestamp":"2025-07-21 13:44:46"}
{"ip":"::1","level":"info","message":"GET /api/health","service":"user-service","timestamp":"2025-07-21 13:45:16"}
{"ip":"::1","level":"info","message":"GET /api/health","service":"user-service","timestamp":"2025-07-21 13:45:46"}
{"ip":"::1","level":"info","message":"GET /api/health","service":"user-service","timestamp":"2025-07-21 13:46:17"}
{"ip":"::1","level":"info","message":"GET /api/health","service":"user-service","timestamp":"2025-07-21 13:46:47"}
{"ip":"::1","level":"info","message":"GET /api/health","service":"user-service","timestamp":"2025-07-21 13:47:17"}
{"ip":"::1","level":"info","message":"GET /api/health","service":"user-service","timestamp":"2025-07-21 13:47:47"}
{"ip":"::1","level":"info","message":"GET /api/health","service":"user-service","timestamp":"2025-07-21 13:48:17"}
{"ip":"::1","level":"info","message":"GET /api/health","service":"user-service","timestamp":"2025-07-21 13:48:48"}
{"ip":"::1","level":"info","message":"GET /api/health","service":"user-service","timestamp":"2025-07-21 13:49:18"}
{"ip":"::1","level":"info","message":"GET /api/health","service":"user-service","timestamp":"2025-07-21 13:49:48"}
{"ip":"::1","level":"info","message":"GET /api/health","service":"user-service","timestamp":"2025-07-21 13:50:18"}
{"ip":"::1","level":"info","message":"GET /api/health","service":"user-service","timestamp":"2025-07-21 13:50:48"}
{"ip":"::1","level":"info","message":"GET /api/health","service":"user-service","timestamp":"2025-07-21 13:51:19"}
{"ip":"::1","level":"info","message":"GET /api/health","service":"user-service","timestamp":"2025-07-21 13:51:49"}
{"ip":"::1","level":"info","message":"GET /api/health","service":"user-service","timestamp":"2025-07-21 13:52:19"}
{"ip":"::1","level":"info","message":"GET /api/health","service":"user-service","timestamp":"2025-07-21 13:52:49"}
{"ip":"::1","level":"info","message":"GET /api/health","service":"user-service","timestamp":"2025-07-21 13:53:20"}
{"ip":"::1","level":"info","message":"GET /api/health","service":"user-service","timestamp":"2025-07-21 13:53:50"}
{"ip":"::1","level":"info","message":"GET /api/health","service":"user-service","timestamp":"2025-07-21 13:54:20"}
{"ip":"::1","level":"info","message":"GET /api/health","service":"user-service","timestamp":"2025-07-21 13:54:50"}
{"ip":"::1","level":"info","message":"GET /api/health","service":"user-service","timestamp":"2025-07-21 13:55:20"}
{"ip":"::1","level":"info","message":"GET /api/health","service":"user-service","timestamp":"2025-07-21 13:55:50"}
{"ip":"::1","level":"info","message":"GET /api/health","service":"user-service","timestamp":"2025-07-21 13:56:21"}
{"ip":"::1","level":"info","message":"GET /api/health","service":"user-service","timestamp":"2025-07-21 13:56:51"}
{"ip":"::1","level":"info","message":"GET /api/health","service":"user-service","timestamp":"2025-07-21 13:57:21"}
{"ip":"::1","level":"info","message":"GET /api/health","service":"user-service","timestamp":"2025-07-21 13:57:52"}
{"ip":"::1","level":"info","message":"GET /api/health","service":"user-service","timestamp":"2025-07-21 13:58:22"}
{"ip":"::1","level":"info","message":"GET /api/health","service":"user-service","timestamp":"2025-07-21 13:58:52"}
{"ip":"::1","level":"info","message":"GET /api/health","service":"user-service","timestamp":"2025-07-21 13:59:22"}
{"ip":"::1","level":"info","message":"GET /api/health","service":"user-service","timestamp":"2025-07-21 13:59:52"}
{"ip":"::1","level":"info","message":"GET /api/health","service":"user-service","timestamp":"2025-07-21 14:00:23"}
{"ip":"::1","level":"info","message":"GET /api/health","service":"user-service","timestamp":"2025-07-21 14:00:53"}
{"ip":"::1","level":"info","message":"GET /api/health","service":"user-service","timestamp":"2025-07-21 14:01:23"}
{"ip":"::1","level":"info","message":"GET /api/health","service":"user-service","timestamp":"2025-07-21 14:01:53"}
{"ip":"::1","level":"info","message":"GET /api/health","service":"user-service","timestamp":"2025-07-21 14:02:23"}
{"ip":"::1","level":"info","message":"GET /api/health","service":"user-service","timestamp":"2025-07-21 14:02:54"}
{"ip":"::1","level":"info","message":"GET /api/health","service":"user-service","timestamp":"2025-07-21 14:03:24"}
{"ip":"::1","level":"info","message":"GET /api/health","service":"user-service","timestamp":"2025-07-21 14:03:54"}
{"ip":"::1","level":"info","message":"GET /api/health","service":"user-service","timestamp":"2025-07-21 14:04:24"}
{"ip":"::1","level":"info","message":"GET /api/health","service":"user-service","timestamp":"2025-07-21 14:04:55"}
{"ip":"::1","level":"info","message":"GET /api/health","service":"user-service","timestamp":"2025-07-21 14:05:25"}
{"ip":"::1","level":"info","message":"GET /api/health","service":"user-service","timestamp":"2025-07-21 14:05:55"}
{"ip":"::1","level":"info","message":"GET /api/health","service":"user-service","timestamp":"2025-07-21 14:06:25"}
{"ip":"::1","level":"info","message":"GET /api/health","service":"user-service","timestamp":"2025-07-21 14:06:55"}
{"ip":"::1","level":"info","message":"GET /api/health","service":"user-service","timestamp":"2025-07-21 14:07:26"}
{"ip":"::1","level":"info","message":"GET /api/health","service":"user-service","timestamp":"2025-07-21 14:07:56"}
{"ip":"::1","level":"info","message":"GET /api/health","service":"user-service","timestamp":"2025-07-21 14:08:26"}
{"ip":"::1","level":"info","message":"GET /api/health","service":"user-service","timestamp":"2025-07-21 14:08:56"}
{"ip":"::1","level":"info","message":"GET /api/health","service":"user-service","timestamp":"2025-07-21 14:09:26"}
{"ip":"::1","level":"info","message":"GET /api/health","service":"user-service","timestamp":"2025-07-21 14:09:57"}
{"ip":"::1","level":"info","message":"GET /api/health","service":"user-service","timestamp":"2025-07-21 14:10:27"}
{"ip":"::1","level":"info","message":"GET /api/health","service":"user-service","timestamp":"2025-07-21 14:10:57"}
{"ip":"::1","level":"info","message":"GET /api/health","service":"user-service","timestamp":"2025-07-21 14:11:27"}
{"ip":"::1","level":"info","message":"GET /api/health","service":"user-service","timestamp":"2025-07-21 14:11:57"}
{"ip":"::1","level":"info","message":"GET /api/health","service":"user-service","timestamp":"2025-07-21 14:12:28"}
{"ip":"::1","level":"info","message":"GET /api/health","service":"user-service","timestamp":"2025-07-21 14:12:58"}
{"ip":"::1","level":"info","message":"GET /api/health","service":"user-service","timestamp":"2025-07-21 14:13:28"}
{"ip":"::1","level":"info","message":"GET /api/health","service":"user-service","timestamp":"2025-07-21 14:13:58"}
{"ip":"::1","level":"info","message":"GET /api/health","service":"user-service","timestamp":"2025-07-21 14:14:28"}
{"ip":"::1","level":"info","message":"GET /api/health","service":"user-service","timestamp":"2025-07-21 14:14:59"}
{"ip":"::1","level":"info","message":"GET /api/health","service":"user-service","timestamp":"2025-07-21 14:15:29"}
{"ip":"::1","level":"info","message":"GET /api/health","service":"user-service","timestamp":"2025-07-21 14:15:59"}
{"ip":"::1","level":"info","message":"GET /api/health","service":"user-service","timestamp":"2025-07-21 14:16:29"}
{"ip":"::1","level":"info","message":"GET /api/health","service":"user-service","timestamp":"2025-07-21 14:16:59"}
{"ip":"::1","level":"info","message":"GET /api/health","service":"user-service","timestamp":"2025-07-21 14:17:30"}
{"ip":"::1","level":"info","message":"GET /api/health","service":"user-service","timestamp":"2025-07-21 14:18:00"}
{"ip":"::1","level":"info","message":"GET /api/health","service":"user-service","timestamp":"2025-07-21 14:18:30"}
{"ip":"::1","level":"info","message":"GET /api/health","service":"user-service","timestamp":"2025-07-21 14:19:00"}
{"ip":"::1","level":"info","message":"GET /api/health","service":"user-service","timestamp":"2025-07-21 14:19:31"}
{"ip":"::1","level":"info","message":"GET /api/health","service":"user-service","timestamp":"2025-07-21 14:20:01"}
{"ip":"::1","level":"info","message":"GET /api/health","service":"user-service","timestamp":"2025-07-21 14:20:31"}
{"ip":"::1","level":"info","message":"GET /api/health","service":"user-service","timestamp":"2025-07-21 14:21:01"}
{"ip":"::1","level":"info","message":"GET /api/health","service":"user-service","timestamp":"2025-07-21 14:21:31"}
{"ip":"::1","level":"info","message":"GET /api/health","service":"user-service","timestamp":"2025-07-21 14:22:02"}
{"ip":"::1","level":"info","message":"GET /api/health","service":"user-service","timestamp":"2025-07-21 14:22:32"}
{"ip":"::1","level":"info","message":"GET /api/health","service":"user-service","timestamp":"2025-07-21 14:23:02"}
{"ip":"::1","level":"info","message":"GET /api/health","service":"user-service","timestamp":"2025-07-21 14:23:32"}
{"ip":"::1","level":"info","message":"GET /api/health","service":"user-service","timestamp":"2025-07-21 14:24:02"}
{"ip":"::1","level":"info","message":"GET /api/health","service":"user-service","timestamp":"2025-07-21 14:24:33"}
{"ip":"::1","level":"info","message":"GET /api/health","service":"user-service","timestamp":"2025-07-21 14:25:03"}
{"ip":"::1","level":"info","message":"GET /api/health","service":"user-service","timestamp":"2025-07-21 14:25:33"}
{"ip":"::1","level":"info","message":"GET /api/health","service":"user-service","timestamp":"2025-07-21 14:26:03"}
{"ip":"::1","level":"info","message":"GET /api/health","service":"user-service","timestamp":"2025-07-21 14:26:33"}
{"ip":"::1","level":"info","message":"GET /api/health","service":"user-service","timestamp":"2025-07-21 14:27:04"}
{"ip":"::1","level":"info","message":"GET /api/health","service":"user-service","timestamp":"2025-07-21 14:27:34"}
{"ip":"::1","level":"info","message":"GET /api/health","service":"user-service","timestamp":"2025-07-21 14:28:04"}
{"ip":"::1","level":"info","message":"GET /api/health","service":"user-service","timestamp":"2025-07-21 14:28:34"}
{"ip":"::1","level":"info","message":"GET /api/health","service":"user-service","timestamp":"2025-07-21 14:29:04"}
{"ip":"::1","level":"info","message":"GET /api/health","service":"user-service","timestamp":"2025-07-21 14:29:35"}
{"ip":"::1","level":"info","message":"GET /api/health","service":"user-service","timestamp":"2025-07-21 14:30:05"}
{"ip":"::1","level":"info","message":"GET /api/health","service":"user-service","timestamp":"2025-07-21 14:30:35"}
{"ip":"::1","level":"info","message":"GET /api/health","service":"user-service","timestamp":"2025-07-21 14:31:05"}
{"ip":"::1","level":"info","message":"GET /api/health","service":"user-service","timestamp":"2025-07-21 14:31:35"}
{"ip":"::1","level":"info","message":"GET /api/health","service":"user-service","timestamp":"2025-07-21 14:32:06"}
{"ip":"::1","level":"info","message":"GET /api/health","service":"user-service","timestamp":"2025-07-21 14:32:36"}
{"ip":"::1","level":"info","message":"GET /api/health","service":"user-service","timestamp":"2025-07-21 14:33:06"}
{"ip":"::1","level":"info","message":"GET /api/health","service":"user-service","timestamp":"2025-07-21 14:33:36"}
{"ip":"::1","level":"info","message":"GET /api/health","service":"user-service","timestamp":"2025-07-21 14:34:06"}
{"ip":"::1","level":"info","message":"GET /api/health","service":"user-service","timestamp":"2025-07-21 14:34:37"}
{"ip":"::1","level":"info","message":"GET /api/health","service":"user-service","timestamp":"2025-07-21 14:35:07"}
{"ip":"::1","level":"info","message":"GET /api/health","service":"user-service","timestamp":"2025-07-21 14:35:37"}
{"ip":"::1","level":"info","message":"GET /api/health","service":"user-service","timestamp":"2025-07-21 14:36:07"}
{"ip":"::1","level":"info","message":"GET /api/health","service":"user-service","timestamp":"2025-07-21 14:36:37"}
{"ip":"::1","level":"info","message":"GET /api/health","service":"user-service","timestamp":"2025-07-21 14:37:08"}
{"ip":"::1","level":"info","message":"GET /api/health","service":"user-service","timestamp":"2025-07-21 14:37:38"}
{"ip":"::1","level":"info","message":"GET /api/health","service":"user-service","timestamp":"2025-07-21 14:38:08"}
{"ip":"::1","level":"info","message":"GET /api/health","service":"user-service","timestamp":"2025-07-21 14:38:38"}
{"ip":"::1","level":"info","message":"GET /api/health","service":"user-service","timestamp":"2025-07-21 14:39:08"}
{"ip":"::1","level":"info","message":"GET /api/health","service":"user-service","timestamp":"2025-07-21 14:39:39"}
{"ip":"::1","level":"info","message":"GET /api/health","service":"user-service","timestamp":"2025-07-21 14:40:09"}
{"ip":"::1","level":"info","message":"GET /api/health","service":"user-service","timestamp":"2025-07-21 14:40:39"}
{"ip":"::1","level":"info","message":"GET /api/health","service":"user-service","timestamp":"2025-07-21 14:41:09"}
{"ip":"::1","level":"info","message":"GET /api/health","service":"user-service","timestamp":"2025-07-21 14:41:39"}
{"ip":"::1","level":"info","message":"GET /api/health","service":"user-service","timestamp":"2025-07-21 14:42:10"}
{"ip":"::1","level":"info","message":"GET /api/health","service":"user-service","timestamp":"2025-07-21 14:42:40"}
{"ip":"::1","level":"info","message":"GET /api/health","service":"user-service","timestamp":"2025-07-21 14:43:10"}
{"ip":"::1","level":"info","message":"GET /api/health","service":"user-service","timestamp":"2025-07-21 14:43:40"}
{"ip":"::1","level":"info","message":"GET /api/health","service":"user-service","timestamp":"2025-07-21 14:44:10"}
{"ip":"::1","level":"info","message":"GET /api/health","service":"user-service","timestamp":"2025-07-21 14:44:41"}
{"ip":"::1","level":"info","message":"GET /api/health","service":"user-service","timestamp":"2025-07-21 14:45:11"}
{"ip":"::1","level":"info","message":"GET /api/health","service":"user-service","timestamp":"2025-07-21 14:45:41"}
{"ip":"::1","level":"info","message":"GET /api/health","service":"user-service","timestamp":"2025-07-21 14:46:11"}
{"ip":"::1","level":"info","message":"GET /api/health","service":"user-service","timestamp":"2025-07-21 14:46:42"}
{"ip":"::1","level":"info","message":"GET /api/health","service":"user-service","timestamp":"2025-07-21 14:47:12"}
{"ip":"::1","level":"info","message":"GET /api/health","service":"user-service","timestamp":"2025-07-21 14:47:42"}
{"ip":"::1","level":"info","message":"GET /api/health","service":"user-service","timestamp":"2025-07-21 14:48:12"}
{"ip":"::1","level":"info","message":"GET /api/health","service":"user-service","timestamp":"2025-07-21 14:48:42"}
{"ip":"::1","level":"info","message":"GET /api/health","service":"user-service","timestamp":"2025-07-21 14:49:13"}
{"ip":"::1","level":"info","message":"GET /api/health","service":"user-service","timestamp":"2025-07-21 14:49:43"}
{"ip":"::1","level":"info","message":"GET /api/health","service":"user-service","timestamp":"2025-07-21 14:50:13"}
{"ip":"::1","level":"info","message":"GET /api/health","service":"user-service","timestamp":"2025-07-21 14:50:43"}
{"ip":"::1","level":"info","message":"GET /api/health","service":"user-service","timestamp":"2025-07-21 14:51:13"}
{"ip":"::1","level":"info","message":"GET /api/health","service":"user-service","timestamp":"2025-07-21 14:51:44"}
{"ip":"::1","level":"info","message":"GET /api/health","service":"user-service","timestamp":"2025-07-21 14:52:14"}
{"ip":"::1","level":"info","message":"GET /api/health","service":"user-service","timestamp":"2025-07-21 14:52:44"}
{"ip":"::1","level":"info","message":"GET /api/health","service":"user-service","timestamp":"2025-07-21 14:53:14"}
{"ip":"::1","level":"info","message":"GET /api/health","service":"user-service","timestamp":"2025-07-21 14:53:45"}
{"ip":"::1","level":"info","message":"GET /api/health","service":"user-service","timestamp":"2025-07-21 14:54:15"}
{"ip":"::1","level":"info","message":"GET /api/health","service":"user-service","timestamp":"2025-07-21 14:54:45"}
{"ip":"::1","level":"info","message":"GET /api/health","service":"user-service","timestamp":"2025-07-21 14:55:15"}
{"ip":"::1","level":"info","message":"GET /api/health","service":"user-service","timestamp":"2025-07-21 14:55:46"}
{"ip":"::1","level":"info","message":"GET /api/health","service":"user-service","timestamp":"2025-07-21 14:56:16"}
{"ip":"::1","level":"info","message":"GET /api/health","service":"user-service","timestamp":"2025-07-21 14:56:46"}
{"ip":"::1","level":"info","message":"GET /api/health","service":"user-service","timestamp":"2025-07-21 14:57:16"}
{"ip":"::1","level":"info","message":"GET /api/health","service":"user-service","timestamp":"2025-07-21 14:57:46"}
{"ip":"::1","level":"info","message":"GET /api/health","service":"user-service","timestamp":"2025-07-21 14:58:17"}
{"ip":"::1","level":"info","message":"GET /api/health","service":"user-service","timestamp":"2025-07-21 14:58:47"}
{"ip":"::1","level":"info","message":"GET /api/health","service":"user-service","timestamp":"2025-07-21 14:59:17"}
{"ip":"::1","level":"info","message":"GET /api/health","service":"user-service","timestamp":"2025-07-21 14:59:47"}
{"ip":"::1","level":"info","message":"GET /api/health","service":"user-service","timestamp":"2025-07-21 15:00:17"}
{"ip":"::1","level":"info","message":"GET /api/health","service":"user-service","timestamp":"2025-07-21 15:00:48"}
{"ip":"::1","level":"info","message":"GET /api/health","service":"user-service","timestamp":"2025-07-21 15:01:18"}
{"ip":"::1","level":"info","message":"GET /api/health","service":"user-service","timestamp":"2025-07-21 15:01:48"}
{"ip":"::1","level":"info","message":"GET /api/health","service":"user-service","timestamp":"2025-07-21 15:02:18"}
{"ip":"::1","level":"info","message":"GET /api/health","service":"user-service","timestamp":"2025-07-21 15:02:48"}
{"ip":"::1","level":"info","message":"GET /api/health","service":"user-service","timestamp":"2025-07-21 15:03:19"}
{"ip":"::1","level":"info","message":"GET /api/health","service":"user-service","timestamp":"2025-07-21 15:03:49"}
{"ip":"::1","level":"info","message":"GET /api/health","service":"user-service","timestamp":"2025-07-21 18:04:19"}
{"ip":"::1","level":"info","message":"GET /api/health","service":"user-service","timestamp":"2025-07-22 01:36:56"}
{"ip":"::1","level":"info","message":"GET /api/health","service":"user-service","timestamp":"2025-07-22 01:37:26"}
{"ip":"::1","level":"info","message":"GET /api/health","service":"user-service","timestamp":"2025-07-22 01:37:57"}
{"ip":"::1","level":"info","message":"GET /api/health","service":"user-service","timestamp":"2025-07-22 01:38:28"}
{"ip":"::1","level":"info","message":"GET /api/health","service":"user-service","timestamp":"2025-07-22 01:38:59"}
{"ip":"::1","level":"info","message":"GET /api/health","service":"user-service","timestamp":"2025-07-22 01:39:29"}
{"ip":"::1","level":"info","message":"GET /api/health","service":"user-service","timestamp":"2025-07-22 01:40:00"}
{"ip":"::1","level":"info","message":"GET /api/health","service":"user-service","timestamp":"2025-07-22 01:40:30"}
{"ip":"::1","level":"info","message":"GET /api/health","service":"user-service","timestamp":"2025-07-22 01:41:00"}
{"ip":"::1","level":"info","message":"GET /api/health","service":"user-service","timestamp":"2025-07-22 01:41:30"}
{"ip":"::1","level":"info","message":"GET /api/health","service":"user-service","timestamp":"2025-07-22 01:42:01"}
{"ip":"::1","level":"info","message":"GET /api/health","service":"user-service","timestamp":"2025-07-22 01:42:31"}
{"ip":"::1","level":"info","message":"GET /api/health","service":"user-service","timestamp":"2025-07-22 01:43:01"}
{"ip":"::1","level":"info","message":"GET /api/health","service":"user-service","timestamp":"2025-07-22 01:43:32"}
{"ip":"::1","level":"info","message":"GET /api/health","service":"user-service","timestamp":"2025-07-22 01:44:02"}
{"ip":"::1","level":"info","message":"GET /api/health","service":"user-service","timestamp":"2025-07-22 01:44:32"}
{"ip":"::1","level":"info","message":"GET /api/health","service":"user-service","timestamp":"2025-07-22 01:45:02"}
{"ip":"::1","level":"info","message":"GET /api/health","service":"user-service","timestamp":"2025-07-22 01:45:32"}
{"ip":"::1","level":"info","message":"GET /api/health","service":"user-service","timestamp":"2025-07-22 01:46:03"}
{"ip":"::1","level":"info","message":"GET /api/health","service":"user-service","timestamp":"2025-07-22 01:46:33"}
{"ip":"::1","level":"info","message":"GET /api/health","service":"user-service","timestamp":"2025-07-22 01:47:03"}
{"ip":"::1","level":"info","message":"GET /api/health","service":"user-service","timestamp":"2025-07-22 01:47:33"}
{"ip":"::1","level":"info","message":"GET /api/health","service":"user-service","timestamp":"2025-07-22 01:48:04"}
{"ip":"::1","level":"info","message":"GET /api/health","service":"user-service","timestamp":"2025-07-22 01:48:34"}
{"ip":"::1","level":"info","message":"GET /api/health","service":"user-service","timestamp":"2025-07-22 01:49:04"}
{"ip":"::1","level":"info","message":"GET /api/health","service":"user-service","timestamp":"2025-07-22 01:49:34"}
{"ip":"::1","level":"info","message":"GET /api/health","service":"user-service","timestamp":"2025-07-22 01:50:04"}
{"ip":"::1","level":"info","message":"GET /api/health","service":"user-service","timestamp":"2025-07-22 01:50:35"}
{"ip":"::1","level":"info","message":"GET /api/health","service":"user-service","timestamp":"2025-07-22 01:51:05"}
{"ip":"::1","level":"info","message":"GET /api/health","service":"user-service","timestamp":"2025-07-22 01:51:35"}
{"ip":"::1","level":"info","message":"GET /api/health","service":"user-service","timestamp":"2025-07-22 01:52:05"}
{"ip":"::1","level":"info","message":"GET /api/health","service":"user-service","timestamp":"2025-07-22 01:52:36"}
{"ip":"::1","level":"info","message":"GET /api/health","service":"user-service","timestamp":"2025-07-22 01:53:06"}
{"ip":"::1","level":"info","message":"GET /api/health","service":"user-service","timestamp":"2025-07-22 01:53:36"}
{"ip":"::1","level":"info","message":"GET /api/health","service":"user-service","timestamp":"2025-07-22 01:54:06"}
{"ip":"::1","level":"info","message":"GET /api/health","service":"user-service","timestamp":"2025-07-22 01:54:36"}
{"ip":"::1","level":"info","message":"GET /api/health","service":"user-service","timestamp":"2025-07-22 01:55:07"}
{"ip":"::1","level":"info","message":"GET /api/health","service":"user-service","timestamp":"2025-07-22 01:55:37"}
{"ip":"::1","level":"info","message":"GET /api/health","service":"user-service","timestamp":"2025-07-22 01:56:07"}
{"ip":"::1","level":"info","message":"GET /api/health","service":"user-service","timestamp":"2025-07-22 01:56:37"}
{"ip":"::1","level":"info","message":"GET /api/health","service":"user-service","timestamp":"2025-07-22 01:57:08"}
{"ip":"::1","level":"info","message":"GET /api/health","service":"user-service","timestamp":"2025-07-22 01:57:38"}
{"ip":"::1","level":"info","message":"GET /api/health","service":"user-service","timestamp":"2025-07-22 01:58:08"}
{"ip":"::1","level":"info","message":"GET /api/health","service":"user-service","timestamp":"2025-07-22 01:58:38"}
{"ip":"::1","level":"info","message":"GET /api/health","service":"user-service","timestamp":"2025-07-22 01:59:08"}
{"ip":"::1","level":"info","message":"GET /api/health","service":"user-service","timestamp":"2025-07-22 01:59:39"}
{"ip":"::1","level":"info","message":"GET /api/health","service":"user-service","timestamp":"2025-07-22 02:00:09"}
{"ip":"::1","level":"info","message":"GET /api/health","service":"user-service","timestamp":"2025-07-22 02:00:39"}
{"ip":"::1","level":"info","message":"GET /api/health","service":"user-service","timestamp":"2025-07-22 02:01:09"}
{"ip":"::1","level":"info","message":"GET /api/health","service":"user-service","timestamp":"2025-07-22 02:01:39"}
{"ip":"::1","level":"info","message":"GET /api/health","service":"user-service","timestamp":"2025-07-22 02:02:10"}
{"ip":"::1","level":"info","message":"GET /api/health","service":"user-service","timestamp":"2025-07-22 02:02:40"}
{"ip":"::1","level":"info","message":"GET /api/health","service":"user-service","timestamp":"2025-07-22 02:03:10"}
{"ip":"::1","level":"info","message":"GET /api/health","service":"user-service","timestamp":"2025-07-22 02:03:40"}
{"ip":"::1","level":"info","message":"GET /api/health","service":"user-service","timestamp":"2025-07-22 02:04:11"}
{"ip":"::1","level":"info","message":"GET /api/health","service":"user-service","timestamp":"2025-07-22 02:04:41"}
{"ip":"::1","level":"info","message":"GET /api/health","service":"user-service","timestamp":"2025-07-22 02:05:11"}
{"ip":"::1","level":"info","message":"GET /api/health","service":"user-service","timestamp":"2025-07-22 02:05:41"}
{"ip":"::1","level":"info","message":"GET /api/health","service":"user-service","timestamp":"2025-07-22 02:06:11"}
{"ip":"::1","level":"info","message":"GET /api/health","service":"user-service","timestamp":"2025-07-22 02:06:42"}
{"ip":"::1","level":"info","message":"GET /api/health","service":"user-service","timestamp":"2025-07-22 02:07:12"}
{"ip":"::1","level":"info","message":"GET /api/health","service":"user-service","timestamp":"2025-07-22 02:07:42"}
{"ip":"::1","level":"info","message":"GET /api/health","service":"user-service","timestamp":"2025-07-22 02:08:12"}
{"ip":"::1","level":"info","message":"GET /api/health","service":"user-service","timestamp":"2025-07-22 02:08:43"}
{"ip":"::1","level":"info","message":"GET /api/health","service":"user-service","timestamp":"2025-07-22 02:09:13"}
{"ip":"::1","level":"info","message":"GET /api/health","service":"user-service","timestamp":"2025-07-22 02:09:43"}
{"ip":"::1","level":"info","message":"GET /api/health","service":"user-service","timestamp":"2025-07-22 02:10:13"}
{"ip":"::1","level":"info","message":"GET /api/health","service":"user-service","timestamp":"2025-07-22 02:10:43"}
{"ip":"::1","level":"info","message":"GET /api/health","service":"user-service","timestamp":"2025-07-22 02:11:14"}
{"ip":"::1","level":"info","message":"GET /api/health","service":"user-service","timestamp":"2025-07-22 02:11:44"}
{"ip":"::1","level":"info","message":"GET /api/health","service":"user-service","timestamp":"2025-07-22 02:12:14"}
{"ip":"::1","level":"info","message":"GET /api/health","service":"user-service","timestamp":"2025-07-22 02:12:44"}
{"ip":"::1","level":"info","message":"GET /api/health","service":"user-service","timestamp":"2025-07-22 02:13:15"}
{"ip":"::1","level":"info","message":"GET /api/health","service":"user-service","timestamp":"2025-07-22 02:13:45"}
{"ip":"::1","level":"info","message":"GET /api/health","service":"user-service","timestamp":"2025-07-22 02:14:15"}
{"ip":"::1","level":"info","message":"GET /api/health","service":"user-service","timestamp":"2025-07-22 02:14:45"}
{"ip":"::1","level":"info","message":"GET /api/health","service":"user-service","timestamp":"2025-07-22 02:15:15"}
{"ip":"::1","level":"info","message":"GET /api/health","service":"user-service","timestamp":"2025-07-22 02:15:46"}
{"ip":"::1","level":"info","message":"GET /api/health","service":"user-service","timestamp":"2025-07-22 02:16:16"}
{"ip":"::1","level":"info","message":"GET /api/health","service":"user-service","timestamp":"2025-07-22 02:16:46"}
{"ip":"::1","level":"info","message":"GET /api/health","service":"user-service","timestamp":"2025-07-22 02:17:17"}
{"ip":"::1","level":"info","message":"GET /api/health","service":"user-service","timestamp":"2025-07-22 02:17:47"}
{"ip":"::1","level":"info","message":"GET /api/health","service":"user-service","timestamp":"2025-07-22 02:18:17"}
{"ip":"::1","level":"info","message":"GET /api/health","service":"user-service","timestamp":"2025-07-22 02:18:47"}
{"ip":"::1","level":"info","message":"GET /api/health","service":"user-service","timestamp":"2025-07-22 02:19:18"}
{"ip":"::1","level":"info","message":"GET /api/health","service":"user-service","timestamp":"2025-07-22 02:19:48"}
{"ip":"::1","level":"info","message":"GET /api/health","service":"user-service","timestamp":"2025-07-22 02:20:18"}
{"ip":"::1","level":"info","message":"GET /api/health","service":"user-service","timestamp":"2025-07-22 02:20:48"}
{"ip":"::1","level":"info","message":"GET /api/health","service":"user-service","timestamp":"2025-07-22 02:21:18"}
{"ip":"::1","level":"info","message":"GET /api/health","service":"user-service","timestamp":"2025-07-22 02:21:49"}
{"ip":"::1","level":"info","message":"GET /api/health","service":"user-service","timestamp":"2025-07-22 02:22:19"}
{"ip":"::1","level":"info","message":"GET /api/health","service":"user-service","timestamp":"2025-07-22 02:22:49"}
{"ip":"::1","level":"info","message":"GET /api/health","service":"user-service","timestamp":"2025-07-22 02:23:19"}
{"ip":"::1","level":"info","message":"GET /api/health","service":"user-service","timestamp":"2025-07-22 02:23:49"}
{"ip":"::1","level":"info","message":"GET /api/health","service":"user-service","timestamp":"2025-07-22 02:24:20"}
{"ip":"::1","level":"info","message":"GET /api/health","service":"user-service","timestamp":"2025-07-22 02:24:50"}
{"ip":"::1","level":"info","message":"GET /api/health","service":"user-service","timestamp":"2025-07-22 02:25:20"}
{"ip":"::1","level":"info","message":"GET /api/health","service":"user-service","timestamp":"2025-07-22 02:25:50"}
{"ip":"::1","level":"info","message":"GET /api/health","service":"user-service","timestamp":"2025-07-22 02:26:21"}
{"ip":"::1","level":"info","message":"GET /api/health","service":"user-service","timestamp":"2025-07-22 02:26:51"}
{"ip":"::1","level":"info","message":"GET /api/health","service":"user-service","timestamp":"2025-07-22 02:27:21"}
{"ip":"::1","level":"info","message":"GET /api/health","service":"user-service","timestamp":"2025-07-22 02:27:52"}
{"ip":"::1","level":"info","message":"GET /api/health","service":"user-service","timestamp":"2025-07-22 02:28:22"}
{"ip":"::1","level":"info","message":"GET /api/health","service":"user-service","timestamp":"2025-07-22 02:28:52"}
{"ip":"::1","level":"info","message":"GET /api/health","service":"user-service","timestamp":"2025-07-22 02:29:22"}
{"ip":"::1","level":"info","message":"GET /api/health","service":"user-service","timestamp":"2025-07-22 02:29:53"}
{"ip":"::1","level":"info","message":"GET /api/health","service":"user-service","timestamp":"2025-07-22 02:30:23"}
{"ip":"::1","level":"info","message":"GET /api/health","service":"user-service","timestamp":"2025-07-22 02:30:53"}
{"ip":"::1","level":"info","message":"GET /api/health","service":"user-service","timestamp":"2025-07-22 02:31:23"}
{"ip":"::1","level":"info","message":"GET /api/health","service":"user-service","timestamp":"2025-07-22 02:31:53"}
{"ip":"::1","level":"info","message":"GET /api/health","service":"user-service","timestamp":"2025-07-22 02:32:24"}
{"ip":"::1","level":"info","message":"GET /api/health","service":"user-service","timestamp":"2025-07-22 02:32:54"}
{"ip":"::1","level":"info","message":"GET /api/health","service":"user-service","timestamp":"2025-07-22 02:33:24"}
{"ip":"::1","level":"info","message":"GET /api/health","service":"user-service","timestamp":"2025-07-22 02:33:54"}
{"ip":"::1","level":"info","message":"GET /api/health","service":"user-service","timestamp":"2025-07-22 02:34:25"}
{"ip":"::1","level":"info","message":"GET /api/health","service":"user-service","timestamp":"2025-07-22 02:34:55"}
{"ip":"::1","level":"info","message":"GET /api/health","service":"user-service","timestamp":"2025-07-22 02:35:25"}
{"ip":"::1","level":"info","message":"GET /api/health","service":"user-service","timestamp":"2025-07-22 02:35:55"}
{"ip":"::1","level":"info","message":"GET /api/health","service":"user-service","timestamp":"2025-07-22 02:36:25"}
{"ip":"::1","level":"info","message":"GET /api/health","service":"user-service","timestamp":"2025-07-22 02:36:56"}
{"ip":"::1","level":"info","message":"GET /api/health","service":"user-service","timestamp":"2025-07-22 02:37:26"}
{"ip":"::1","level":"info","message":"GET /api/health","service":"user-service","timestamp":"2025-07-22 02:37:56"}
{"ip":"::1","level":"info","message":"GET /api/health","service":"user-service","timestamp":"2025-07-22 02:38:26"}
{"ip":"::1","level":"info","message":"GET /api/health","service":"user-service","timestamp":"2025-07-22 02:38:57"}
{"ip":"::1","level":"info","message":"GET /api/health","service":"user-service","timestamp":"2025-07-22 02:39:27"}
{"ip":"::1","level":"info","message":"GET /api/health","service":"user-service","timestamp":"2025-07-22 02:39:57"}
{"ip":"::1","level":"info","message":"GET /api/health","service":"user-service","timestamp":"2025-07-22 02:40:27"}
{"ip":"::1","level":"info","message":"GET /api/health","service":"user-service","timestamp":"2025-07-22 02:40:58"}
{"ip":"::1","level":"info","message":"GET /api/health","service":"user-service","timestamp":"2025-07-22 02:41:28"}
{"ip":"::1","level":"info","message":"GET /api/health","service":"user-service","timestamp":"2025-07-22 02:41:58"}
{"ip":"::1","level":"info","message":"GET /api/health","service":"user-service","timestamp":"2025-07-22 02:42:28"}
{"ip":"::1","level":"info","message":"GET /api/health","service":"user-service","timestamp":"2025-07-22 02:42:59"}
{"ip":"::1","level":"info","message":"GET /api/health","service":"user-service","timestamp":"2025-07-22 02:43:29"}
{"ip":"::1","level":"info","message":"GET /api/health","service":"user-service","timestamp":"2025-07-22 02:43:59"}
{"ip":"::1","level":"info","message":"GET /api/health","service":"user-service","timestamp":"2025-07-22 02:44:29"}
{"ip":"::1","level":"info","message":"GET /api/health","service":"user-service","timestamp":"2025-07-22 02:44:59"}
{"ip":"::1","level":"info","message":"GET /api/health","service":"user-service","timestamp":"2025-07-22 02:45:30"}
{"ip":"::1","level":"info","message":"GET /api/health","service":"user-service","timestamp":"2025-07-22 02:46:00"}
{"ip":"::1","level":"info","message":"GET /api/health","service":"user-service","timestamp":"2025-07-22 02:46:30"}
{"ip":"::1","level":"info","message":"GET /api/health","service":"user-service","timestamp":"2025-07-22 02:47:00"}
{"ip":"::1","level":"info","message":"GET /api/health","service":"user-service","timestamp":"2025-07-22 02:47:30"}
{"ip":"::1","level":"info","message":"GET /api/health","service":"user-service","timestamp":"2025-07-22 02:48:01"}
{"ip":"::1","level":"info","message":"GET /api/health","service":"user-service","timestamp":"2025-07-22 02:48:31"}
{"ip":"::1","level":"info","message":"GET /api/health","service":"user-service","timestamp":"2025-07-22 02:49:01"}
{"ip":"::1","level":"info","message":"GET /api/health","service":"user-service","timestamp":"2025-07-22 02:49:31"}
{"ip":"::1","level":"info","message":"GET /api/health","service":"user-service","timestamp":"2025-07-22 02:50:02"}
{"ip":"::1","level":"info","message":"GET /api/health","service":"user-service","timestamp":"2025-07-22 02:50:32"}
{"ip":"::1","level":"info","message":"GET /api/health","service":"user-service","timestamp":"2025-07-22 02:51:02"}
{"ip":"::1","level":"info","message":"GET /api/health","service":"user-service","timestamp":"2025-07-22 02:51:32"}
{"ip":"::1","level":"info","message":"GET /api/health","service":"user-service","timestamp":"2025-07-22 02:52:03"}
{"ip":"::1","level":"info","message":"GET /api/health","service":"user-service","timestamp":"2025-07-22 02:52:33"}
{"ip":"::1","level":"info","message":"GET /api/health","service":"user-service","timestamp":"2025-07-22 02:53:03"}
{"ip":"::1","level":"info","message":"GET /api/health","service":"user-service","timestamp":"2025-07-22 02:53:33"}
{"ip":"::1","level":"info","message":"GET /api/health","service":"user-service","timestamp":"2025-07-22 02:54:04"}
{"ip":"::1","level":"info","message":"GET /api/health","service":"user-service","timestamp":"2025-07-22 02:54:34"}
{"ip":"::1","level":"info","message":"GET /api/health","service":"user-service","timestamp":"2025-07-22 02:55:04"}
{"ip":"::1","level":"info","message":"GET /api/health","service":"user-service","timestamp":"2025-07-22 02:55:34"}
{"ip":"::1","level":"info","message":"GET /api/health","service":"user-service","timestamp":"2025-07-22 02:56:04"}
{"ip":"::1","level":"info","message":"GET /api/health","service":"user-service","timestamp":"2025-07-22 02:56:35"}
{"ip":"::1","level":"info","message":"GET /api/health","service":"user-service","timestamp":"2025-07-22 02:57:05"}
{"ip":"::1","level":"info","message":"GET /api/health","service":"user-service","timestamp":"2025-07-22 02:57:35"}
{"ip":"::1","level":"info","message":"GET /api/health","service":"user-service","timestamp":"2025-07-22 02:58:05"}
{"ip":"::1","level":"info","message":"GET /api/health","service":"user-service","timestamp":"2025-07-22 02:58:35"}
{"ip":"::1","level":"info","message":"GET /api/health","service":"user-service","timestamp":"2025-07-22 02:59:06"}
{"ip":"::1","level":"info","message":"GET /api/health","service":"user-service","timestamp":"2025-07-22 02:59:36"}
{"ip":"::1","level":"info","message":"GET /api/health","service":"user-service","timestamp":"2025-07-22 03:00:06"}
{"ip":"::1","level":"info","message":"GET /api/health","service":"user-service","timestamp":"2025-07-22 03:00:36"}
{"ip":"::1","level":"info","message":"GET /api/health","service":"user-service","timestamp":"2025-07-22 03:01:06"}
{"ip":"::1","level":"info","message":"GET /api/health","service":"user-service","timestamp":"2025-07-22 03:01:36"}
{"ip":"::1","level":"info","message":"GET /api/health","service":"user-service","timestamp":"2025-07-22 03:02:07"}
{"ip":"::1","level":"info","message":"GET /api/health","service":"user-service","timestamp":"2025-07-22 03:02:37"}
{"ip":"::1","level":"info","message":"GET /api/health","service":"user-service","timestamp":"2025-07-22 03:03:07"}
{"ip":"::1","level":"info","message":"GET /api/health","service":"user-service","timestamp":"2025-07-22 03:03:37"}
{"ip":"::1","level":"info","message":"GET /api/health","service":"user-service","timestamp":"2025-07-22 03:04:08"}
{"ip":"::1","level":"info","message":"GET /api/health","service":"user-service","timestamp":"2025-07-22 03:04:38"}
{"ip":"::1","level":"info","message":"GET /api/health","service":"user-service","timestamp":"2025-07-22 03:05:08"}
{"ip":"::1","level":"info","message":"GET /api/health","service":"user-service","timestamp":"2025-07-22 03:05:38"}
{"ip":"::1","level":"info","message":"GET /api/health","service":"user-service","timestamp":"2025-07-22 03:06:08"}
{"ip":"::1","level":"info","message":"GET /api/health","service":"user-service","timestamp":"2025-07-22 03:06:38"}
{"ip":"::1","level":"info","message":"GET /api/health","service":"user-service","timestamp":"2025-07-22 03:07:09"}
{"ip":"::1","level":"info","message":"GET /api/health","service":"user-service","timestamp":"2025-07-22 03:07:39"}
{"ip":"::1","level":"info","message":"GET /api/health","service":"user-service","timestamp":"2025-07-22 03:08:09"}
{"ip":"::1","level":"info","message":"GET /api/health","service":"user-service","timestamp":"2025-07-22 03:08:39"}
{"ip":"::1","level":"info","message":"GET /api/health","service":"user-service","timestamp":"2025-07-22 03:09:10"}
{"ip":"::1","level":"info","message":"GET /api/health","service":"user-service","timestamp":"2025-07-22 03:09:40"}
{"ip":"::1","level":"info","message":"GET /api/health","service":"user-service","timestamp":"2025-07-22 03:10:10"}
{"ip":"::1","level":"info","message":"GET /api/health","service":"user-service","timestamp":"2025-07-22 03:10:40"}
{"ip":"::1","level":"info","message":"GET /api/health","service":"user-service","timestamp":"2025-07-22 03:11:10"}
{"ip":"::1","level":"info","message":"GET /api/health","service":"user-service","timestamp":"2025-07-22 03:11:40"}
{"ip":"::1","level":"info","message":"GET /api/health","service":"user-service","timestamp":"2025-07-22 03:12:11"}
{"ip":"::1","level":"info","message":"GET /api/health","service":"user-service","timestamp":"2025-07-22 03:12:41"}
{"ip":"::1","level":"info","message":"GET /api/health","service":"user-service","timestamp":"2025-07-22 03:13:11"}
{"ip":"::1","level":"info","message":"GET /api/health","service":"user-service","timestamp":"2025-07-22 03:13:41"}
{"ip":"::1","level":"info","message":"GET /api/health","service":"user-service","timestamp":"2025-07-22 03:14:11"}
{"ip":"::1","level":"info","message":"GET /api/health","service":"user-service","timestamp":"2025-07-22 03:14:42"}
{"ip":"::1","level":"info","message":"GET /api/health","service":"user-service","timestamp":"2025-07-22 03:15:12"}
{"ip":"::1","level":"info","message":"GET /api/health","service":"user-service","timestamp":"2025-07-22 03:15:42"}
{"ip":"::1","level":"info","message":"GET /api/health","service":"user-service","timestamp":"2025-07-22 03:16:12"}
{"ip":"::1","level":"info","message":"GET /api/health","service":"user-service","timestamp":"2025-07-22 03:16:43"}
{"ip":"::1","level":"info","message":"GET /api/health","service":"user-service","timestamp":"2025-07-22 03:17:13"}
{"ip":"::1","level":"info","message":"GET /api/health","service":"user-service","timestamp":"2025-07-22 03:17:43"}
{"ip":"::1","level":"info","message":"GET /api/health","service":"user-service","timestamp":"2025-07-22 03:18:13"}
{"ip":"::1","level":"info","message":"GET /api/health","service":"user-service","timestamp":"2025-07-22 03:18:43"}
{"ip":"::1","level":"info","message":"GET /api/health","service":"user-service","timestamp":"2025-07-22 03:19:14"}
{"ip":"::1","level":"info","message":"GET /api/health","service":"user-service","timestamp":"2025-07-22 03:19:44"}
{"ip":"::1","level":"info","message":"GET /api/health","service":"user-service","timestamp":"2025-07-22 03:20:14"}
{"ip":"::1","level":"info","message":"GET /api/health","service":"user-service","timestamp":"2025-07-22 03:20:44"}
{"ip":"::1","level":"info","message":"GET /api/health","service":"user-service","timestamp":"2025-07-22 03:21:14"}
{"ip":"::1","level":"info","message":"GET /api/health","service":"user-service","timestamp":"2025-07-22 03:21:45"}
{"ip":"::1","level":"info","message":"GET /api/health","service":"user-service","timestamp":"2025-07-22 03:22:15"}
{"ip":"::1","level":"info","message":"GET /api/health","service":"user-service","timestamp":"2025-07-22 03:22:45"}
{"ip":"::1","level":"info","message":"GET /api/health","service":"user-service","timestamp":"2025-07-22 03:23:15"}
{"ip":"::1","level":"info","message":"GET /api/health","service":"user-service","timestamp":"2025-07-22 03:23:46"}
{"ip":"::1","level":"info","message":"GET /api/health","service":"user-service","timestamp":"2025-07-22 03:24:16"}
{"ip":"::1","level":"info","message":"GET /api/health","service":"user-service","timestamp":"2025-07-22 03:24:46"}
{"ip":"::1","level":"info","message":"GET /api/health","service":"user-service","timestamp":"2025-07-22 03:25:16"}
{"ip":"::1","level":"info","message":"GET /api/health","service":"user-service","timestamp":"2025-07-22 03:25:46"}
{"ip":"::1","level":"info","message":"GET /api/health","service":"user-service","timestamp":"2025-07-22 03:26:17"}
{"ip":"::1","level":"info","message":"GET /api/health","service":"user-service","timestamp":"2025-07-22 03:26:47"}
{"ip":"::1","level":"info","message":"GET /api/health","service":"user-service","timestamp":"2025-07-22 03:27:17"}
{"ip":"::1","level":"info","message":"GET /api/health","service":"user-service","timestamp":"2025-07-22 03:27:47"}
{"ip":"::1","level":"info","message":"GET /api/health","service":"user-service","timestamp":"2025-07-22 03:28:17"}
{"ip":"::1","level":"info","message":"GET /api/health","service":"user-service","timestamp":"2025-07-22 03:28:48"}
{"ip":"::1","level":"info","message":"GET /api/health","service":"user-service","timestamp":"2025-07-22 03:29:18"}
{"ip":"::1","level":"info","message":"GET /api/health","service":"user-service","timestamp":"2025-07-22 03:29:48"}
{"ip":"::1","level":"info","message":"GET /api/health","service":"user-service","timestamp":"2025-07-22 03:30:18"}
{"ip":"::1","level":"info","message":"GET /api/health","service":"user-service","timestamp":"2025-07-22 03:30:48"}
{"ip":"::1","level":"info","message":"GET /api/health","service":"user-service","timestamp":"2025-07-22 03:31:19"}
{"ip":"::1","level":"info","message":"GET /api/health","service":"user-service","timestamp":"2025-07-22 03:31:49"}
{"ip":"::1","level":"info","message":"GET /api/health","service":"user-service","timestamp":"2025-07-22 03:32:19"}
{"ip":"::1","level":"info","message":"GET /api/health","service":"user-service","timestamp":"2025-07-22 03:32:49"}
{"ip":"::1","level":"info","message":"GET /api/health","service":"user-service","timestamp":"2025-07-22 03:33:19"}
{"ip":"::1","level":"info","message":"GET /api/health","service":"user-service","timestamp":"2025-07-22 03:33:50"}
{"ip":"::1","level":"info","message":"GET /api/health","service":"user-service","timestamp":"2025-07-22 03:34:20"}
{"ip":"::1","level":"info","message":"GET /api/health","service":"user-service","timestamp":"2025-07-22 03:34:50"}
{"ip":"::1","level":"info","message":"GET /api/health","service":"user-service","timestamp":"2025-07-22 03:35:20"}
{"ip":"::1","level":"info","message":"GET /api/health","service":"user-service","timestamp":"2025-07-22 03:35:50"}
{"ip":"::1","level":"info","message":"GET /api/health","service":"user-service","timestamp":"2025-07-22 03:36:21"}
{"ip":"::1","level":"info","message":"GET /api/health","service":"user-service","timestamp":"2025-07-22 03:36:51"}
{"ip":"::1","level":"info","message":"GET /api/health","service":"user-service","timestamp":"2025-07-22 03:37:21"}
{"ip":"::1","level":"info","message":"GET /api/health","service":"user-service","timestamp":"2025-07-22 03:37:51"}
{"ip":"::1","level":"info","message":"GET /api/health","service":"user-service","timestamp":"2025-07-22 03:38:21"}
{"ip":"::1","level":"info","message":"GET /api/health","service":"user-service","timestamp":"2025-07-22 03:38:51"}
{"ip":"::1","level":"info","message":"GET /api/health","service":"user-service","timestamp":"2025-07-22 03:39:22"}
{"ip":"::1","level":"info","message":"GET /api/health","service":"user-service","timestamp":"2025-07-22 03:39:52"}
{"ip":"::1","level":"info","message":"GET /api/health","service":"user-service","timestamp":"2025-07-22 03:40:22"}
{"ip":"::1","level":"info","message":"GET /api/health","service":"user-service","timestamp":"2025-07-22 03:40:52"}
{"ip":"::1","level":"info","message":"GET /api/health","service":"user-service","timestamp":"2025-07-22 03:41:23"}
{"ip":"::1","level":"info","message":"GET /api/health","service":"user-service","timestamp":"2025-07-22 03:41:53"}
{"ip":"::1","level":"info","message":"GET /api/health","service":"user-service","timestamp":"2025-07-22 03:42:23"}
{"ip":"::1","level":"info","message":"GET /api/health","service":"user-service","timestamp":"2025-07-22 03:42:53"}
{"ip":"::1","level":"info","message":"GET /api/health","service":"user-service","timestamp":"2025-07-22 03:43:23"}
{"ip":"::1","level":"info","message":"GET /api/health","service":"user-service","timestamp":"2025-07-22 03:43:54"}
{"ip":"::1","level":"info","message":"GET /api/health","service":"user-service","timestamp":"2025-07-22 03:44:24"}
{"ip":"::1","level":"info","message":"GET /api/health","service":"user-service","timestamp":"2025-07-22 03:44:54"}
{"ip":"::1","level":"info","message":"GET /api/health","service":"user-service","timestamp":"2025-07-22 03:45:24"}
{"ip":"::1","level":"info","message":"GET /api/health","service":"user-service","timestamp":"2025-07-22 03:45:55"}
{"ip":"::1","level":"info","message":"GET /api/health","service":"user-service","timestamp":"2025-07-22 03:46:25"}
{"ip":"::1","level":"info","message":"GET /api/health","service":"user-service","timestamp":"2025-07-22 03:46:56"}
{"ip":"::1","level":"info","message":"GET /api/health","service":"user-service","timestamp":"2025-07-22 03:47:26"}
{"ip":"::1","level":"info","message":"GET /api/health","service":"user-service","timestamp":"2025-07-22 03:47:56"}
{"ip":"::1","level":"info","message":"GET /api/health","service":"user-service","timestamp":"2025-07-22 03:48:26"}
{"ip":"::1","level":"info","message":"GET /api/health","service":"user-service","timestamp":"2025-07-22 03:48:56"}
{"ip":"::1","level":"info","message":"GET /api/health","service":"user-service","timestamp":"2025-07-22 03:49:27"}
{"ip":"::1","level":"info","message":"GET /api/health","service":"user-service","timestamp":"2025-07-22 03:49:57"}
{"ip":"::1","level":"info","message":"GET /api/health","service":"user-service","timestamp":"2025-07-22 03:50:27"}
{"ip":"::1","level":"info","message":"GET /api/health","service":"user-service","timestamp":"2025-07-22 03:50:57"}
{"ip":"::1","level":"info","message":"GET /api/health","service":"user-service","timestamp":"2025-07-22 03:51:27"}
{"ip":"::1","level":"info","message":"GET /api/health","service":"user-service","timestamp":"2025-07-22 03:51:58"}
{"ip":"::1","level":"info","message":"GET /api/health","service":"user-service","timestamp":"2025-07-22 03:52:28"}
{"ip":"::1","level":"info","message":"GET /api/health","service":"user-service","timestamp":"2025-07-22 03:52:58"}
{"ip":"::1","level":"info","message":"GET /api/health","service":"user-service","timestamp":"2025-07-22 03:53:28"}
{"ip":"::1","level":"info","message":"GET /api/health","service":"user-service","timestamp":"2025-07-22 03:53:59"}
{"ip":"::1","level":"info","message":"GET /api/health","service":"user-service","timestamp":"2025-07-22 03:54:29"}
{"ip":"::1","level":"info","message":"GET /api/health","service":"user-service","timestamp":"2025-07-22 03:54:59"}
{"ip":"::1","level":"info","message":"GET /api/health","service":"user-service","timestamp":"2025-07-22 03:55:29"}
{"ip":"::1","level":"info","message":"GET /api/health","service":"user-service","timestamp":"2025-07-22 03:55:59"}
{"ip":"::1","level":"info","message":"GET /api/health","service":"user-service","timestamp":"2025-07-22 03:56:29"}
{"ip":"::1","level":"info","message":"GET /api/health","service":"user-service","timestamp":"2025-07-22 03:57:00"}
{"ip":"::1","level":"info","message":"GET /api/health","service":"user-service","timestamp":"2025-07-22 03:57:30"}
{"ip":"::1","level":"info","message":"GET /api/health","service":"user-service","timestamp":"2025-07-22 03:58:00"}
{"ip":"::1","level":"info","message":"GET /api/health","service":"user-service","timestamp":"2025-07-22 03:58:30"}
{"ip":"::1","level":"info","message":"GET /api/health","service":"user-service","timestamp":"2025-07-22 03:59:00"}
{"ip":"::1","level":"info","message":"GET /api/health","service":"user-service","timestamp":"2025-07-22 03:59:31"}
{"ip":"::1","level":"info","message":"GET /api/health","service":"user-service","timestamp":"2025-07-22 04:00:01"}
{"ip":"::1","level":"info","message":"GET /api/health","service":"user-service","timestamp":"2025-07-22 04:00:31"}
{"ip":"::1","level":"info","message":"GET /api/health","service":"user-service","timestamp":"2025-07-22 04:01:01"}
{"ip":"::1","level":"info","message":"GET /api/health","service":"user-service","timestamp":"2025-07-22 04:01:31"}
{"ip":"::1","level":"info","message":"GET /api/health","service":"user-service","timestamp":"2025-07-22 04:02:02"}
{"ip":"::1","level":"info","message":"GET /api/health","service":"user-service","timestamp":"2025-07-22 04:02:32"}
{"ip":"::1","level":"info","message":"GET /api/health","service":"user-service","timestamp":"2025-07-22 04:03:02"}
{"ip":"::1","level":"info","message":"GET /api/health","service":"user-service","timestamp":"2025-07-22 04:03:32"}
{"ip":"::1","level":"info","message":"GET /api/health","service":"user-service","timestamp":"2025-07-22 04:04:02"}
{"ip":"::1","level":"info","message":"GET /api/health","service":"user-service","timestamp":"2025-07-22 04:04:33"}
{"ip":"::1","level":"info","message":"GET /api/health","service":"user-service","timestamp":"2025-07-22 04:05:03"}
{"ip":"::1","level":"info","message":"GET /api/health","service":"user-service","timestamp":"2025-07-22 04:05:33"}
{"ip":"::1","level":"info","message":"GET /api/health","service":"user-service","timestamp":"2025-07-22 04:06:03"}
{"ip":"::1","level":"info","message":"GET /api/health","service":"user-service","timestamp":"2025-07-22 04:06:33"}
{"ip":"::1","level":"info","message":"GET /api/health","service":"user-service","timestamp":"2025-07-22 04:07:04"}
{"ip":"::1","level":"info","message":"GET /api/health","service":"user-service","timestamp":"2025-07-22 04:07:34"}
{"ip":"::1","level":"info","message":"GET /api/health","service":"user-service","timestamp":"2025-07-22 04:08:04"}
{"ip":"::1","level":"info","message":"GET /api/health","service":"user-service","timestamp":"2025-07-22 04:08:34"}
{"ip":"::1","level":"info","message":"GET /api/health","service":"user-service","timestamp":"2025-07-22 04:09:04"}
{"ip":"::1","level":"info","message":"GET /api/health","service":"user-service","timestamp":"2025-07-22 04:09:35"}
{"ip":"::1","level":"info","message":"GET /api/health","service":"user-service","timestamp":"2025-07-22 04:10:05"}
{"ip":"::1","level":"info","message":"GET /api/health","service":"user-service","timestamp":"2025-07-22 04:10:35"}
{"ip":"::1","level":"info","message":"GET /api/health","service":"user-service","timestamp":"2025-07-22 04:11:05"}
{"ip":"::1","level":"info","message":"GET /api/health","service":"user-service","timestamp":"2025-07-22 04:11:35"}
{"ip":"::1","level":"info","message":"GET /api/health","service":"user-service","timestamp":"2025-07-22 04:12:06"}
{"ip":"::1","level":"info","message":"GET /api/health","service":"user-service","timestamp":"2025-07-22 04:12:36"}
{"ip":"::1","level":"info","message":"GET /api/health","service":"user-service","timestamp":"2025-07-22 04:13:06"}
{"ip":"::1","level":"info","message":"GET /api/health","service":"user-service","timestamp":"2025-07-22 04:13:36"}
{"ip":"::1","level":"info","message":"GET /api/health","service":"user-service","timestamp":"2025-07-22 04:14:06"}
{"ip":"::1","level":"info","message":"GET /api/health","service":"user-service","timestamp":"2025-07-22 04:14:37"}
{"ip":"::1","level":"info","message":"GET /api/health","service":"user-service","timestamp":"2025-07-22 04:15:07"}
{"ip":"::1","level":"info","message":"GET /api/health","service":"user-service","timestamp":"2025-07-22 04:15:37"}
{"ip":"::1","level":"info","message":"GET /api/health","service":"user-service","timestamp":"2025-07-22 04:16:07"}
{"ip":"::1","level":"info","message":"GET /api/health","service":"user-service","timestamp":"2025-07-22 04:16:37"}
{"ip":"::1","level":"info","message":"GET /api/health","service":"user-service","timestamp":"2025-07-22 04:17:08"}
{"ip":"::1","level":"info","message":"GET /api/health","service":"user-service","timestamp":"2025-07-22 04:17:38"}
{"ip":"::1","level":"info","message":"GET /api/health","service":"user-service","timestamp":"2025-07-22 04:18:08"}
{"ip":"::1","level":"info","message":"GET /api/health","service":"user-service","timestamp":"2025-07-22 04:18:38"}
{"ip":"::1","level":"info","message":"GET /api/health","service":"user-service","timestamp":"2025-07-22 04:19:08"}
{"ip":"::1","level":"info","message":"GET /api/health","service":"user-service","timestamp":"2025-07-22 04:19:39"}
{"ip":"::1","level":"info","message":"GET /api/health","service":"user-service","timestamp":"2025-07-22 04:20:09"}
{"ip":"::1","level":"info","message":"GET /api/health","service":"user-service","timestamp":"2025-07-22 04:20:39"}
{"ip":"::1","level":"info","message":"GET /api/health","service":"user-service","timestamp":"2025-07-22 04:21:09"}
{"ip":"::1","level":"info","message":"GET /api/health","service":"user-service","timestamp":"2025-07-22 04:21:39"}
{"ip":"::1","level":"info","message":"GET /api/health","service":"user-service","timestamp":"2025-07-22 04:22:10"}
{"ip":"::1","level":"info","message":"GET /api/health","service":"user-service","timestamp":"2025-07-22 04:22:40"}
{"ip":"::1","level":"info","message":"GET /api/health","service":"user-service","timestamp":"2025-07-22 04:23:10"}
{"ip":"::1","level":"info","message":"GET /api/health","service":"user-service","timestamp":"2025-07-22 04:23:40"}
{"ip":"::1","level":"info","message":"GET /api/health","service":"user-service","timestamp":"2025-07-22 04:24:10"}
{"ip":"::1","level":"info","message":"GET /api/health","service":"user-service","timestamp":"2025-07-22 04:24:41"}
{"ip":"::1","level":"info","message":"GET /api/health","service":"user-service","timestamp":"2025-07-22 04:25:11"}
{"ip":"::1","level":"info","message":"GET /api/health","service":"user-service","timestamp":"2025-07-22 04:25:41"}
{"ip":"::1","level":"info","message":"GET /api/health","service":"user-service","timestamp":"2025-07-22 04:26:11"}
{"ip":"::1","level":"info","message":"GET /api/health","service":"user-service","timestamp":"2025-07-22 04:26:41"}
{"ip":"::1","level":"info","message":"GET /api/health","service":"user-service","timestamp":"2025-07-22 04:27:12"}
{"ip":"::1","level":"info","message":"GET /api/health","service":"user-service","timestamp":"2025-07-22 04:27:42"}
{"ip":"::1","level":"info","message":"GET /api/health","service":"user-service","timestamp":"2025-07-22 04:28:12"}
{"ip":"::1","level":"info","message":"GET /api/health","service":"user-service","timestamp":"2025-07-22 04:28:42"}
{"ip":"::1","level":"info","message":"GET /api/health","service":"user-service","timestamp":"2025-07-22 04:29:12"}
{"ip":"::1","level":"info","message":"GET /api/health","service":"user-service","timestamp":"2025-07-22 04:29:43"}
{"ip":"::1","level":"info","message":"GET /api/health","service":"user-service","timestamp":"2025-07-22 04:30:13"}
{"ip":"::1","level":"info","message":"GET /api/health","service":"user-service","timestamp":"2025-07-22 04:30:43"}
{"ip":"::1","level":"info","message":"GET /api/health","service":"user-service","timestamp":"2025-07-22 04:31:13"}
{"ip":"::1","level":"info","message":"GET /api/health","service":"user-service","timestamp":"2025-07-22 04:31:43"}
{"ip":"::1","level":"info","message":"GET /api/health","service":"user-service","timestamp":"2025-07-22 04:32:14"}
{"ip":"::1","level":"info","message":"GET /api/health","service":"user-service","timestamp":"2025-07-22 04:32:44"}
{"ip":"::1","level":"info","message":"GET /api/health","service":"user-service","timestamp":"2025-07-22 04:33:14"}
{"ip":"::1","level":"info","message":"GET /api/health","service":"user-service","timestamp":"2025-07-22 04:33:44"}
{"ip":"::1","level":"info","message":"GET /api/health","service":"user-service","timestamp":"2025-07-22 04:34:14"}
{"ip":"::1","level":"info","message":"GET /api/health","service":"user-service","timestamp":"2025-07-22 04:34:45"}
{"ip":"::1","level":"info","message":"GET /api/health","service":"user-service","timestamp":"2025-07-22 04:35:15"}
{"ip":"::1","level":"info","message":"GET /api/health","service":"user-service","timestamp":"2025-07-22 04:35:45"}
{"ip":"::1","level":"info","message":"GET /api/health","service":"user-service","timestamp":"2025-07-22 04:36:15"}
{"ip":"::1","level":"info","message":"GET /api/health","service":"user-service","timestamp":"2025-07-22 04:36:45"}
{"ip":"::1","level":"info","message":"GET /api/health","service":"user-service","timestamp":"2025-07-22 04:37:16"}
{"ip":"::1","level":"info","message":"GET /api/health","service":"user-service","timestamp":"2025-07-22 04:37:46"}
{"ip":"::1","level":"info","message":"GET /api/health","service":"user-service","timestamp":"2025-07-22 04:38:16"}
{"ip":"::1","level":"info","message":"GET /api/health","service":"user-service","timestamp":"2025-07-22 04:38:46"}
{"ip":"::1","level":"info","message":"GET /api/health","service":"user-service","timestamp":"2025-07-22 04:39:16"}
{"ip":"::1","level":"info","message":"GET /api/health","service":"user-service","timestamp":"2025-07-22 04:39:47"}
{"ip":"::1","level":"info","message":"GET /api/health","service":"user-service","timestamp":"2025-07-22 04:40:17"}
{"ip":"::1","level":"info","message":"GET /api/health","service":"user-service","timestamp":"2025-07-22 04:40:47"}
{"ip":"::1","level":"info","message":"GET /api/health","service":"user-service","timestamp":"2025-07-22 04:41:17"}
{"ip":"::1","level":"info","message":"GET /api/health","service":"user-service","timestamp":"2025-07-22 04:41:47"}
{"ip":"::1","level":"info","message":"GET /api/health","service":"user-service","timestamp":"2025-07-22 04:42:18"}
{"ip":"::1","level":"info","message":"GET /api/health","service":"user-service","timestamp":"2025-07-22 04:42:48"}
{"ip":"::1","level":"info","message":"GET /api/health","service":"user-service","timestamp":"2025-07-22 04:43:18"}
{"ip":"::1","level":"info","message":"GET /api/health","service":"user-service","timestamp":"2025-07-22 04:43:48"}
{"ip":"::1","level":"info","message":"GET /api/health","service":"user-service","timestamp":"2025-07-22 04:44:18"}
{"ip":"::1","level":"info","message":"GET /api/health","service":"user-service","timestamp":"2025-07-22 04:44:49"}
{"ip":"::1","level":"info","message":"GET /api/health","service":"user-service","timestamp":"2025-07-22 04:45:19"}
{"ip":"::1","level":"info","message":"GET /api/health","service":"user-service","timestamp":"2025-07-22 04:45:49"}
{"ip":"::1","level":"info","message":"GET /api/health","service":"user-service","timestamp":"2025-07-22 04:46:19"}
{"ip":"::1","level":"info","message":"GET /api/health","service":"user-service","timestamp":"2025-07-22 04:46:49"}
{"ip":"::1","level":"info","message":"GET /api/health","service":"user-service","timestamp":"2025-07-22 04:47:20"}
{"ip":"::1","level":"info","message":"GET /api/health","service":"user-service","timestamp":"2025-07-22 04:47:50"}
{"ip":"::1","level":"info","message":"GET /api/health","service":"user-service","timestamp":"2025-07-22 04:48:20"}
{"ip":"::1","level":"info","message":"GET /api/health","service":"user-service","timestamp":"2025-07-22 04:48:50"}
{"ip":"::1","level":"info","message":"GET /api/health","service":"user-service","timestamp":"2025-07-22 04:49:20"}
{"ip":"::1","level":"info","message":"GET /api/health","service":"user-service","timestamp":"2025-07-22 04:49:51"}
{"ip":"::1","level":"info","message":"GET /api/health","service":"user-service","timestamp":"2025-07-22 04:50:21"}
{"ip":"::1","level":"info","message":"GET /api/health","service":"user-service","timestamp":"2025-07-22 04:50:51"}
{"ip":"::1","level":"info","message":"GET /api/health","service":"user-service","timestamp":"2025-07-22 04:51:21"}
{"ip":"::1","level":"info","message":"GET /api/health","service":"user-service","timestamp":"2025-07-22 04:51:51"}
{"ip":"::1","level":"info","message":"GET /api/health","service":"user-service","timestamp":"2025-07-22 04:52:21"}
{"ip":"::1","level":"info","message":"GET /api/health","service":"user-service","timestamp":"2025-07-22 04:52:52"}
{"ip":"::1","level":"info","message":"GET /api/health","service":"user-service","timestamp":"2025-07-22 04:53:22"}
{"ip":"::1","level":"info","message":"GET /api/health","service":"user-service","timestamp":"2025-07-22 04:53:52"}
{"ip":"::1","level":"info","message":"GET /api/health","service":"user-service","timestamp":"2025-07-22 04:54:22"}
{"ip":"::1","level":"info","message":"GET /api/health","service":"user-service","timestamp":"2025-07-22 04:54:53"}
{"ip":"::1","level":"info","message":"GET /api/health","service":"user-service","timestamp":"2025-07-22 04:55:23"}
{"ip":"::1","level":"info","message":"GET /api/health","service":"user-service","timestamp":"2025-07-22 04:55:53"}
{"ip":"::1","level":"info","message":"GET /api/health","service":"user-service","timestamp":"2025-07-22 04:56:23"}
{"ip":"::1","level":"info","message":"GET /api/health","service":"user-service","timestamp":"2025-07-22 04:56:53"}
{"ip":"::1","level":"info","message":"GET /api/health","service":"user-service","timestamp":"2025-07-22 04:57:24"}
{"ip":"::1","level":"info","message":"GET /api/health","service":"user-service","timestamp":"2025-07-22 04:57:54"}
{"ip":"::1","level":"info","message":"GET /api/health","service":"user-service","timestamp":"2025-07-22 04:58:24"}
{"ip":"::1","level":"info","message":"GET /api/health","service":"user-service","timestamp":"2025-07-22 04:58:54"}
{"ip":"::1","level":"info","message":"GET /api/health","service":"user-service","timestamp":"2025-07-22 04:59:24"}
{"ip":"::1","level":"info","message":"GET /api/health","service":"user-service","timestamp":"2025-07-22 04:59:55"}
{"ip":"::1","level":"info","message":"GET /api/health","service":"user-service","timestamp":"2025-07-22 05:00:25"}
{"ip":"::1","level":"info","message":"GET /api/health","service":"user-service","timestamp":"2025-07-22 05:00:55"}
{"ip":"::1","level":"info","message":"GET /api/health","service":"user-service","timestamp":"2025-07-22 05:01:25"}
{"ip":"::1","level":"info","message":"GET /api/health","service":"user-service","timestamp":"2025-07-22 05:01:56"}
{"ip":"::1","level":"info","message":"GET /api/health","service":"user-service","timestamp":"2025-07-22 05:02:26"}
{"ip":"::1","level":"info","message":"GET /api/health","service":"user-service","timestamp":"2025-07-22 05:02:56"}
{"ip":"::1","level":"info","message":"GET /api/health","service":"user-service","timestamp":"2025-07-22 05:03:26"}
{"ip":"::1","level":"info","message":"GET /api/health","service":"user-service","timestamp":"2025-07-22 05:03:56"}
{"ip":"::1","level":"info","message":"GET /api/health","service":"user-service","timestamp":"2025-07-22 05:04:27"}
{"ip":"::1","level":"info","message":"GET /api/health","service":"user-service","timestamp":"2025-07-22 05:04:57"}
{"ip":"::1","level":"info","message":"GET /api/health","service":"user-service","timestamp":"2025-07-22 05:05:27"}
{"ip":"::1","level":"info","message":"GET /api/health","service":"user-service","timestamp":"2025-07-22 05:05:57"}
{"ip":"::1","level":"info","message":"GET /api/health","service":"user-service","timestamp":"2025-07-22 05:06:27"}
{"ip":"::1","level":"info","message":"GET /api/health","service":"user-service","timestamp":"2025-07-22 05:06:58"}
{"ip":"::1","level":"info","message":"GET /api/health","service":"user-service","timestamp":"2025-07-22 05:07:28"}
{"ip":"::1","level":"info","message":"GET /api/health","service":"user-service","timestamp":"2025-07-22 05:07:58"}
{"ip":"::1","level":"info","message":"GET /api/health","service":"user-service","timestamp":"2025-07-22 05:08:28"}
{"ip":"::1","level":"info","message":"GET /api/health","service":"user-service","timestamp":"2025-07-22 05:08:59"}
{"ip":"::1","level":"info","message":"GET /api/health","service":"user-service","timestamp":"2025-07-22 05:09:29"}
{"ip":"::1","level":"info","message":"GET /api/health","service":"user-service","timestamp":"2025-07-22 05:09:59"}
{"ip":"::1","level":"info","message":"GET /api/health","service":"user-service","timestamp":"2025-07-22 05:10:29"}
{"ip":"::1","level":"info","message":"GET /api/health","service":"user-service","timestamp":"2025-07-22 05:10:59"}
{"ip":"::1","level":"info","message":"GET /api/health","service":"user-service","timestamp":"2025-07-22 05:11:30"}
{"ip":"::1","level":"info","message":"GET /api/health","service":"user-service","timestamp":"2025-07-22 05:12:00"}
{"ip":"::1","level":"info","message":"GET /api/health","service":"user-service","timestamp":"2025-07-22 05:12:30"}
{"ip":"::1","level":"info","message":"GET /api/health","service":"user-service","timestamp":"2025-07-22 05:13:00"}
{"ip":"::1","level":"info","message":"GET /api/health","service":"user-service","timestamp":"2025-07-22 05:13:30"}
{"ip":"::1","level":"info","message":"GET /api/health","service":"user-service","timestamp":"2025-07-22 05:14:01"}
{"ip":"::1","level":"info","message":"GET /api/health","service":"user-service","timestamp":"2025-07-22 05:14:31"}
{"ip":"::1","level":"info","message":"GET /api/health","service":"user-service","timestamp":"2025-07-22 05:15:01"}
{"ip":"::1","level":"info","message":"GET /api/health","service":"user-service","timestamp":"2025-07-22 05:15:31"}
{"ip":"::1","level":"info","message":"GET /api/health","service":"user-service","timestamp":"2025-07-22 05:16:01"}
{"ip":"::1","level":"info","message":"GET /api/health","service":"user-service","timestamp":"2025-07-22 05:16:32"}
{"ip":"::1","level":"info","message":"GET /api/health","service":"user-service","timestamp":"2025-07-22 05:17:02"}
{"ip":"::1","level":"info","message":"GET /api/health","service":"user-service","timestamp":"2025-07-22 05:17:32"}
{"ip":"::1","level":"info","message":"GET /api/health","service":"user-service","timestamp":"2025-07-22 05:18:02"}
{"ip":"::1","level":"info","message":"GET /api/health","service":"user-service","timestamp":"2025-07-22 05:18:32"}
{"ip":"::1","level":"info","message":"GET /api/health","service":"user-service","timestamp":"2025-07-22 05:19:03"}
{"ip":"::1","level":"info","message":"GET /api/health","service":"user-service","timestamp":"2025-07-22 05:19:33"}
{"ip":"::1","level":"info","message":"GET /api/health","service":"user-service","timestamp":"2025-07-22 05:20:03"}
{"ip":"::1","level":"info","message":"GET /api/health","service":"user-service","timestamp":"2025-07-22 05:20:33"}
{"ip":"::1","level":"info","message":"GET /api/health","service":"user-service","timestamp":"2025-07-22 05:21:03"}
{"ip":"::1","level":"info","message":"GET /api/health","service":"user-service","timestamp":"2025-07-22 05:21:34"}
{"ip":"::1","level":"info","message":"GET /api/health","service":"user-service","timestamp":"2025-07-22 05:22:04"}
{"ip":"::1","level":"info","message":"GET /api/health","service":"user-service","timestamp":"2025-07-22 05:22:34"}
{"ip":"::1","level":"info","message":"GET /api/health","service":"user-service","timestamp":"2025-07-22 05:23:04"}
{"ip":"::1","level":"info","message":"GET /api/health","service":"user-service","timestamp":"2025-07-22 05:23:34"}
{"ip":"::1","level":"info","message":"GET /api/health","service":"user-service","timestamp":"2025-07-22 05:24:05"}
{"ip":"::1","level":"info","message":"GET /api/health","service":"user-service","timestamp":"2025-07-22 05:24:35"}
{"ip":"::1","level":"info","message":"GET /api/health","service":"user-service","timestamp":"2025-07-22 05:25:05"}
{"ip":"::1","level":"info","message":"GET /api/health","service":"user-service","timestamp":"2025-07-22 05:25:35"}
{"ip":"::1","level":"info","message":"GET /api/health","service":"user-service","timestamp":"2025-07-22 05:26:05"}
{"ip":"::1","level":"info","message":"GET /api/health","service":"user-service","timestamp":"2025-07-22 05:26:36"}
{"ip":"::1","level":"info","message":"GET /api/health","service":"user-service","timestamp":"2025-07-22 05:27:06"}
{"ip":"::1","level":"info","message":"GET /api/health","service":"user-service","timestamp":"2025-07-22 05:27:36"}
{"ip":"::1","level":"info","message":"GET /api/health","service":"user-service","timestamp":"2025-07-22 05:28:06"}
{"ip":"::1","level":"info","message":"GET /api/health","service":"user-service","timestamp":"2025-07-22 05:28:36"}
{"ip":"::1","level":"info","message":"GET /api/health","service":"user-service","timestamp":"2025-07-22 05:29:06"}
{"ip":"::1","level":"info","message":"GET /api/health","service":"user-service","timestamp":"2025-07-22 05:29:37"}
{"ip":"::1","level":"info","message":"GET /api/health","service":"user-service","timestamp":"2025-07-22 05:30:07"}
{"ip":"::1","level":"info","message":"GET /api/health","service":"user-service","timestamp":"2025-07-22 05:30:37"}
{"ip":"::1","level":"info","message":"GET /api/health","service":"user-service","timestamp":"2025-07-22 05:31:07"}
{"ip":"::1","level":"info","message":"GET /api/health","service":"user-service","timestamp":"2025-07-22 05:31:37"}
{"ip":"::1","level":"info","message":"GET /api/health","service":"user-service","timestamp":"2025-07-22 05:32:08"}
{"ip":"::1","level":"info","message":"GET /api/health","service":"user-service","timestamp":"2025-07-22 05:32:38"}
{"ip":"::1","level":"info","message":"GET /api/health","service":"user-service","timestamp":"2025-07-22 05:33:08"}
{"ip":"::1","level":"info","message":"GET /api/health","service":"user-service","timestamp":"2025-07-22 05:33:38"}
{"ip":"::1","level":"info","message":"GET /api/health","service":"user-service","timestamp":"2025-07-22 05:34:08"}
{"ip":"::1","level":"info","message":"GET /api/health","service":"user-service","timestamp":"2025-07-22 05:34:39"}
{"ip":"::1","level":"info","message":"GET /api/health","service":"user-service","timestamp":"2025-07-22 05:35:09"}
{"ip":"::1","level":"info","message":"GET /api/health","service":"user-service","timestamp":"2025-07-22 05:35:39"}
{"ip":"::1","level":"info","message":"GET /api/health","service":"user-service","timestamp":"2025-07-22 05:36:09"}
{"ip":"::1","level":"info","message":"GET /api/health","service":"user-service","timestamp":"2025-07-22 05:36:39"}
{"ip":"::1","level":"info","message":"GET /api/health","service":"user-service","timestamp":"2025-07-22 05:37:10"}
{"ip":"::1","level":"info","message":"GET /api/health","service":"user-service","timestamp":"2025-07-22 05:37:40"}
{"ip":"::1","level":"info","message":"GET /api/health","service":"user-service","timestamp":"2025-07-22 05:38:10"}
{"ip":"::1","level":"info","message":"GET /api/health","service":"user-service","timestamp":"2025-07-22 05:38:40"}
{"ip":"::1","level":"info","message":"GET /api/health","service":"user-service","timestamp":"2025-07-22 05:39:10"}
{"ip":"::1","level":"info","message":"GET /api/health","service":"user-service","timestamp":"2025-07-22 05:39:41"}
{"ip":"::1","level":"info","message":"GET /api/health","service":"user-service","timestamp":"2025-07-22 05:40:11"}
{"ip":"::1","level":"info","message":"GET /api/health","service":"user-service","timestamp":"2025-07-22 05:40:41"}
{"ip":"::1","level":"info","message":"GET /api/health","service":"user-service","timestamp":"2025-07-22 05:41:11"}
{"ip":"::1","level":"info","message":"GET /api/health","service":"user-service","timestamp":"2025-07-22 05:41:41"}
{"ip":"::1","level":"info","message":"GET /api/health","service":"user-service","timestamp":"2025-07-22 05:42:12"}
{"ip":"::1","level":"info","message":"GET /api/health","service":"user-service","timestamp":"2025-07-22 05:42:42"}
{"ip":"::1","level":"info","message":"GET /api/health","service":"user-service","timestamp":"2025-07-22 05:43:12"}
{"ip":"::1","level":"info","message":"GET /api/health","service":"user-service","timestamp":"2025-07-22 05:43:42"}
{"ip":"::1","level":"info","message":"GET /api/health","service":"user-service","timestamp":"2025-07-22 05:44:12"}
{"ip":"::1","level":"info","message":"GET /api/health","service":"user-service","timestamp":"2025-07-22 05:44:43"}
{"ip":"::1","level":"info","message":"GET /api/health","service":"user-service","timestamp":"2025-07-22 05:45:13"}
{"ip":"::1","level":"info","message":"GET /api/health","service":"user-service","timestamp":"2025-07-22 05:45:43"}
{"ip":"::1","level":"info","message":"GET /api/health","service":"user-service","timestamp":"2025-07-22 05:46:13"}
{"ip":"::1","level":"info","message":"GET /api/health","service":"user-service","timestamp":"2025-07-22 05:46:44"}
{"ip":"::1","level":"info","message":"GET /api/health","service":"user-service","timestamp":"2025-07-22 05:47:14"}
{"ip":"::1","level":"info","message":"GET /api/health","service":"user-service","timestamp":"2025-07-22 05:47:44"}
{"ip":"::1","level":"info","message":"GET /api/health","service":"user-service","timestamp":"2025-07-22 05:48:14"}
{"ip":"::1","level":"info","message":"GET /api/health","service":"user-service","timestamp":"2025-07-22 05:48:44"}
{"ip":"::1","level":"info","message":"GET /api/health","service":"user-service","timestamp":"2025-07-22 05:49:15"}
{"ip":"::1","level":"info","message":"GET /api/health","service":"user-service","timestamp":"2025-07-22 05:49:45"}
{"ip":"::1","level":"info","message":"GET /api/health","service":"user-service","timestamp":"2025-07-22 05:50:15"}
{"ip":"::1","level":"info","message":"GET /api/health","service":"user-service","timestamp":"2025-07-22 05:50:45"}
{"ip":"::1","level":"info","message":"GET /api/health","service":"user-service","timestamp":"2025-07-22 05:51:15"}
{"ip":"::1","level":"info","message":"GET /api/health","service":"user-service","timestamp":"2025-07-22 05:51:46"}
{"ip":"::1","level":"info","message":"GET /api/health","service":"user-service","timestamp":"2025-07-22 05:52:16"}
{"ip":"::1","level":"info","message":"GET /api/health","service":"user-service","timestamp":"2025-07-22 05:52:46"}
{"ip":"::1","level":"info","message":"GET /api/health","service":"user-service","timestamp":"2025-07-22 05:53:16"}
{"ip":"::1","level":"info","message":"GET /api/health","service":"user-service","timestamp":"2025-07-22 05:53:46"}
{"ip":"::1","level":"info","message":"GET /api/health","service":"user-service","timestamp":"2025-07-22 05:54:16"}
{"ip":"::1","level":"info","message":"GET /api/health","service":"user-service","timestamp":"2025-07-22 05:54:47"}
{"ip":"::1","level":"info","message":"GET /api/health","service":"user-service","timestamp":"2025-07-22 05:55:17"}
{"ip":"::1","level":"info","message":"GET /api/health","service":"user-service","timestamp":"2025-07-22 05:55:47"}
{"ip":"::1","level":"info","message":"GET /api/health","service":"user-service","timestamp":"2025-07-22 05:56:17"}
{"ip":"::1","level":"info","message":"GET /api/health","service":"user-service","timestamp":"2025-07-22 05:56:48"}
{"ip":"::1","level":"info","message":"GET /api/health","service":"user-service","timestamp":"2025-07-22 05:57:18"}
{"ip":"::1","level":"info","message":"GET /api/health","service":"user-service","timestamp":"2025-07-22 05:57:48"}
{"ip":"::1","level":"info","message":"GET /api/health","service":"user-service","timestamp":"2025-07-22 05:58:18"}
{"ip":"::1","level":"info","message":"GET /api/health","service":"user-service","timestamp":"2025-07-22 05:58:48"}
{"ip":"::1","level":"info","message":"GET /api/health","service":"user-service","timestamp":"2025-07-22 05:59:19"}
{"ip":"::1","level":"info","message":"GET /api/health","service":"user-service","timestamp":"2025-07-22 05:59:49"}
{"ip":"::1","level":"info","message":"GET /api/health","service":"user-service","timestamp":"2025-07-22 06:00:19"}
{"ip":"::1","level":"info","message":"GET /api/health","service":"user-service","timestamp":"2025-07-22 06:00:49"}
{"ip":"::1","level":"info","message":"GET /api/health","service":"user-service","timestamp":"2025-07-22 06:01:19"}
{"ip":"::1","level":"info","message":"GET /api/health","service":"user-service","timestamp":"2025-07-22 06:01:50"}
{"ip":"::1","level":"info","message":"GET /api/health","service":"user-service","timestamp":"2025-07-22 06:02:20"}
{"ip":"::1","level":"info","message":"GET /api/health","service":"user-service","timestamp":"2025-07-22 06:02:50"}
{"ip":"::1","level":"info","message":"GET /api/health","service":"user-service","timestamp":"2025-07-22 06:03:20"}
{"ip":"::1","level":"info","message":"GET /api/health","service":"user-service","timestamp":"2025-07-22 06:03:50"}
{"ip":"::1","level":"info","message":"GET /api/health","service":"user-service","timestamp":"2025-07-22 06:04:21"}
{"ip":"::1","level":"info","message":"GET /api/health","service":"user-service","timestamp":"2025-07-22 06:04:51"}
{"ip":"::1","level":"info","message":"GET /api/health","service":"user-service","timestamp":"2025-07-22 06:05:21"}
{"ip":"::1","level":"info","message":"GET /api/health","service":"user-service","timestamp":"2025-07-22 06:05:51"}
{"ip":"::1","level":"info","message":"GET /api/health","service":"user-service","timestamp":"2025-07-22 06:06:21"}
{"ip":"::1","level":"info","message":"GET /api/health","service":"user-service","timestamp":"2025-07-22 06:06:52"}
{"ip":"::1","level":"info","message":"GET /api/health","service":"user-service","timestamp":"2025-07-22 06:07:22"}
{"ip":"::1","level":"info","message":"GET /api/health","service":"user-service","timestamp":"2025-07-22 06:07:52"}
{"ip":"::1","level":"info","message":"GET /api/health","service":"user-service","timestamp":"2025-07-22 06:08:22"}
{"ip":"::1","level":"info","message":"GET /api/health","service":"user-service","timestamp":"2025-07-22 06:08:52"}
{"ip":"::1","level":"info","message":"GET /api/health","service":"user-service","timestamp":"2025-07-22 06:09:23"}
{"ip":"::1","level":"info","message":"GET /api/health","service":"user-service","timestamp":"2025-07-22 06:09:53"}
{"ip":"::1","level":"info","message":"GET /api/health","service":"user-service","timestamp":"2025-07-22 06:10:23"}
{"ip":"::1","level":"info","message":"GET /api/health","service":"user-service","timestamp":"2025-07-22 06:10:53"}
{"ip":"::1","level":"info","message":"GET /api/health","service":"user-service","timestamp":"2025-07-22 06:11:23"}
{"ip":"::1","level":"info","message":"GET /api/health","service":"user-service","timestamp":"2025-07-22 06:11:54"}
{"ip":"::1","level":"info","message":"GET /api/health","service":"user-service","timestamp":"2025-07-22 06:12:24"}
{"ip":"::1","level":"info","message":"GET /api/health","service":"user-service","timestamp":"2025-07-22 06:12:54"}
{"ip":"::1","level":"info","message":"GET /api/health","service":"user-service","timestamp":"2025-07-22 06:13:24"}
{"ip":"::1","level":"info","message":"GET /api/health","service":"user-service","timestamp":"2025-07-22 06:13:54"}
{"ip":"::1","level":"info","message":"GET /api/health","service":"user-service","timestamp":"2025-07-22 06:14:25"}
{"ip":"::1","level":"info","message":"GET /api/health","service":"user-service","timestamp":"2025-07-22 06:14:55"}
{"ip":"::1","level":"info","message":"GET /api/health","service":"user-service","timestamp":"2025-07-22 06:15:25"}
{"ip":"::1","level":"info","message":"GET /api/health","service":"user-service","timestamp":"2025-07-22 06:15:55"}
{"ip":"::1","level":"info","message":"GET /api/health","service":"user-service","timestamp":"2025-07-22 06:16:25"}
{"ip":"::1","level":"info","message":"GET /api/health","service":"user-service","timestamp":"2025-07-22 06:16:56"}
{"ip":"::1","level":"info","message":"GET /api/health","service":"user-service","timestamp":"2025-07-22 06:17:26"}
{"ip":"::1","level":"info","message":"GET /api/health","service":"user-service","timestamp":"2025-07-22 06:17:56"}
{"ip":"::1","level":"info","message":"GET /api/health","service":"user-service","timestamp":"2025-07-22 06:18:26"}
{"ip":"::1","level":"info","message":"GET /api/health","service":"user-service","timestamp":"2025-07-22 06:18:56"}
{"ip":"::1","level":"info","message":"GET /api/health","service":"user-service","timestamp":"2025-07-22 06:19:27"}
{"ip":"::1","level":"info","message":"GET /api/health","service":"user-service","timestamp":"2025-07-22 06:19:57"}
{"ip":"::1","level":"info","message":"GET /api/health","service":"user-service","timestamp":"2025-07-22 06:20:27"}
{"ip":"::1","level":"info","message":"GET /api/health","service":"user-service","timestamp":"2025-07-22 06:20:57"}
{"ip":"::1","level":"info","message":"GET /api/health","service":"user-service","timestamp":"2025-07-22 06:21:27"}
{"ip":"::1","level":"info","message":"GET /api/health","service":"user-service","timestamp":"2025-07-22 06:21:58"}
{"ip":"::1","level":"info","message":"GET /api/health","service":"user-service","timestamp":"2025-07-22 06:22:28"}
{"ip":"::1","level":"info","message":"GET /api/health","service":"user-service","timestamp":"2025-07-22 06:22:58"}
{"ip":"::1","level":"info","message":"GET /api/health","service":"user-service","timestamp":"2025-07-22 06:23:28"}
{"ip":"::1","level":"info","message":"GET /api/health","service":"user-service","timestamp":"2025-07-22 06:23:58"}
{"ip":"::1","level":"info","message":"GET /api/health","service":"user-service","timestamp":"2025-07-22 06:24:29"}
{"ip":"::1","level":"info","message":"GET /api/health","service":"user-service","timestamp":"2025-07-22 06:24:59"}
{"ip":"::1","level":"info","message":"GET /api/health","service":"user-service","timestamp":"2025-07-22 06:25:29"}
{"ip":"::1","level":"info","message":"GET /api/health","service":"user-service","timestamp":"2025-07-22 06:25:59"}
{"ip":"::1","level":"info","message":"GET /api/health","service":"user-service","timestamp":"2025-07-22 06:26:30"}
{"ip":"::1","level":"info","message":"GET /api/health","service":"user-service","timestamp":"2025-07-22 06:27:00"}
{"ip":"::1","level":"info","message":"GET /api/health","service":"user-service","timestamp":"2025-07-22 06:27:30"}
{"ip":"::1","level":"info","message":"GET /api/health","service":"user-service","timestamp":"2025-07-22 06:28:00"}
{"ip":"::1","level":"info","message":"GET /api/health","service":"user-service","timestamp":"2025-07-22 06:28:30"}
{"ip":"::1","level":"info","message":"GET /api/health","service":"user-service","timestamp":"2025-07-22 06:29:01"}
{"ip":"::1","level":"info","message":"GET /api/health","service":"user-service","timestamp":"2025-07-22 06:29:31"}
{"ip":"::1","level":"info","message":"GET /api/health","service":"user-service","timestamp":"2025-07-22 06:30:01"}
{"ip":"::1","level":"info","message":"GET /api/health","service":"user-service","timestamp":"2025-07-22 06:30:31"}
{"ip":"::1","level":"info","message":"GET /api/health","service":"user-service","timestamp":"2025-07-22 06:31:02"}
{"ip":"::1","level":"info","message":"GET /api/health","service":"user-service","timestamp":"2025-07-22 06:31:32"}
{"ip":"::1","level":"info","message":"GET /api/health","service":"user-service","timestamp":"2025-07-22 06:32:02"}
{"ip":"::1","level":"info","message":"GET /api/health","service":"user-service","timestamp":"2025-07-22 06:32:32"}
{"ip":"::1","level":"info","message":"GET /api/health","service":"user-service","timestamp":"2025-07-22 06:33:02"}
{"ip":"::1","level":"info","message":"GET /api/health","service":"user-service","timestamp":"2025-07-22 06:33:33"}
{"ip":"::1","level":"info","message":"GET /api/health","service":"user-service","timestamp":"2025-07-22 06:34:03"}
{"ip":"::1","level":"info","message":"GET /api/health","service":"user-service","timestamp":"2025-07-22 06:34:33"}
{"ip":"::1","level":"info","message":"GET /api/health","service":"user-service","timestamp":"2025-07-22 06:35:03"}
{"ip":"::1","level":"info","message":"GET /api/health","service":"user-service","timestamp":"2025-07-22 06:35:33"}
{"ip":"::1","level":"info","message":"GET /api/health","service":"user-service","timestamp":"2025-07-22 06:36:04"}
{"ip":"::1","level":"info","message":"GET /api/health","service":"user-service","timestamp":"2025-07-22 06:36:34"}
{"ip":"::1","level":"info","message":"GET /api/health","service":"user-service","timestamp":"2025-07-22 06:37:04"}
{"ip":"::1","level":"info","message":"GET /api/health","service":"user-service","timestamp":"2025-07-22 06:37:34"}
{"ip":"::1","level":"info","message":"GET /api/health","service":"user-service","timestamp":"2025-07-22 06:38:04"}
{"ip":"::1","level":"info","message":"GET /api/health","service":"user-service","timestamp":"2025-07-22 06:38:35"}
{"ip":"::1","level":"info","message":"GET /api/health","service":"user-service","timestamp":"2025-07-22 06:39:05"}
{"ip":"::1","level":"info","message":"GET /api/health","service":"user-service","timestamp":"2025-07-22 06:39:35"}
{"ip":"::1","level":"info","message":"GET /api/health","service":"user-service","timestamp":"2025-07-22 06:40:05"}
{"ip":"::1","level":"info","message":"GET /api/health","service":"user-service","timestamp":"2025-07-22 06:40:35"}
{"ip":"::1","level":"info","message":"GET /api/health","service":"user-service","timestamp":"2025-07-22 06:41:06"}
{"ip":"::1","level":"info","message":"GET /api/health","service":"user-service","timestamp":"2025-07-22 06:41:36"}
{"ip":"::1","level":"info","message":"GET /api/health","service":"user-service","timestamp":"2025-07-22 06:42:06"}
{"ip":"::1","level":"info","message":"GET /api/health","service":"user-service","timestamp":"2025-07-22 06:42:36"}
{"ip":"::1","level":"info","message":"GET /api/health","service":"user-service","timestamp":"2025-07-22 06:43:06"}
{"ip":"::1","level":"info","message":"GET /api/health","service":"user-service","timestamp":"2025-07-22 06:43:36"}
{"ip":"::1","level":"info","message":"GET /api/health","service":"user-service","timestamp":"2025-07-22 06:44:07"}
{"ip":"::1","level":"info","message":"GET /api/health","service":"user-service","timestamp":"2025-07-22 06:44:37"}
{"ip":"::1","level":"info","message":"GET /api/health","service":"user-service","timestamp":"2025-07-22 06:45:07"}
{"ip":"::1","level":"info","message":"GET /api/health","service":"user-service","timestamp":"2025-07-22 06:45:37"}
{"ip":"::1","level":"info","message":"GET /api/health","service":"user-service","timestamp":"2025-07-22 06:46:07"}
{"ip":"::1","level":"info","message":"GET /api/health","service":"user-service","timestamp":"2025-07-22 06:46:38"}
{"ip":"::1","level":"info","message":"GET /api/health","service":"user-service","timestamp":"2025-07-22 06:47:08"}
{"ip":"::1","level":"info","message":"GET /api/health","service":"user-service","timestamp":"2025-07-22 06:47:38"}
{"ip":"::1","level":"info","message":"GET /api/health","service":"user-service","timestamp":"2025-07-22 06:48:08"}
{"ip":"::1","level":"info","message":"GET /api/health","service":"user-service","timestamp":"2025-07-22 06:48:38"}
{"ip":"::1","level":"info","message":"GET /api/health","service":"user-service","timestamp":"2025-07-22 06:49:09"}
{"ip":"::1","level":"info","message":"GET /api/health","service":"user-service","timestamp":"2025-07-22 06:49:39"}
{"ip":"::1","level":"info","message":"GET /api/health","service":"user-service","timestamp":"2025-07-22 06:50:09"}
{"ip":"::1","level":"info","message":"GET /api/health","service":"user-service","timestamp":"2025-07-22 06:50:39"}
{"ip":"::1","level":"info","message":"GET /api/health","service":"user-service","timestamp":"2025-07-22 06:51:09"}
{"ip":"::1","level":"info","message":"GET /api/health","service":"user-service","timestamp":"2025-07-22 06:51:40"}
{"ip":"::1","level":"info","message":"GET /api/health","service":"user-service","timestamp":"2025-07-22 06:52:10"}
{"ip":"::1","level":"info","message":"GET /api/health","service":"user-service","timestamp":"2025-07-22 06:52:40"}
{"ip":"::1","level":"info","message":"GET /api/health","service":"user-service","timestamp":"2025-07-22 06:53:10"}
{"ip":"::1","level":"info","message":"GET /api/health","service":"user-service","timestamp":"2025-07-22 06:53:40"}
{"ip":"::1","level":"info","message":"GET /api/health","service":"user-service","timestamp":"2025-07-22 06:54:11"}
{"ip":"::1","level":"info","message":"GET /api/health","service":"user-service","timestamp":"2025-07-22 06:54:41"}
{"ip":"::1","level":"info","message":"GET /api/health","service":"user-service","timestamp":"2025-07-22 06:55:11"}
{"ip":"::1","level":"info","message":"GET /api/health","service":"user-service","timestamp":"2025-07-22 06:55:41"}
{"ip":"::1","level":"info","message":"GET /api/health","service":"user-service","timestamp":"2025-07-22 06:56:11"}
{"ip":"::1","level":"info","message":"GET /api/health","service":"user-service","timestamp":"2025-07-22 06:56:42"}
{"ip":"::1","level":"info","message":"GET /api/health","service":"user-service","timestamp":"2025-07-22 06:57:12"}
{"ip":"::1","level":"info","message":"GET /api/health","service":"user-service","timestamp":"2025-07-22 06:57:42"}
{"ip":"::1","level":"info","message":"GET /api/health","service":"user-service","timestamp":"2025-07-22 06:58:12"}
{"ip":"::1","level":"info","message":"GET /api/health","service":"user-service","timestamp":"2025-07-22 06:58:42"}
{"ip":"::1","level":"info","message":"GET /api/health","service":"user-service","timestamp":"2025-07-22 06:59:13"}
{"ip":"::1","level":"info","message":"GET /api/health","service":"user-service","timestamp":"2025-07-22 06:59:43"}
{"ip":"::1","level":"info","message":"GET /api/health","service":"user-service","timestamp":"2025-07-22 07:00:13"}
{"ip":"::1","level":"info","message":"GET /api/health","service":"user-service","timestamp":"2025-07-22 07:00:43"}
{"ip":"::1","level":"info","message":"GET /api/health","service":"user-service","timestamp":"2025-07-22 07:01:13"}
{"ip":"::1","level":"info","message":"GET /api/health","service":"user-service","timestamp":"2025-07-22 07:01:44"}
{"ip":"::1","level":"info","message":"GET /api/health","service":"user-service","timestamp":"2025-07-22 07:02:14"}
{"ip":"::1","level":"info","message":"GET /api/health","service":"user-service","timestamp":"2025-07-22 07:02:44"}
{"ip":"::1","level":"info","message":"GET /api/health","service":"user-service","timestamp":"2025-07-22 07:03:14"}
{"ip":"::1","level":"info","message":"GET /api/health","service":"user-service","timestamp":"2025-07-22 07:03:44"}
{"ip":"::1","level":"info","message":"GET /api/health","service":"user-service","timestamp":"2025-07-22 07:04:15"}
{"ip":"::1","level":"info","message":"GET /api/health","service":"user-service","timestamp":"2025-07-22 07:04:45"}
{"ip":"::1","level":"info","message":"GET /api/health","service":"user-service","timestamp":"2025-07-22 07:05:15"}
{"ip":"::1","level":"info","message":"GET /api/health","service":"user-service","timestamp":"2025-07-22 07:05:45"}
{"ip":"::1","level":"info","message":"GET /api/health","service":"user-service","timestamp":"2025-07-22 07:06:15"}
{"ip":"::1","level":"info","message":"GET /api/health","service":"user-service","timestamp":"2025-07-22 07:06:46"}
{"ip":"::1","level":"info","message":"GET /api/health","service":"user-service","timestamp":"2025-07-22 07:07:16"}
{"ip":"::1","level":"info","message":"GET /api/health","service":"user-service","timestamp":"2025-07-22 07:07:46"}
{"ip":"::1","level":"info","message":"GET /api/health","service":"user-service","timestamp":"2025-07-22 07:08:16"}
{"ip":"::1","level":"info","message":"GET /api/health","service":"user-service","timestamp":"2025-07-22 07:08:46"}
{"ip":"::1","level":"info","message":"GET /api/health","service":"user-service","timestamp":"2025-07-22 07:09:17"}
{"ip":"::1","level":"info","message":"GET /api/health","service":"user-service","timestamp":"2025-07-22 07:09:47"}
{"ip":"::1","level":"info","message":"GET /api/health","service":"user-service","timestamp":"2025-07-22 07:10:17"}
{"ip":"::1","level":"info","message":"GET /api/health","service":"user-service","timestamp":"2025-07-22 07:10:47"}
{"ip":"::1","level":"info","message":"GET /api/health","service":"user-service","timestamp":"2025-07-22 07:11:17"}
{"ip":"::1","level":"info","message":"GET /api/health","service":"user-service","timestamp":"2025-07-22 07:11:48"}
{"ip":"::1","level":"info","message":"GET /api/health","service":"user-service","timestamp":"2025-07-22 07:12:18"}
{"ip":"::1","level":"info","message":"GET /api/health","service":"user-service","timestamp":"2025-07-22 07:12:48"}
{"ip":"::1","level":"info","message":"GET /api/health","service":"user-service","timestamp":"2025-07-22 07:13:18"}
{"ip":"::1","level":"info","message":"GET /api/health","service":"user-service","timestamp":"2025-07-22 07:13:48"}
{"ip":"::1","level":"info","message":"GET /api/health","service":"user-service","timestamp":"2025-07-22 07:14:19"}
{"ip":"::1","level":"info","message":"GET /api/health","service":"user-service","timestamp":"2025-07-22 07:14:49"}
{"ip":"::1","level":"info","message":"GET /api/health","service":"user-service","timestamp":"2025-07-22 07:15:19"}
{"ip":"::1","level":"info","message":"GET /api/health","service":"user-service","timestamp":"2025-07-22 07:15:49"}
{"ip":"::1","level":"info","message":"GET /api/health","service":"user-service","timestamp":"2025-07-22 07:16:19"}
{"ip":"::1","level":"info","message":"GET /api/health","service":"user-service","timestamp":"2025-07-22 07:16:50"}
{"ip":"::1","level":"info","message":"GET /api/health","service":"user-service","timestamp":"2025-07-22 07:17:20"}
{"ip":"::1","level":"info","message":"GET /api/health","service":"user-service","timestamp":"2025-07-22 07:17:50"}
{"ip":"::1","level":"info","message":"GET /api/health","service":"user-service","timestamp":"2025-07-22 07:18:20"}
{"ip":"::1","level":"info","message":"GET /api/health","service":"user-service","timestamp":"2025-07-22 07:18:50"}
{"ip":"::1","level":"info","message":"GET /api/health","service":"user-service","timestamp":"2025-07-22 07:19:21"}
{"ip":"::1","level":"info","message":"GET /api/health","service":"user-service","timestamp":"2025-07-22 07:19:51"}
{"ip":"::1","level":"info","message":"GET /api/health","service":"user-service","timestamp":"2025-07-22 07:20:21"}
{"ip":"::1","level":"info","message":"GET /api/health","service":"user-service","timestamp":"2025-07-22 07:20:51"}
{"ip":"::1","level":"info","message":"GET /api/health","service":"user-service","timestamp":"2025-07-22 07:21:21"}
{"ip":"::1","level":"info","message":"GET /api/health","service":"user-service","timestamp":"2025-07-22 07:21:51"}
{"ip":"::1","level":"info","message":"GET /api/health","service":"user-service","timestamp":"2025-07-22 07:22:22"}
{"ip":"::1","level":"info","message":"GET /api/health","service":"user-service","timestamp":"2025-07-22 07:22:52"}
{"ip":"::1","level":"info","message":"GET /api/health","service":"user-service","timestamp":"2025-07-22 07:23:22"}
{"ip":"::1","level":"info","message":"GET /api/health","service":"user-service","timestamp":"2025-07-22 07:23:52"}
{"ip":"::1","level":"info","message":"GET /api/health","service":"user-service","timestamp":"2025-07-22 07:24:23"}
{"ip":"::1","level":"info","message":"GET /api/health","service":"user-service","timestamp":"2025-07-22 07:24:53"}
{"ip":"::1","level":"info","message":"GET /api/health","service":"user-service","timestamp":"2025-07-22 07:25:23"}
{"ip":"::1","level":"info","message":"GET /api/health","service":"user-service","timestamp":"2025-07-22 07:25:53"}
{"ip":"::1","level":"info","message":"GET /api/health","service":"user-service","timestamp":"2025-07-22 07:26:23"}
{"ip":"::1","level":"info","message":"GET /api/health","service":"user-service","timestamp":"2025-07-22 07:26:54"}
{"ip":"::1","level":"info","message":"GET /api/health","service":"user-service","timestamp":"2025-07-22 07:27:24"}
{"ip":"::1","level":"info","message":"GET /api/health","service":"user-service","timestamp":"2025-07-22 07:27:54"}
{"ip":"::1","level":"info","message":"GET /api/health","service":"user-service","timestamp":"2025-07-22 07:28:24"}
{"ip":"::1","level":"info","message":"GET /api/health","service":"user-service","timestamp":"2025-07-22 07:28:54"}
{"ip":"::1","level":"info","message":"GET /api/health","service":"user-service","timestamp":"2025-07-22 07:29:25"}
{"ip":"::1","level":"info","message":"GET /api/health","service":"user-service","timestamp":"2025-07-22 07:29:55"}
{"ip":"::1","level":"info","message":"GET /api/health","service":"user-service","timestamp":"2025-07-22 07:30:25"}
{"ip":"::1","level":"info","message":"GET /api/health","service":"user-service","timestamp":"2025-07-22 07:30:55"}
{"ip":"::1","level":"info","message":"GET /api/health","service":"user-service","timestamp":"2025-07-22 07:31:25"}
{"ip":"::1","level":"info","message":"GET /api/health","service":"user-service","timestamp":"2025-07-22 07:31:56"}
{"ip":"::1","level":"info","message":"GET /api/health","service":"user-service","timestamp":"2025-07-22 07:32:26"}
{"ip":"::1","level":"info","message":"GET /api/health","service":"user-service","timestamp":"2025-07-22 07:32:56"}
{"ip":"::1","level":"info","message":"GET /api/health","service":"user-service","timestamp":"2025-07-22 07:33:26"}
{"ip":"::1","level":"info","message":"GET /api/health","service":"user-service","timestamp":"2025-07-22 07:33:56"}
{"ip":"::1","level":"info","message":"GET /api/health","service":"user-service","timestamp":"2025-07-22 07:34:27"}
{"ip":"::1","level":"info","message":"GET /api/health","service":"user-service","timestamp":"2025-07-22 07:34:57"}
{"ip":"::1","level":"info","message":"GET /api/health","service":"user-service","timestamp":"2025-07-22 07:35:27"}
{"ip":"::1","level":"info","message":"GET /api/health","service":"user-service","timestamp":"2025-07-22 07:35:57"}
{"ip":"::1","level":"info","message":"GET /api/health","service":"user-service","timestamp":"2025-07-22 07:36:27"}
{"ip":"::1","level":"info","message":"GET /api/health","service":"user-service","timestamp":"2025-07-22 07:36:58"}
{"ip":"::1","level":"info","message":"GET /api/health","service":"user-service","timestamp":"2025-07-22 07:37:28"}
{"ip":"::1","level":"info","message":"GET /api/health","service":"user-service","timestamp":"2025-07-22 07:37:58"}
{"ip":"::1","level":"info","message":"GET /api/health","service":"user-service","timestamp":"2025-07-22 07:38:28"}
{"ip":"::1","level":"info","message":"GET /api/health","service":"user-service","timestamp":"2025-07-22 07:38:58"}
{"ip":"::1","level":"info","message":"GET /api/health","service":"user-service","timestamp":"2025-07-22 07:39:29"}
{"ip":"::1","level":"info","message":"GET /api/health","service":"user-service","timestamp":"2025-07-22 07:39:59"}
{"ip":"::1","level":"info","message":"GET /api/health","service":"user-service","timestamp":"2025-07-22 07:40:29"}
{"ip":"::1","level":"info","message":"GET /api/health","service":"user-service","timestamp":"2025-07-22 07:40:59"}
{"ip":"::1","level":"info","message":"GET /api/health","service":"user-service","timestamp":"2025-07-22 07:41:30"}
{"ip":"::1","level":"info","message":"GET /api/health","service":"user-service","timestamp":"2025-07-22 07:42:00"}
{"ip":"::1","level":"info","message":"GET /api/health","service":"user-service","timestamp":"2025-07-22 07:42:30"}
{"ip":"::1","level":"info","message":"GET /api/health","service":"user-service","timestamp":"2025-07-22 07:43:00"}
{"ip":"::1","level":"info","message":"GET /api/health","service":"user-service","timestamp":"2025-07-22 07:43:30"}
{"ip":"::1","level":"info","message":"GET /api/health","service":"user-service","timestamp":"2025-07-22 07:44:01"}
{"ip":"::1","level":"info","message":"GET /api/health","service":"user-service","timestamp":"2025-07-22 07:44:31"}
{"ip":"::1","level":"info","message":"GET /api/health","service":"user-service","timestamp":"2025-07-22 08:10:32"}
{"ip":"::1","level":"info","message":"GET /api/health","service":"user-service","timestamp":"2025-07-22 08:11:03"}
{"ip":"::1","level":"info","message":"GET /api/health","service":"user-service","timestamp":"2025-07-22 08:11:33"}
{"ip":"::1","level":"info","message":"GET /api/health","service":"user-service","timestamp":"2025-07-22 08:12:03"}
{"ip":"::1","level":"info","message":"GET /api/health","service":"user-service","timestamp":"2025-07-22 08:12:33"}
{"ip":"::1","level":"info","message":"GET /api/health","service":"user-service","timestamp":"2025-07-22 08:13:03"}
{"ip":"::1","level":"info","message":"GET /api/health","service":"user-service","timestamp":"2025-07-22 08:13:34"}
{"ip":"::1","level":"info","message":"GET /api/health","service":"user-service","timestamp":"2025-07-22 08:14:04"}
{"ip":"::1","level":"info","message":"GET /api/health","service":"user-service","timestamp":"2025-07-22 08:14:34"}
{"ip":"::1","level":"info","message":"GET /api/health","service":"user-service","timestamp":"2025-07-22 08:15:04"}
{"ip":"::1","level":"info","message":"GET /api/health","service":"user-service","timestamp":"2025-07-22 08:15:34"}
{"ip":"::1","level":"info","message":"GET /api/health","service":"user-service","timestamp":"2025-07-22 08:16:04"}
{"ip":"::1","level":"info","message":"GET /api/health","service":"user-service","timestamp":"2025-07-22 08:16:35"}
{"ip":"::1","level":"info","message":"GET /api/health","service":"user-service","timestamp":"2025-07-22 08:17:05"}
{"ip":"::1","level":"info","message":"GET /api/health","service":"user-service","timestamp":"2025-07-22 08:17:35"}
{"ip":"::1","level":"info","message":"GET /api/health","service":"user-service","timestamp":"2025-07-22 08:18:05"}
{"ip":"::1","level":"info","message":"GET /api/health","service":"user-service","timestamp":"2025-07-22 08:18:35"}
{"ip":"::1","level":"info","message":"GET /api/health","service":"user-service","timestamp":"2025-07-22 08:19:06"}
{"ip":"::1","level":"info","message":"GET /api/health","service":"user-service","timestamp":"2025-07-22 08:19:36"}
{"ip":"::1","level":"info","message":"GET /api/health","service":"user-service","timestamp":"2025-07-22 08:20:06"}
{"ip":"::1","level":"info","message":"GET /api/health","service":"user-service","timestamp":"2025-07-22 08:20:36"}
{"ip":"::1","level":"info","message":"GET /api/health","service":"user-service","timestamp":"2025-07-22 08:21:06"}
{"ip":"::1","level":"info","message":"GET /api/health","service":"user-service","timestamp":"2025-07-22 08:21:37"}
{"ip":"::1","level":"info","message":"GET /api/health","service":"user-service","timestamp":"2025-07-22 08:22:07"}
{"ip":"::1","level":"info","message":"GET /api/health","service":"user-service","timestamp":"2025-07-22 08:22:37"}
{"ip":"::1","level":"info","message":"GET /api/health","service":"user-service","timestamp":"2025-07-22 08:23:07"}
{"ip":"::1","level":"info","message":"GET /api/health","service":"user-service","timestamp":"2025-07-22 08:23:37"}
{"ip":"::1","level":"info","message":"GET /api/health","service":"user-service","timestamp":"2025-07-22 08:24:08"}
{"ip":"::1","level":"info","message":"GET /api/health","service":"user-service","timestamp":"2025-07-22 08:24:38"}
{"ip":"::1","level":"info","message":"GET /api/health","service":"user-service","timestamp":"2025-07-22 08:25:08"}
{"ip":"::1","level":"info","message":"GET /api/health","service":"user-service","timestamp":"2025-07-22 08:25:38"}
{"ip":"::1","level":"info","message":"GET /api/health","service":"user-service","timestamp":"2025-07-22 08:26:08"}
{"ip":"::1","level":"info","message":"GET /api/health","service":"user-service","timestamp":"2025-07-22 08:26:38"}
{"ip":"::1","level":"info","message":"GET /api/health","service":"user-service","timestamp":"2025-07-22 08:27:09"}
{"ip":"::1","level":"info","message":"GET /api/health","service":"user-service","timestamp":"2025-07-22 08:27:39"}
{"ip":"::1","level":"info","message":"GET /api/health","service":"user-service","timestamp":"2025-07-22 08:28:09"}
{"ip":"::1","level":"info","message":"GET /api/health","service":"user-service","timestamp":"2025-07-22 08:28:39"}
{"ip":"::1","level":"info","message":"GET /api/health","service":"user-service","timestamp":"2025-07-22 08:29:10"}
{"ip":"::1","level":"info","message":"GET /api/health","service":"user-service","timestamp":"2025-07-22 08:29:40"}
{"ip":"::1","level":"info","message":"GET /api/health","service":"user-service","timestamp":"2025-07-22 08:30:10"}
{"ip":"::1","level":"info","message":"GET /api/health","service":"user-service","timestamp":"2025-07-22 08:30:40"}
{"ip":"::1","level":"info","message":"GET /api/health","service":"user-service","timestamp":"2025-07-22 08:31:10"}
{"ip":"::1","level":"info","message":"GET /api/health","service":"user-service","timestamp":"2025-07-22 08:31:41"}
{"ip":"::1","level":"info","message":"GET /api/health","service":"user-service","timestamp":"2025-07-22 08:32:11"}
{"ip":"::1","level":"info","message":"GET /api/health","service":"user-service","timestamp":"2025-07-22 08:32:41"}
{"ip":"::1","level":"info","message":"GET /api/health","service":"user-service","timestamp":"2025-07-22 08:33:11"}
{"ip":"::1","level":"info","message":"GET /api/health","service":"user-service","timestamp":"2025-07-22 08:33:41"}
{"ip":"::1","level":"info","message":"GET /api/health","service":"user-service","timestamp":"2025-07-22 08:34:12"}
{"ip":"::1","level":"info","message":"GET /api/health","service":"user-service","timestamp":"2025-07-22 08:34:42"}
{"ip":"::1","level":"info","message":"GET /api/health","service":"user-service","timestamp":"2025-07-22 08:35:12"}
{"ip":"::1","level":"info","message":"GET /api/health","service":"user-service","timestamp":"2025-07-22 08:35:42"}
{"ip":"::1","level":"info","message":"GET /api/health","service":"user-service","timestamp":"2025-07-22 08:36:13"}
{"ip":"::1","level":"info","message":"GET /api/health","service":"user-service","timestamp":"2025-07-22 08:36:43"}
{"ip":"::1","level":"info","message":"GET /api/health","service":"user-service","timestamp":"2025-07-22 08:37:13"}
{"ip":"::1","level":"info","message":"GET /api/health","service":"user-service","timestamp":"2025-07-22 08:37:43"}
{"ip":"::1","level":"info","message":"GET /api/health","service":"user-service","timestamp":"2025-07-22 08:38:14"}
{"ip":"::1","level":"info","message":"GET /api/health","service":"user-service","timestamp":"2025-07-22 08:38:44"}
{"ip":"::1","level":"info","message":"GET /api/health","service":"user-service","timestamp":"2025-07-22 08:39:14"}
{"ip":"::1","level":"info","message":"GET /api/health","service":"user-service","timestamp":"2025-07-22 08:39:44"}
{"ip":"::1","level":"info","message":"GET /api/health","service":"user-service","timestamp":"2025-07-22 08:40:15"}
{"ip":"::1","level":"info","message":"GET /api/health","service":"user-service","timestamp":"2025-07-22 08:40:45"}
{"ip":"::1","level":"info","message":"GET /api/health","service":"user-service","timestamp":"2025-07-22 08:41:15"}
{"ip":"::1","level":"info","message":"GET /api/health","service":"user-service","timestamp":"2025-07-22 08:41:45"}
{"ip":"::1","level":"info","message":"GET /api/health","service":"user-service","timestamp":"2025-07-22 08:42:15"}
{"ip":"::1","level":"info","message":"GET /api/health","service":"user-service","timestamp":"2025-07-22 08:42:46"}
{"ip":"::1","level":"info","message":"GET /api/health","service":"user-service","timestamp":"2025-07-22 08:43:16"}
{"ip":"::1","level":"info","message":"GET /api/health","service":"user-service","timestamp":"2025-07-22 08:43:46"}
{"ip":"::1","level":"info","message":"GET /api/health","service":"user-service","timestamp":"2025-07-22 08:44:17"}
{"ip":"::1","level":"info","message":"GET /api/health","service":"user-service","timestamp":"2025-07-22 08:44:47"}
{"ip":"::1","level":"info","message":"GET /api/health","service":"user-service","timestamp":"2025-07-22 08:45:17"}
{"ip":"::1","level":"info","message":"GET /api/health","service":"user-service","timestamp":"2025-07-22 08:45:48"}
{"ip":"::1","level":"info","message":"GET /api/health","service":"user-service","timestamp":"2025-07-22 08:46:18"}
{"ip":"::1","level":"info","message":"GET /api/health","service":"user-service","timestamp":"2025-07-22 08:46:48"}
{"ip":"::1","level":"info","message":"GET /api/health","service":"user-service","timestamp":"2025-07-22 08:47:19"}
{"ip":"::1","level":"info","message":"GET /api/health","service":"user-service","timestamp":"2025-07-22 08:47:49"}
{"ip":"::1","level":"info","message":"GET /api/health","service":"user-service","timestamp":"2025-07-22 08:48:19"}
{"ip":"::1","level":"info","message":"GET /api/health","service":"user-service","timestamp":"2025-07-22 08:48:49"}
{"ip":"::1","level":"info","message":"GET /api/health","service":"user-service","timestamp":"2025-07-22 08:49:19"}
{"ip":"::1","level":"info","message":"GET /api/health","service":"user-service","timestamp":"2025-07-22 08:49:50"}
{"ip":"::1","level":"info","message":"GET /api/health","service":"user-service","timestamp":"2025-07-22 08:50:20"}
{"ip":"::1","level":"info","message":"GET /api/health","service":"user-service","timestamp":"2025-07-22 08:50:50"}
{"ip":"::1","level":"info","message":"GET /api/health","service":"user-service","timestamp":"2025-07-22 08:51:20"}
{"ip":"::1","level":"info","message":"GET /api/health","service":"user-service","timestamp":"2025-07-22 08:51:50"}
{"ip":"::1","level":"info","message":"GET /api/health","service":"user-service","timestamp":"2025-07-22 08:52:21"}
{"ip":"::1","level":"info","message":"GET /api/health","service":"user-service","timestamp":"2025-07-22 08:52:51"}
{"ip":"::1","level":"info","message":"GET /api/health","service":"user-service","timestamp":"2025-07-22 08:53:21"}
{"ip":"::1","level":"info","message":"GET /api/health","service":"user-service","timestamp":"2025-07-22 08:53:51"}
{"ip":"::1","level":"info","message":"GET /api/health","service":"user-service","timestamp":"2025-07-22 08:54:21"}
{"ip":"::1","level":"info","message":"GET /api/health","service":"user-service","timestamp":"2025-07-22 08:54:51"}
{"ip":"::1","level":"info","message":"GET /api/health","service":"user-service","timestamp":"2025-07-22 08:55:22"}
{"ip":"::1","level":"info","message":"GET /api/health","service":"user-service","timestamp":"2025-07-22 08:55:52"}
{"ip":"::1","level":"info","message":"GET /api/health","service":"user-service","timestamp":"2025-07-22 08:56:22"}
{"ip":"::1","level":"info","message":"GET /api/health","service":"user-service","timestamp":"2025-07-22 08:56:52"}
{"ip":"::1","level":"info","message":"GET /api/health","service":"user-service","timestamp":"2025-07-22 08:57:22"}
{"ip":"::1","level":"info","message":"GET /api/health","service":"user-service","timestamp":"2025-07-22 08:57:53"}
{"ip":"::1","level":"info","message":"GET /api/health","service":"user-service","timestamp":"2025-07-22 08:58:23"}
{"ip":"::1","level":"info","message":"GET /api/health","service":"user-service","timestamp":"2025-07-22 08:58:53"}
{"ip":"::1","level":"info","message":"GET /api/health","service":"user-service","timestamp":"2025-07-22 08:59:23"}
{"ip":"::1","level":"info","message":"GET /api/health","service":"user-service","timestamp":"2025-07-22 08:59:53"}
{"ip":"::1","level":"info","message":"GET /api/health","service":"user-service","timestamp":"2025-07-22 09:00:24"}
{"ip":"::1","level":"info","message":"GET /api/health","service":"user-service","timestamp":"2025-07-22 09:00:54"}
{"ip":"::1","level":"info","message":"GET /api/health","service":"user-service","timestamp":"2025-07-22 09:01:24"}
{"ip":"::1","level":"info","message":"GET /api/health","service":"user-service","timestamp":"2025-07-22 09:01:54"}
{"ip":"::1","level":"info","message":"GET /api/health","service":"user-service","timestamp":"2025-07-22 09:02:24"}
{"ip":"::1","level":"info","message":"GET /api/health","service":"user-service","timestamp":"2025-07-22 09:02:54"}
{"ip":"::1","level":"info","message":"GET /api/health","service":"user-service","timestamp":"2025-07-22 09:03:25"}
{"ip":"::1","level":"info","message":"GET /api/health","service":"user-service","timestamp":"2025-07-22 09:03:55"}
{"ip":"::1","level":"info","message":"GET /api/health","service":"user-service","timestamp":"2025-07-22 09:04:25"}
{"ip":"::1","level":"info","message":"GET /api/health","service":"user-service","timestamp":"2025-07-22 09:04:55"}
{"ip":"::1","level":"info","message":"GET /api/health","service":"user-service","timestamp":"2025-07-22 09:05:26"}
{"ip":"::1","level":"info","message":"GET /api/health","service":"user-service","timestamp":"2025-07-22 09:05:56"}
{"ip":"::1","level":"info","message":"GET /api/health","service":"user-service","timestamp":"2025-07-22 09:06:26"}
{"ip":"::1","level":"info","message":"GET /api/health","service":"user-service","timestamp":"2025-07-22 09:06:56"}
{"ip":"::1","level":"info","message":"GET /api/health","service":"user-service","timestamp":"2025-07-22 09:07:26"}
{"ip":"::1","level":"info","message":"GET /api/health","service":"user-service","timestamp":"2025-07-22 09:07:57"}
{"ip":"::1","level":"info","message":"GET /api/health","service":"user-service","timestamp":"2025-07-22 09:08:27"}
{"ip":"::1","level":"info","message":"GET /api/health","service":"user-service","timestamp":"2025-07-22 09:08:57"}
{"ip":"::1","level":"info","message":"GET /api/health","service":"user-service","timestamp":"2025-07-22 09:09:27"}
{"ip":"::1","level":"info","message":"GET /api/health","service":"user-service","timestamp":"2025-07-22 09:09:57"}
{"ip":"::1","level":"info","message":"GET /api/health","service":"user-service","timestamp":"2025-07-22 09:10:28"}
{"ip":"::1","level":"info","message":"GET /api/health","service":"user-service","timestamp":"2025-07-22 09:10:58"}
{"ip":"::1","level":"info","message":"GET /api/health","service":"user-service","timestamp":"2025-07-22 09:11:28"}
{"ip":"::1","level":"info","message":"GET /api/health","service":"user-service","timestamp":"2025-07-22 09:11:58"}
{"ip":"::1","level":"info","message":"GET /api/health","service":"user-service","timestamp":"2025-07-22 09:12:28"}
{"ip":"::1","level":"info","message":"GET /api/health","service":"user-service","timestamp":"2025-07-22 09:12:59"}
{"ip":"::1","level":"info","message":"GET /api/health","service":"user-service","timestamp":"2025-07-22 09:13:29"}
{"ip":"::1","level":"info","message":"GET /api/health","service":"user-service","timestamp":"2025-07-22 09:13:59"}
{"ip":"::1","level":"info","message":"GET /api/health","service":"user-service","timestamp":"2025-07-22 09:14:29"}
{"ip":"::1","level":"info","message":"GET /api/health","service":"user-service","timestamp":"2025-07-22 09:15:00"}
{"ip":"::1","level":"info","message":"GET /api/health","service":"user-service","timestamp":"2025-07-22 09:15:30"}
{"ip":"::1","level":"info","message":"GET /api/health","service":"user-service","timestamp":"2025-07-22 09:16:00"}
{"ip":"::1","level":"info","message":"GET /api/health","service":"user-service","timestamp":"2025-07-22 09:16:30"}
{"ip":"::1","level":"info","message":"GET /api/health","service":"user-service","timestamp":"2025-07-22 09:17:01"}
{"ip":"::1","level":"info","message":"GET /api/health","service":"user-service","timestamp":"2025-07-22 09:17:31"}
{"ip":"::1","level":"info","message":"GET /api/health","service":"user-service","timestamp":"2025-07-22 09:18:01"}
{"ip":"::1","level":"info","message":"GET /api/health","service":"user-service","timestamp":"2025-07-22 09:18:31"}
{"ip":"::1","level":"info","message":"GET /api/health","service":"user-service","timestamp":"2025-07-22 09:19:02"}
{"ip":"::1","level":"info","message":"GET /api/health","service":"user-service","timestamp":"2025-07-22 09:19:32"}
{"ip":"::1","level":"info","message":"GET /api/health","service":"user-service","timestamp":"2025-07-22 09:20:02"}
{"ip":"::1","level":"info","message":"GET /api/health","service":"user-service","timestamp":"2025-07-22 09:20:32"}
{"ip":"::1","level":"info","message":"GET /api/health","service":"user-service","timestamp":"2025-07-22 09:21:02"}
{"ip":"::1","level":"info","message":"GET /api/health","service":"user-service","timestamp":"2025-07-22 09:21:33"}
{"ip":"::1","level":"info","message":"GET /api/health","service":"user-service","timestamp":"2025-07-22 09:22:03"}
{"ip":"::1","level":"info","message":"GET /api/health","service":"user-service","timestamp":"2025-07-22 09:22:33"}
{"ip":"::1","level":"info","message":"GET /api/health","service":"user-service","timestamp":"2025-07-22 09:23:03"}
{"ip":"::1","level":"info","message":"GET /api/health","service":"user-service","timestamp":"2025-07-22 09:23:33"}
{"ip":"::1","level":"info","message":"GET /api/health","service":"user-service","timestamp":"2025-07-22 09:24:04"}
{"ip":"::1","level":"info","message":"GET /api/health","service":"user-service","timestamp":"2025-07-22 09:24:34"}
{"ip":"::1","level":"info","message":"GET /api/health","service":"user-service","timestamp":"2025-07-22 09:25:04"}
{"ip":"::1","level":"info","message":"GET /api/health","service":"user-service","timestamp":"2025-07-22 09:25:34"}
{"ip":"::1","level":"info","message":"GET /api/health","service":"user-service","timestamp":"2025-07-22 09:26:04"}
{"ip":"::1","level":"info","message":"GET /api/health","service":"user-service","timestamp":"2025-07-22 09:26:35"}
{"ip":"::1","level":"info","message":"GET /api/health","service":"user-service","timestamp":"2025-07-22 09:27:05"}
{"ip":"::1","level":"info","message":"GET /api/health","service":"user-service","timestamp":"2025-07-22 09:27:35"}
{"ip":"::1","level":"info","message":"GET /api/health","service":"user-service","timestamp":"2025-07-22 09:28:05"}
{"ip":"::1","level":"info","message":"GET /api/health","service":"user-service","timestamp":"2025-07-22 09:28:36"}
{"ip":"::1","level":"info","message":"GET /api/health","service":"user-service","timestamp":"2025-07-22 09:29:06"}
{"ip":"::1","level":"info","message":"GET /api/health","service":"user-service","timestamp":"2025-07-22 09:29:36"}
{"ip":"::1","level":"info","message":"GET /api/health","service":"user-service","timestamp":"2025-07-22 09:30:06"}
{"ip":"::1","level":"info","message":"GET /api/health","service":"user-service","timestamp":"2025-07-22 09:30:37"}
{"ip":"::1","level":"info","message":"GET /api/health","service":"user-service","timestamp":"2025-07-22 09:31:07"}
{"ip":"::1","level":"info","message":"GET /api/health","service":"user-service","timestamp":"2025-07-22 09:31:37"}
{"ip":"::1","level":"info","message":"GET /api/health","service":"user-service","timestamp":"2025-07-22 09:32:07"}
{"ip":"::1","level":"info","message":"GET /api/health","service":"user-service","timestamp":"2025-07-22 09:32:37"}
{"ip":"::1","level":"info","message":"GET /api/health","service":"user-service","timestamp":"2025-07-22 09:33:08"}
{"ip":"::1","level":"info","message":"GET /api/health","service":"user-service","timestamp":"2025-07-22 09:33:38"}
{"ip":"::1","level":"info","message":"GET /api/health","service":"user-service","timestamp":"2025-07-22 09:34:08"}
{"ip":"::1","level":"info","message":"GET /api/health","service":"user-service","timestamp":"2025-07-22 09:34:38"}
{"ip":"::1","level":"info","message":"GET /api/health","service":"user-service","timestamp":"2025-07-22 09:35:09"}
{"ip":"::1","level":"info","message":"GET /api/health","service":"user-service","timestamp":"2025-07-22 09:35:39"}
{"ip":"::1","level":"info","message":"GET /api/health","service":"user-service","timestamp":"2025-07-22 09:36:09"}
{"ip":"::1","level":"info","message":"GET /api/health","service":"user-service","timestamp":"2025-07-22 09:36:39"}
{"ip":"::1","level":"info","message":"GET /api/health","service":"user-service","timestamp":"2025-07-22 09:37:10"}
{"ip":"::1","level":"info","message":"GET /api/health","service":"user-service","timestamp":"2025-07-22 09:37:40"}
{"ip":"::1","level":"info","message":"GET /api/health","service":"user-service","timestamp":"2025-07-22 09:38:10"}
{"ip":"::1","level":"info","message":"GET /api/health","service":"user-service","timestamp":"2025-07-22 09:38:40"}
{"ip":"::1","level":"info","message":"GET /api/health","service":"user-service","timestamp":"2025-07-22 09:39:11"}
{"ip":"::1","level":"info","message":"GET /api/health","service":"user-service","timestamp":"2025-07-22 09:39:41"}
{"ip":"::1","level":"info","message":"GET /api/health","service":"user-service","timestamp":"2025-07-22 09:40:11"}
{"ip":"::1","level":"info","message":"GET /api/health","service":"user-service","timestamp":"2025-07-22 09:40:41"}
{"ip":"::1","level":"info","message":"GET /api/health","service":"user-service","timestamp":"2025-07-22 09:41:11"}
{"ip":"::1","level":"info","message":"GET /api/health","service":"user-service","timestamp":"2025-07-22 09:41:42"}
{"ip":"::1","level":"info","message":"GET /api/health","service":"user-service","timestamp":"2025-07-22 09:42:12"}
{"ip":"::1","level":"info","message":"GET /api/health","service":"user-service","timestamp":"2025-07-22 09:42:42"}
{"ip":"::1","level":"info","message":"GET /api/health","service":"user-service","timestamp":"2025-07-22 09:43:12"}
{"ip":"::1","level":"info","message":"GET /api/health","service":"user-service","timestamp":"2025-07-22 09:43:42"}
{"ip":"::1","level":"info","message":"GET /api/health","service":"user-service","timestamp":"2025-07-22 09:44:13"}
{"ip":"::1","level":"info","message":"GET /api/health","service":"user-service","timestamp":"2025-07-22 09:44:43"}
{"ip":"::1","level":"info","message":"GET /api/health","service":"user-service","timestamp":"2025-07-22 09:45:13"}
{"ip":"::1","level":"info","message":"GET /api/health","service":"user-service","timestamp":"2025-07-22 09:45:43"}
{"ip":"::1","level":"info","message":"GET /api/health","service":"user-service","timestamp":"2025-07-22 09:46:14"}
{"ip":"::1","level":"info","message":"GET /api/health","service":"user-service","timestamp":"2025-07-22 09:46:44"}
{"ip":"::1","level":"info","message":"GET /api/health","service":"user-service","timestamp":"2025-07-22 09:47:14"}
{"ip":"::1","level":"info","message":"GET /api/health","service":"user-service","timestamp":"2025-07-22 09:47:44"}
{"ip":"::1","level":"info","message":"GET /api/health","service":"user-service","timestamp":"2025-07-22 09:48:14"}
{"ip":"::1","level":"info","message":"GET /api/health","service":"user-service","timestamp":"2025-07-22 09:48:45"}
{"ip":"::1","level":"info","message":"GET /api/health","service":"user-service","timestamp":"2025-07-22 09:49:15"}
{"ip":"::1","level":"info","message":"GET /api/health","service":"user-service","timestamp":"2025-07-22 09:49:45"}
{"ip":"::1","level":"info","message":"GET /api/health","service":"user-service","timestamp":"2025-07-22 09:50:15"}
{"ip":"::1","level":"info","message":"GET /api/health","service":"user-service","timestamp":"2025-07-22 09:50:46"}
{"ip":"::1","level":"info","message":"GET /api/health","service":"user-service","timestamp":"2025-07-22 09:51:16"}
{"ip":"::1","level":"info","message":"GET /api/health","service":"user-service","timestamp":"2025-07-22 09:51:46"}
{"ip":"::1","level":"info","message":"GET /api/health","service":"user-service","timestamp":"2025-07-22 09:52:16"}
{"ip":"::1","level":"info","message":"GET /api/health","service":"user-service","timestamp":"2025-07-22 09:52:46"}
{"ip":"::1","level":"info","message":"GET /api/health","service":"user-service","timestamp":"2025-07-22 09:53:17"}
{"ip":"::1","level":"info","message":"GET /api/health","service":"user-service","timestamp":"2025-07-22 09:53:47"}
{"ip":"::1","level":"info","message":"GET /api/health","service":"user-service","timestamp":"2025-07-22 09:54:17"}
{"ip":"::1","level":"info","message":"GET /api/health","service":"user-service","timestamp":"2025-07-22 09:54:47"}
{"ip":"::1","level":"info","message":"GET /api/health","service":"user-service","timestamp":"2025-07-22 09:55:17"}
{"ip":"::1","level":"info","message":"GET /api/health","service":"user-service","timestamp":"2025-07-22 09:55:48"}
{"ip":"::1","level":"info","message":"GET /api/health","service":"user-service","timestamp":"2025-07-22 09:56:18"}
{"ip":"::1","level":"info","message":"GET /api/health","service":"user-service","timestamp":"2025-07-22 09:56:48"}
{"ip":"::1","level":"info","message":"GET /api/health","service":"user-service","timestamp":"2025-07-22 09:57:18"}
{"ip":"::1","level":"info","message":"GET /api/health","service":"user-service","timestamp":"2025-07-22 09:57:48"}
{"ip":"::1","level":"info","message":"GET /api/health","service":"user-service","timestamp":"2025-07-22 09:58:19"}
{"ip":"::1","level":"info","message":"GET /api/health","service":"user-service","timestamp":"2025-07-22 09:58:49"}
{"ip":"::1","level":"info","message":"GET /api/health","service":"user-service","timestamp":"2025-07-22 09:59:19"}
{"ip":"::1","level":"info","message":"GET /api/health","service":"user-service","timestamp":"2025-07-22 09:59:49"}
{"ip":"::1","level":"info","message":"GET /api/health","service":"user-service","timestamp":"2025-07-22 10:00:19"}
{"ip":"::1","level":"info","message":"GET /api/health","service":"user-service","timestamp":"2025-07-22 10:00:50"}
{"ip":"::1","level":"info","message":"GET /api/health","service":"user-service","timestamp":"2025-07-22 10:01:20"}
{"ip":"::1","level":"info","message":"GET /api/health","service":"user-service","timestamp":"2025-07-22 10:01:50"}
{"ip":"::1","level":"info","message":"GET /api/health","service":"user-service","timestamp":"2025-07-22 10:02:20"}
{"ip":"::1","level":"info","message":"GET /api/health","service":"user-service","timestamp":"2025-07-22 10:02:51"}
{"ip":"::1","level":"info","message":"GET /api/health","service":"user-service","timestamp":"2025-07-22 10:03:21"}
{"ip":"::1","level":"info","message":"GET /api/health","service":"user-service","timestamp":"2025-07-22 10:03:51"}
{"ip":"::1","level":"info","message":"GET /api/health","service":"user-service","timestamp":"2025-07-22 10:04:21"}
{"ip":"::1","level":"info","message":"GET /api/health","service":"user-service","timestamp":"2025-07-22 10:04:52"}
{"ip":"::1","level":"info","message":"GET /api/health","service":"user-service","timestamp":"2025-07-22 10:05:22"}
{"ip":"::1","level":"info","message":"GET /api/health","service":"user-service","timestamp":"2025-07-22 10:05:52"}
{"ip":"::1","level":"info","message":"GET /api/health","service":"user-service","timestamp":"2025-07-22 10:06:22"}
{"ip":"::1","level":"info","message":"GET /api/health","service":"user-service","timestamp":"2025-07-22 10:06:52"}
{"ip":"::1","level":"info","message":"GET /api/health","service":"user-service","timestamp":"2025-07-22 10:07:23"}
{"ip":"::1","level":"info","message":"GET /api/health","service":"user-service","timestamp":"2025-07-22 10:07:53"}
{"ip":"::1","level":"info","message":"GET /api/health","service":"user-service","timestamp":"2025-07-22 10:08:23"}
{"ip":"::1","level":"info","message":"GET /api/health","service":"user-service","timestamp":"2025-07-22 10:08:53"}
{"ip":"::1","level":"info","message":"GET /api/health","service":"user-service","timestamp":"2025-07-22 10:09:24"}
{"ip":"::1","level":"info","message":"GET /api/health","service":"user-service","timestamp":"2025-07-22 10:09:54"}
{"ip":"::1","level":"info","message":"GET /api/health","service":"user-service","timestamp":"2025-07-22 10:10:24"}
{"ip":"::1","level":"info","message":"GET /api/health","service":"user-service","timestamp":"2025-07-22 10:10:54"}
{"ip":"::1","level":"info","message":"GET /api/health","service":"user-service","timestamp":"2025-07-22 10:11:25"}
{"ip":"::1","level":"info","message":"GET /api/health","service":"user-service","timestamp":"2025-07-22 10:11:55"}
{"ip":"::1","level":"info","message":"GET /api/health","service":"user-service","timestamp":"2025-07-22 10:12:25"}
{"ip":"::1","level":"info","message":"GET /api/health","service":"user-service","timestamp":"2025-07-22 10:12:55"}
{"ip":"::1","level":"info","message":"GET /api/health","service":"user-service","timestamp":"2025-07-22 10:13:25"}
{"ip":"::1","level":"info","message":"GET /api/health","service":"user-service","timestamp":"2025-07-22 10:13:56"}
{"ip":"::1","level":"info","message":"GET /api/health","service":"user-service","timestamp":"2025-07-22 10:14:26"}
{"ip":"::1","level":"info","message":"GET /api/health","service":"user-service","timestamp":"2025-07-22 10:14:56"}
{"ip":"::1","level":"info","message":"GET /api/health","service":"user-service","timestamp":"2025-07-22 10:15:26"}
{"ip":"::1","level":"info","message":"GET /api/health","service":"user-service","timestamp":"2025-07-22 10:15:57"}
{"ip":"::1","level":"info","message":"GET /api/health","service":"user-service","timestamp":"2025-07-22 10:16:27"}
{"ip":"::1","level":"info","message":"GET /api/health","service":"user-service","timestamp":"2025-07-22 10:16:57"}
{"ip":"::1","level":"info","message":"GET /api/health","service":"user-service","timestamp":"2025-07-22 10:17:27"}
{"ip":"::1","level":"info","message":"GET /api/health","service":"user-service","timestamp":"2025-07-22 10:17:57"}
{"ip":"::1","level":"info","message":"GET /api/health","service":"user-service","timestamp":"2025-07-22 10:18:28"}
{"ip":"::1","level":"info","message":"GET /api/health","service":"user-service","timestamp":"2025-07-22 10:18:58"}
{"ip":"::1","level":"info","message":"GET /api/health","service":"user-service","timestamp":"2025-07-22 10:19:28"}
{"ip":"::1","level":"info","message":"GET /api/health","service":"user-service","timestamp":"2025-07-22 10:19:58"}
{"ip":"::1","level":"info","message":"GET /api/health","service":"user-service","timestamp":"2025-07-22 10:20:29"}
{"ip":"::1","level":"info","message":"GET /api/health","service":"user-service","timestamp":"2025-07-22 10:20:59"}
{"ip":"::1","level":"info","message":"GET /api/health","service":"user-service","timestamp":"2025-07-22 10:21:29"}
{"ip":"::1","level":"info","message":"GET /api/health","service":"user-service","timestamp":"2025-07-22 10:21:59"}
{"ip":"::1","level":"info","message":"GET /api/health","service":"user-service","timestamp":"2025-07-22 10:22:29"}
{"ip":"::1","level":"info","message":"GET /api/health","service":"user-service","timestamp":"2025-07-22 10:23:00"}
{"ip":"::1","level":"info","message":"GET /api/health","service":"user-service","timestamp":"2025-07-22 10:23:30"}
{"ip":"::1","level":"info","message":"GET /api/health","service":"user-service","timestamp":"2025-07-22 10:24:00"}
{"ip":"::1","level":"info","message":"GET /api/health","service":"user-service","timestamp":"2025-07-22 10:24:30"}
{"ip":"::1","level":"info","message":"GET /api/health","service":"user-service","timestamp":"2025-07-22 10:25:01"}
{"ip":"::1","level":"info","message":"GET /api/health","service":"user-service","timestamp":"2025-07-22 10:25:31"}
{"ip":"::1","level":"info","message":"GET /api/health","service":"user-service","timestamp":"2025-07-22 10:26:01"}
{"ip":"::1","level":"info","message":"GET /api/health","service":"user-service","timestamp":"2025-07-22 10:26:31"}
{"ip":"::1","level":"info","message":"GET /api/health","service":"user-service","timestamp":"2025-07-22 10:27:01"}
{"ip":"::1","level":"info","message":"GET /api/health","service":"user-service","timestamp":"2025-07-22 10:27:32"}
{"ip":"::1","level":"info","message":"GET /api/health","service":"user-service","timestamp":"2025-07-22 10:28:02"}
{"ip":"::1","level":"info","message":"GET /api/health","service":"user-service","timestamp":"2025-07-22 10:28:32"}
{"ip":"::1","level":"info","message":"GET /api/health","service":"user-service","timestamp":"2025-07-22 10:29:02"}
{"ip":"::1","level":"info","message":"GET /api/health","service":"user-service","timestamp":"2025-07-22 10:29:33"}
{"ip":"::1","level":"info","message":"GET /api/health","service":"user-service","timestamp":"2025-07-22 10:30:03"}
{"ip":"::1","level":"info","message":"GET /api/health","service":"user-service","timestamp":"2025-07-22 10:30:33"}
{"ip":"::1","level":"info","message":"GET /api/health","service":"user-service","timestamp":"2025-07-22 10:31:03"}
{"ip":"::1","level":"info","message":"GET /api/health","service":"user-service","timestamp":"2025-07-22 10:31:34"}
{"ip":"::1","level":"info","message":"GET /api/health","service":"user-service","timestamp":"2025-07-22 10:32:04"}
{"ip":"::1","level":"info","message":"GET /api/health","service":"user-service","timestamp":"2025-07-22 10:32:34"}
{"ip":"::1","level":"info","message":"GET /api/health","service":"user-service","timestamp":"2025-07-22 10:33:04"}
{"ip":"::1","level":"info","message":"GET /api/health","service":"user-service","timestamp":"2025-07-22 10:33:34"}
{"ip":"::1","level":"info","message":"GET /api/health","service":"user-service","timestamp":"2025-07-22 10:34:05"}
{"ip":"::1","level":"info","message":"GET /api/health","service":"user-service","timestamp":"2025-07-22 10:34:35"}
{"ip":"::1","level":"info","message":"GET /api/health","service":"user-service","timestamp":"2025-07-22 10:35:05"}
{"ip":"::1","level":"info","message":"GET /api/health","service":"user-service","timestamp":"2025-07-22 10:35:35"}
{"ip":"::1","level":"info","message":"GET /api/health","service":"user-service","timestamp":"2025-07-22 10:36:05"}
{"ip":"::1","level":"info","message":"GET /api/health","service":"user-service","timestamp":"2025-07-22 10:36:36"}
{"ip":"::1","level":"info","message":"GET /api/health","service":"user-service","timestamp":"2025-07-22 10:37:06"}
{"ip":"::1","level":"info","message":"GET /api/health","service":"user-service","timestamp":"2025-07-22 10:37:36"}
{"ip":"::1","level":"info","message":"GET /api/health","service":"user-service","timestamp":"2025-07-22 10:38:06"}
{"ip":"::1","level":"info","message":"GET /api/health","service":"user-service","timestamp":"2025-07-22 10:38:36"}
{"ip":"::1","level":"info","message":"GET /api/health","service":"user-service","timestamp":"2025-07-22 10:39:07"}
{"ip":"::1","level":"info","message":"GET /api/health","service":"user-service","timestamp":"2025-07-22 10:39:37"}
{"ip":"::1","level":"info","message":"GET /api/health","service":"user-service","timestamp":"2025-07-22 10:40:07"}
{"ip":"::1","level":"info","message":"GET /api/health","service":"user-service","timestamp":"2025-07-22 10:40:37"}
{"ip":"::1","level":"info","message":"GET /api/health","service":"user-service","timestamp":"2025-07-22 10:41:07"}
{"ip":"::1","level":"info","message":"GET /api/health","service":"user-service","timestamp":"2025-07-22 10:41:37"}
{"ip":"::1","level":"info","message":"GET /api/health","service":"user-service","timestamp":"2025-07-22 10:42:08"}
{"ip":"::1","level":"info","message":"GET /api/health","service":"user-service","timestamp":"2025-07-22 10:42:38"}
{"ip":"::1","level":"info","message":"GET /api/health","service":"user-service","timestamp":"2025-07-22 10:43:08"}
{"ip":"::1","level":"info","message":"GET /api/health","service":"user-service","timestamp":"2025-07-22 10:43:38"}
{"ip":"::1","level":"info","message":"GET /api/health","service":"user-service","timestamp":"2025-07-22 10:44:09"}
{"ip":"::1","level":"info","message":"GET /api/health","service":"user-service","timestamp":"2025-07-22 10:44:39"}
{"ip":"::1","level":"info","message":"GET /api/health","service":"user-service","timestamp":"2025-07-22 10:45:09"}
{"ip":"::1","level":"info","message":"GET /api/health","service":"user-service","timestamp":"2025-07-22 10:45:39"}
{"ip":"::1","level":"info","message":"GET /api/health","service":"user-service","timestamp":"2025-07-22 10:46:09"}
{"ip":"::1","level":"info","message":"GET /api/health","service":"user-service","timestamp":"2025-07-22 10:46:40"}
{"ip":"::1","level":"info","message":"GET /api/health","service":"user-service","timestamp":"2025-07-22 10:47:10"}
{"ip":"::1","level":"info","message":"GET /api/health","service":"user-service","timestamp":"2025-07-22 10:47:40"}
{"ip":"::1","level":"info","message":"GET /api/health","service":"user-service","timestamp":"2025-07-22 10:48:10"}
{"ip":"::1","level":"info","message":"GET /api/health","service":"user-service","timestamp":"2025-07-22 10:48:40"}
{"ip":"::1","level":"info","message":"GET /api/health","service":"user-service","timestamp":"2025-07-22 10:49:11"}
{"ip":"::1","level":"info","message":"GET /api/health","service":"user-service","timestamp":"2025-07-22 10:49:41"}
{"ip":"::1","level":"info","message":"GET /api/health","service":"user-service","timestamp":"2025-07-22 10:50:11"}
{"ip":"::1","level":"info","message":"GET /api/health","service":"user-service","timestamp":"2025-07-22 10:50:41"}
{"ip":"::1","level":"info","message":"GET /api/health","service":"user-service","timestamp":"2025-07-22 10:51:11"}
{"ip":"::1","level":"info","message":"GET /api/health","service":"user-service","timestamp":"2025-07-22 10:51:42"}
{"ip":"::1","level":"info","message":"GET /api/health","service":"user-service","timestamp":"2025-07-22 10:52:12"}
{"ip":"::1","level":"info","message":"GET /api/health","service":"user-service","timestamp":"2025-07-22 10:52:42"}
{"ip":"::1","level":"info","message":"GET /api/health","service":"user-service","timestamp":"2025-07-22 10:53:12"}
{"ip":"::1","level":"info","message":"GET /api/health","service":"user-service","timestamp":"2025-07-22 10:53:42"}
{"ip":"::1","level":"info","message":"GET /api/health","service":"user-service","timestamp":"2025-07-22 10:54:13"}
{"ip":"::1","level":"info","message":"GET /api/health","service":"user-service","timestamp":"2025-07-22 10:54:43"}
{"ip":"::1","level":"info","message":"GET /api/health","service":"user-service","timestamp":"2025-07-22 10:55:13"}
{"ip":"::1","level":"info","message":"GET /api/health","service":"user-service","timestamp":"2025-07-22 10:55:43"}
{"ip":"::1","level":"info","message":"GET /api/health","service":"user-service","timestamp":"2025-07-22 10:56:13"}
{"ip":"::1","level":"info","message":"GET /api/health","service":"user-service","timestamp":"2025-07-22 10:56:44"}
{"ip":"::1","level":"info","message":"GET /api/health","service":"user-service","timestamp":"2025-07-22 10:57:14"}
{"ip":"::1","level":"info","message":"GET /api/health","service":"user-service","timestamp":"2025-07-22 10:57:44"}
{"ip":"::1","level":"info","message":"GET /api/health","service":"user-service","timestamp":"2025-07-22 10:58:14"}
{"ip":"::1","level":"info","message":"GET /api/health","service":"user-service","timestamp":"2025-07-22 10:58:44"}
{"ip":"::1","level":"info","message":"GET /api/health","service":"user-service","timestamp":"2025-07-22 10:59:14"}
{"ip":"::1","level":"info","message":"GET /api/health","service":"user-service","timestamp":"2025-07-22 10:59:45"}
{"ip":"::1","level":"info","message":"GET /api/health","service":"user-service","timestamp":"2025-07-22 11:00:15"}
{"ip":"::1","level":"info","message":"GET /api/health","service":"user-service","timestamp":"2025-07-22 11:00:45"}
{"ip":"::1","level":"info","message":"GET /api/health","service":"user-service","timestamp":"2025-07-22 11:01:15"}
{"ip":"::1","level":"info","message":"GET /api/health","service":"user-service","timestamp":"2025-07-22 11:01:45"}
{"ip":"::1","level":"info","message":"GET /api/health","service":"user-service","timestamp":"2025-07-22 11:02:16"}
{"ip":"::1","level":"info","message":"GET /api/health","service":"user-service","timestamp":"2025-07-22 11:02:46"}
{"ip":"::1","level":"info","message":"GET /api/health","service":"user-service","timestamp":"2025-07-22 11:03:16"}
{"ip":"::1","level":"info","message":"GET /api/health","service":"user-service","timestamp":"2025-07-22 11:03:46"}
{"ip":"::1","level":"info","message":"GET /api/health","service":"user-service","timestamp":"2025-07-22 11:04:16"}
{"ip":"::1","level":"info","message":"GET /api/health","service":"user-service","timestamp":"2025-07-22 11:04:47"}
{"ip":"::1","level":"info","message":"GET /api/health","service":"user-service","timestamp":"2025-07-22 11:05:17"}
{"ip":"::1","level":"info","message":"GET /api/health","service":"user-service","timestamp":"2025-07-22 11:05:47"}
{"ip":"::1","level":"info","message":"GET /api/health","service":"user-service","timestamp":"2025-07-22 11:06:17"}
{"ip":"::1","level":"info","message":"GET /api/health","service":"user-service","timestamp":"2025-07-22 11:06:47"}
{"ip":"::1","level":"info","message":"GET /api/health","service":"user-service","timestamp":"2025-07-22 11:07:18"}
{"ip":"::1","level":"info","message":"GET /api/health","service":"user-service","timestamp":"2025-07-22 11:07:48"}
{"ip":"::1","level":"info","message":"GET /api/health","service":"user-service","timestamp":"2025-07-22 11:08:18"}
{"ip":"::1","level":"info","message":"GET /api/health","service":"user-service","timestamp":"2025-07-22 11:08:48"}
{"ip":"::1","level":"info","message":"GET /api/health","service":"user-service","timestamp":"2025-07-22 11:09:18"}
{"ip":"::1","level":"info","message":"GET /api/health","service":"user-service","timestamp":"2025-07-22 11:09:49"}
{"ip":"::1","level":"info","message":"GET /api/health","service":"user-service","timestamp":"2025-07-22 11:10:19"}
{"ip":"::1","level":"info","message":"GET /api/health","service":"user-service","timestamp":"2025-07-22 11:10:49"}
{"ip":"::1","level":"info","message":"GET /api/health","service":"user-service","timestamp":"2025-07-22 11:11:19"}
{"ip":"::1","level":"info","message":"GET /api/health","service":"user-service","timestamp":"2025-07-22 11:11:50"}
{"ip":"::1","level":"info","message":"GET /api/health","service":"user-service","timestamp":"2025-07-22 11:12:20"}
{"ip":"::1","level":"info","message":"GET /api/health","service":"user-service","timestamp":"2025-07-22 11:12:50"}
{"ip":"::1","level":"info","message":"GET /api/health","service":"user-service","timestamp":"2025-07-22 11:13:20"}
{"ip":"::1","level":"info","message":"GET /api/health","service":"user-service","timestamp":"2025-07-22 11:13:50"}
{"ip":"::1","level":"info","message":"GET /api/health","service":"user-service","timestamp":"2025-07-22 11:14:21"}
{"ip":"::1","level":"info","message":"GET /api/health","service":"user-service","timestamp":"2025-07-22 11:14:51"}
{"ip":"::1","level":"info","message":"GET /api/health","service":"user-service","timestamp":"2025-07-22 11:15:21"}
{"ip":"::1","level":"info","message":"GET /api/health","service":"user-service","timestamp":"2025-07-22 11:15:51"}
{"ip":"::1","level":"info","message":"GET /api/health","service":"user-service","timestamp":"2025-07-22 11:16:21"}
{"ip":"::1","level":"info","message":"GET /api/health","service":"user-service","timestamp":"2025-07-22 11:16:52"}
{"ip":"::1","level":"info","message":"GET /api/health","service":"user-service","timestamp":"2025-07-22 11:17:22"}
{"ip":"::1","level":"info","message":"GET /api/health","service":"user-service","timestamp":"2025-07-22 11:17:52"}
{"ip":"::1","level":"info","message":"GET /api/health","service":"user-service","timestamp":"2025-07-22 11:18:22"}
{"ip":"::1","level":"info","message":"GET /api/health","service":"user-service","timestamp":"2025-07-22 11:18:52"}
{"ip":"::1","level":"info","message":"GET /api/health","service":"user-service","timestamp":"2025-07-22 11:19:23"}
{"ip":"::1","level":"info","message":"GET /api/health","service":"user-service","timestamp":"2025-07-22 11:19:53"}
{"ip":"::1","level":"info","message":"GET /api/health","service":"user-service","timestamp":"2025-07-22 11:20:23"}
{"ip":"::1","level":"info","message":"GET /api/health","service":"user-service","timestamp":"2025-07-22 11:20:53"}
{"ip":"::1","level":"info","message":"GET /api/health","service":"user-service","timestamp":"2025-07-22 11:21:24"}
{"ip":"::1","level":"info","message":"GET /api/health","service":"user-service","timestamp":"2025-07-22 11:21:54"}
{"ip":"::1","level":"info","message":"GET /api/health","service":"user-service","timestamp":"2025-07-22 11:22:24"}
{"ip":"::1","level":"info","message":"GET /api/health","service":"user-service","timestamp":"2025-07-22 11:22:54"}
{"ip":"::1","level":"info","message":"GET /api/health","service":"user-service","timestamp":"2025-07-22 11:23:24"}
{"ip":"::1","level":"info","message":"GET /api/health","service":"user-service","timestamp":"2025-07-22 11:23:55"}
{"ip":"::1","level":"info","message":"GET /api/health","service":"user-service","timestamp":"2025-07-22 11:24:25"}
{"ip":"::1","level":"info","message":"GET /api/health","service":"user-service","timestamp":"2025-07-22 11:24:55"}
{"ip":"::1","level":"info","message":"GET /api/health","service":"user-service","timestamp":"2025-07-22 11:25:25"}
{"ip":"::1","level":"info","message":"GET /api/health","service":"user-service","timestamp":"2025-07-22 11:25:55"}
{"ip":"::1","level":"info","message":"GET /api/health","service":"user-service","timestamp":"2025-07-22 11:26:26"}
{"ip":"::1","level":"info","message":"GET /api/health","service":"user-service","timestamp":"2025-07-22 11:26:56"}
{"ip":"::1","level":"info","message":"GET /api/health","service":"user-service","timestamp":"2025-07-22 11:27:26"}
{"ip":"::1","level":"info","message":"GET /api/health","service":"user-service","timestamp":"2025-07-22 11:27:57"}
{"ip":"::1","level":"info","message":"GET /api/health","service":"user-service","timestamp":"2025-07-22 11:28:27"}
{"ip":"::1","level":"info","message":"GET /api/health","service":"user-service","timestamp":"2025-07-22 11:28:57"}
{"ip":"::1","level":"info","message":"GET /api/health","service":"user-service","timestamp":"2025-07-22 11:29:27"}
{"ip":"::1","level":"info","message":"GET /api/health","service":"user-service","timestamp":"2025-07-22 11:29:58"}
{"ip":"::1","level":"info","message":"GET /api/health","service":"user-service","timestamp":"2025-07-22 11:30:28"}
{"ip":"::1","level":"info","message":"GET /api/health","service":"user-service","timestamp":"2025-07-22 11:30:58"}
{"ip":"::1","level":"info","message":"GET /api/health","service":"user-service","timestamp":"2025-07-22 11:31:28"}
{"ip":"::1","level":"info","message":"GET /api/health","service":"user-service","timestamp":"2025-07-22 11:31:59"}
{"ip":"::1","level":"info","message":"GET /api/health","service":"user-service","timestamp":"2025-07-22 11:32:29"}
{"ip":"::1","level":"info","message":"GET /api/health","service":"user-service","timestamp":"2025-07-22 11:32:59"}
{"ip":"::1","level":"info","message":"GET /api/health","service":"user-service","timestamp":"2025-07-22 11:33:29"}
{"ip":"::1","level":"info","message":"GET /api/health","service":"user-service","timestamp":"2025-07-22 11:33:59"}
{"ip":"::1","level":"info","message":"GET /api/health","service":"user-service","timestamp":"2025-07-22 11:34:30"}
{"ip":"::1","level":"info","message":"GET /api/health","service":"user-service","timestamp":"2025-07-22 11:35:00"}
{"ip":"::1","level":"info","message":"GET /api/health","service":"user-service","timestamp":"2025-07-22 11:35:30"}
{"ip":"::1","level":"info","message":"GET /api/health","service":"user-service","timestamp":"2025-07-22 11:36:01"}
{"ip":"::1","level":"info","message":"GET /api/health","service":"user-service","timestamp":"2025-07-22 11:36:31"}
{"ip":"::1","level":"info","message":"GET /api/health","service":"user-service","timestamp":"2025-07-22 11:37:01"}
{"ip":"::1","level":"info","message":"GET /api/health","service":"user-service","timestamp":"2025-07-22 11:37:31"}
{"ip":"::1","level":"info","message":"GET /api/health","service":"user-service","timestamp":"2025-07-22 11:38:02"}
{"ip":"::1","level":"info","message":"GET /api/health","service":"user-service","timestamp":"2025-07-22 11:38:32"}
{"ip":"::1","level":"info","message":"GET /api/health","service":"user-service","timestamp":"2025-07-22 11:39:02"}
{"ip":"::1","level":"info","message":"GET /api/health","service":"user-service","timestamp":"2025-07-22 11:39:32"}
{"ip":"::1","level":"info","message":"GET /api/health","service":"user-service","timestamp":"2025-07-22 11:40:03"}
{"ip":"::1","level":"info","message":"GET /api/health","service":"user-service","timestamp":"2025-07-22 11:40:33"}
{"ip":"::1","level":"info","message":"GET /api/health","service":"user-service","timestamp":"2025-07-22 11:41:03"}
{"ip":"::1","level":"info","message":"GET /api/health","service":"user-service","timestamp":"2025-07-22 11:41:33"}
{"ip":"::1","level":"info","message":"GET /api/health","service":"user-service","timestamp":"2025-07-22 11:42:04"}
{"ip":"::1","level":"info","message":"GET /api/health","service":"user-service","timestamp":"2025-07-22 11:42:34"}
{"ip":"::1","level":"info","message":"GET /api/health","service":"user-service","timestamp":"2025-07-22 11:43:04"}
{"ip":"::1","level":"info","message":"GET /api/health","service":"user-service","timestamp":"2025-07-22 11:43:34"}
{"ip":"::1","level":"info","message":"GET /api/health","service":"user-service","timestamp":"2025-07-22 11:44:05"}
{"ip":"::1","level":"info","message":"GET /api/health","service":"user-service","timestamp":"2025-07-22 11:44:35"}
{"ip":"::1","level":"info","message":"GET /api/health","service":"user-service","timestamp":"2025-07-22 11:45:05"}
{"ip":"::1","level":"info","message":"GET /api/health","service":"user-service","timestamp":"2025-07-22 11:45:35"}
{"ip":"::1","level":"info","message":"GET /api/health","service":"user-service","timestamp":"2025-07-22 11:46:05"}
{"ip":"::1","level":"info","message":"GET /api/health","service":"user-service","timestamp":"2025-07-22 11:46:36"}
{"ip":"::1","level":"info","message":"GET /api/health","service":"user-service","timestamp":"2025-07-22 11:47:06"}
{"ip":"::1","level":"info","message":"GET /api/health","service":"user-service","timestamp":"2025-07-22 11:47:36"}
{"ip":"::1","level":"info","message":"GET /api/health","service":"user-service","timestamp":"2025-07-22 11:48:06"}
{"ip":"::1","level":"info","message":"GET /api/health","service":"user-service","timestamp":"2025-07-22 11:48:37"}
{"ip":"::1","level":"info","message":"GET /api/health","service":"user-service","timestamp":"2025-07-22 11:49:07"}
{"ip":"::1","level":"info","message":"GET /api/health","service":"user-service","timestamp":"2025-07-22 11:49:37"}
{"ip":"::1","level":"info","message":"GET /api/health","service":"user-service","timestamp":"2025-07-22 11:50:07"}
{"ip":"::1","level":"info","message":"GET /api/health","service":"user-service","timestamp":"2025-07-22 11:50:38"}
{"ip":"::1","level":"info","message":"GET /api/health","service":"user-service","timestamp":"2025-07-22 11:51:08"}
{"ip":"::1","level":"info","message":"GET /api/health","service":"user-service","timestamp":"2025-07-22 11:51:38"}
{"ip":"::1","level":"info","message":"GET /api/health","service":"user-service","timestamp":"2025-07-22 11:52:08"}
{"ip":"::1","level":"info","message":"GET /api/health","service":"user-service","timestamp":"2025-07-22 11:52:38"}
{"ip":"::1","level":"info","message":"GET /api/health","service":"user-service","timestamp":"2025-07-22 11:53:09"}
{"ip":"::1","level":"info","message":"GET /api/health","service":"user-service","timestamp":"2025-07-22 11:53:39"}
{"ip":"::1","level":"info","message":"GET /api/health","service":"user-service","timestamp":"2025-07-22 11:54:09"}
{"ip":"::1","level":"info","message":"GET /api/health","service":"user-service","timestamp":"2025-07-22 11:54:40"}
{"ip":"::1","level":"info","message":"GET /api/health","service":"user-service","timestamp":"2025-07-22 11:55:10"}
{"ip":"::1","level":"info","message":"GET /api/health","service":"user-service","timestamp":"2025-07-22 11:55:40"}
{"ip":"::1","level":"info","message":"GET /api/health","service":"user-service","timestamp":"2025-07-22 11:56:10"}
{"ip":"::1","level":"info","message":"GET /api/health","service":"user-service","timestamp":"2025-07-22 11:56:41"}
{"ip":"::1","level":"info","message":"GET /api/health","service":"user-service","timestamp":"2025-07-22 11:57:11"}
{"ip":"::1","level":"info","message":"GET /api/health","service":"user-service","timestamp":"2025-07-22 11:57:41"}
{"ip":"::1","level":"info","message":"GET /api/health","service":"user-service","timestamp":"2025-07-22 11:58:11"}
{"ip":"::1","level":"info","message":"GET /api/health","service":"user-service","timestamp":"2025-07-22 11:58:42"}
{"ip":"::1","level":"info","message":"GET /api/health","service":"user-service","timestamp":"2025-07-22 11:59:12"}
{"ip":"::1","level":"info","message":"GET /api/health","service":"user-service","timestamp":"2025-07-22 11:59:42"}
{"ip":"::1","level":"info","message":"GET /api/health","service":"user-service","timestamp":"2025-07-22 12:00:12"}
{"ip":"::1","level":"info","message":"GET /api/health","service":"user-service","timestamp":"2025-07-22 12:00:42"}
{"ip":"::1","level":"info","message":"GET /api/health","service":"user-service","timestamp":"2025-07-22 12:01:13"}
{"ip":"::1","level":"info","message":"GET /api/health","service":"user-service","timestamp":"2025-07-22 12:01:43"}
{"ip":"::1","level":"info","message":"GET /api/health","service":"user-service","timestamp":"2025-07-22 12:02:13"}
{"ip":"::1","level":"info","message":"GET /api/health","service":"user-service","timestamp":"2025-07-22 12:02:43"}
{"ip":"::1","level":"info","message":"GET /api/health","service":"user-service","timestamp":"2025-07-22 12:03:14"}
{"ip":"::1","level":"info","message":"GET /api/health","service":"user-service","timestamp":"2025-07-22 12:03:44"}
{"ip":"::1","level":"info","message":"GET /api/health","service":"user-service","timestamp":"2025-07-22 12:04:14"}
{"ip":"::1","level":"info","message":"GET /api/health","service":"user-service","timestamp":"2025-07-22 12:04:44"}
{"ip":"::1","level":"info","message":"GET /api/health","service":"user-service","timestamp":"2025-07-22 12:05:14"}
{"ip":"::1","level":"info","message":"GET /api/health","service":"user-service","timestamp":"2025-07-22 12:05:45"}
{"ip":"::1","level":"info","message":"GET /api/health","service":"user-service","timestamp":"2025-07-22 12:06:15"}
{"ip":"::1","level":"info","message":"GET /api/health","service":"user-service","timestamp":"2025-07-22 12:06:45"}
{"ip":"::1","level":"info","message":"GET /api/health","service":"user-service","timestamp":"2025-07-22 12:07:15"}
{"ip":"::1","level":"info","message":"GET /api/health","service":"user-service","timestamp":"2025-07-22 12:07:45"}
{"ip":"::1","level":"info","message":"GET /api/health","service":"user-service","timestamp":"2025-07-22 12:08:16"}
{"ip":"::1","level":"info","message":"GET /api/health","service":"user-service","timestamp":"2025-07-22 12:08:46"}
{"ip":"::1","level":"info","message":"GET /api/health","service":"user-service","timestamp":"2025-07-22 12:09:16"}
{"ip":"::1","level":"info","message":"GET /api/health","service":"user-service","timestamp":"2025-07-22 12:09:46"}
{"ip":"::1","level":"info","message":"GET /api/health","service":"user-service","timestamp":"2025-07-22 12:10:16"}
{"ip":"::1","level":"info","message":"GET /api/health","service":"user-service","timestamp":"2025-07-22 12:10:47"}
{"ip":"::1","level":"info","message":"GET /api/health","service":"user-service","timestamp":"2025-07-22 12:11:17"}
{"ip":"::1","level":"info","message":"GET /api/health","service":"user-service","timestamp":"2025-07-22 12:11:47"}
{"ip":"::1","level":"info","message":"GET /api/health","service":"user-service","timestamp":"2025-07-22 12:12:17"}
{"ip":"::1","level":"info","message":"GET /api/health","service":"user-service","timestamp":"2025-07-22 12:12:48"}
{"ip":"::1","level":"info","message":"GET /api/health","service":"user-service","timestamp":"2025-07-22 12:13:18"}
{"ip":"::1","level":"info","message":"GET /api/health","service":"user-service","timestamp":"2025-07-22 12:13:48"}
{"ip":"::1","level":"info","message":"GET /api/health","service":"user-service","timestamp":"2025-07-22 12:14:18"}
{"ip":"::1","level":"info","message":"GET /api/health","service":"user-service","timestamp":"2025-07-22 12:14:49"}
{"ip":"::1","level":"info","message":"GET /api/health","service":"user-service","timestamp":"2025-07-22 12:15:19"}
{"ip":"::1","level":"info","message":"GET /api/health","service":"user-service","timestamp":"2025-07-22 12:15:49"}
{"ip":"::1","level":"info","message":"GET /api/health","service":"user-service","timestamp":"2025-07-22 12:16:19"}
{"ip":"::1","level":"info","message":"GET /api/health","service":"user-service","timestamp":"2025-07-22 12:16:49"}
{"ip":"::1","level":"info","message":"GET /api/health","service":"user-service","timestamp":"2025-07-22 12:17:20"}
{"ip":"::1","level":"info","message":"GET /api/health","service":"user-service","timestamp":"2025-07-22 12:17:50"}
{"ip":"::1","level":"info","message":"GET /api/health","service":"user-service","timestamp":"2025-07-22 12:18:20"}
{"ip":"::1","level":"info","message":"GET /api/health","service":"user-service","timestamp":"2025-07-22 12:18:50"}
{"ip":"::1","level":"info","message":"GET /api/health","service":"user-service","timestamp":"2025-07-22 12:19:20"}
{"ip":"::1","level":"info","message":"GET /api/health","service":"user-service","timestamp":"2025-07-22 12:19:51"}
{"ip":"::1","level":"info","message":"GET /api/health","service":"user-service","timestamp":"2025-07-22 12:20:21"}
{"ip":"::1","level":"info","message":"GET /api/health","service":"user-service","timestamp":"2025-07-22 12:20:51"}
{"ip":"::1","level":"info","message":"GET /api/health","service":"user-service","timestamp":"2025-07-22 12:21:21"}
{"ip":"::1","level":"info","message":"GET /api/health","service":"user-service","timestamp":"2025-07-22 12:21:51"}
{"ip":"::1","level":"info","message":"GET /api/health","service":"user-service","timestamp":"2025-07-22 12:22:22"}
{"ip":"::1","level":"info","message":"GET /api/health","service":"user-service","timestamp":"2025-07-22 12:22:52"}
{"ip":"::1","level":"info","message":"GET /api/health","service":"user-service","timestamp":"2025-07-22 12:23:22"}
{"ip":"::1","level":"info","message":"GET /api/health","service":"user-service","timestamp":"2025-07-22 12:23:52"}
{"ip":"::1","level":"info","message":"GET /api/health","service":"user-service","timestamp":"2025-07-22 12:24:22"}
{"ip":"::1","level":"info","message":"GET /api/health","service":"user-service","timestamp":"2025-07-22 12:24:53"}
{"ip":"::1","level":"info","message":"GET /api/health","service":"user-service","timestamp":"2025-07-22 12:25:23"}
{"ip":"::1","level":"info","message":"GET /api/health","service":"user-service","timestamp":"2025-07-22 12:25:53"}
{"ip":"::1","level":"info","message":"GET /api/health","service":"user-service","timestamp":"2025-07-22 12:26:23"}
{"ip":"::1","level":"info","message":"GET /api/health","service":"user-service","timestamp":"2025-07-22 12:26:53"}
{"ip":"::1","level":"info","message":"GET /api/health","service":"user-service","timestamp":"2025-07-22 12:27:24"}
{"ip":"::1","level":"info","message":"GET /api/health","service":"user-service","timestamp":"2025-07-22 12:27:54"}
{"ip":"::1","level":"info","message":"GET /api/health","service":"user-service","timestamp":"2025-07-22 12:28:24"}
{"ip":"::1","level":"info","message":"GET /api/health","service":"user-service","timestamp":"2025-07-22 12:28:55"}
{"ip":"::1","level":"info","message":"GET /api/health","service":"user-service","timestamp":"2025-07-22 12:29:25"}
{"ip":"::1","level":"info","message":"GET /api/health","service":"user-service","timestamp":"2025-07-22 12:29:55"}
{"ip":"::1","level":"info","message":"GET /api/health","service":"user-service","timestamp":"2025-07-22 12:30:25"}
{"ip":"::1","level":"info","message":"GET /api/health","service":"user-service","timestamp":"2025-07-22 12:30:56"}
{"ip":"::1","level":"info","message":"GET /api/health","service":"user-service","timestamp":"2025-07-22 12:31:26"}
{"ip":"::1","level":"info","message":"GET /api/health","service":"user-service","timestamp":"2025-07-22 12:31:56"}
{"ip":"::1","level":"info","message":"GET /api/health","service":"user-service","timestamp":"2025-07-22 12:32:26"}
{"ip":"::1","level":"info","message":"GET /api/health","service":"user-service","timestamp":"2025-07-22 12:32:56"}
{"ip":"::1","level":"info","message":"GET /api/health","service":"user-service","timestamp":"2025-07-22 12:33:27"}
{"ip":"::1","level":"info","message":"GET /api/health","service":"user-service","timestamp":"2025-07-22 12:33:58"}
{"ip":"::1","level":"info","message":"GET /api/health","service":"user-service","timestamp":"2025-07-22 12:34:29"}
{"ip":"::1","level":"info","message":"GET /api/health","service":"user-service","timestamp":"2025-07-22 12:35:00"}
{"ip":"::1","level":"info","message":"GET /api/health","service":"user-service","timestamp":"2025-07-22 12:35:30"}
{"ip":"::1","level":"info","message":"GET /api/health","service":"user-service","timestamp":"2025-07-22 12:36:00"}
{"ip":"::1","level":"info","message":"GET /api/health","service":"user-service","timestamp":"2025-07-22 12:36:30"}
{"ip":"::1","level":"info","message":"GET /api/health","service":"user-service","timestamp":"2025-07-22 12:37:01"}
{"ip":"::1","level":"info","message":"GET /api/health","service":"user-service","timestamp":"2025-07-22 12:37:31"}
{"ip":"::1","level":"info","message":"GET /api/health","service":"user-service","timestamp":"2025-07-22 12:38:01"}
{"ip":"::1","level":"info","message":"GET /api/health","service":"user-service","timestamp":"2025-07-22 12:38:31"}
{"ip":"::1","level":"info","message":"GET /api/health","service":"user-service","timestamp":"2025-07-22 12:39:01"}
{"ip":"::1","level":"info","message":"GET /api/health","service":"user-service","timestamp":"2025-07-22 12:39:32"}
{"ip":"::1","level":"info","message":"GET /api/health","service":"user-service","timestamp":"2025-07-22 12:40:02"}
{"ip":"::1","level":"info","message":"GET /api/health","service":"user-service","timestamp":"2025-07-22 12:40:32"}
{"ip":"::1","level":"info","message":"GET /api/health","service":"user-service","timestamp":"2025-07-22 12:41:02"}
{"ip":"::1","level":"info","message":"GET /api/health","service":"user-service","timestamp":"2025-07-22 12:41:32"}
{"ip":"::1","level":"info","message":"GET /api/health","service":"user-service","timestamp":"2025-07-22 12:42:03"}
{"ip":"::1","level":"info","message":"GET /api/health","service":"user-service","timestamp":"2025-07-22 12:42:33"}
{"ip":"::1","level":"info","message":"GET /api/health","service":"user-service","timestamp":"2025-07-22 12:43:03"}
{"ip":"::1","level":"info","message":"GET /api/health","service":"user-service","timestamp":"2025-07-22 12:43:33"}
{"ip":"::1","level":"info","message":"GET /api/health","service":"user-service","timestamp":"2025-07-22 12:44:04"}
{"ip":"::1","level":"info","message":"GET /api/health","service":"user-service","timestamp":"2025-07-22 12:44:34"}
{"ip":"::1","level":"info","message":"GET /api/health","service":"user-service","timestamp":"2025-07-22 12:45:04"}
{"ip":"::1","level":"info","message":"GET /api/health","service":"user-service","timestamp":"2025-07-22 12:45:34"}
{"ip":"::1","level":"info","message":"GET /api/health","service":"user-service","timestamp":"2025-07-22 12:46:04"}
{"ip":"::1","level":"info","message":"GET /api/health","service":"user-service","timestamp":"2025-07-22 12:46:35"}
{"ip":"::1","level":"info","message":"GET /api/health","service":"user-service","timestamp":"2025-07-22 12:47:05"}
{"ip":"::1","level":"info","message":"GET /api/health","service":"user-service","timestamp":"2025-07-22 12:47:35"}
{"ip":"::1","level":"info","message":"GET /api/health","service":"user-service","timestamp":"2025-07-22 12:48:05"}
{"ip":"::1","level":"info","message":"GET /api/health","service":"user-service","timestamp":"2025-07-22 12:48:36"}
{"ip":"::1","level":"info","message":"GET /api/health","service":"user-service","timestamp":"2025-07-22 12:49:06"}
{"ip":"::1","level":"info","message":"GET /api/health","service":"user-service","timestamp":"2025-07-22 12:49:36"}
{"ip":"::1","level":"info","message":"GET /api/health","service":"user-service","timestamp":"2025-07-22 12:50:06"}
{"ip":"::1","level":"info","message":"GET /api/health","service":"user-service","timestamp":"2025-07-22 12:50:36"}
{"ip":"::1","level":"info","message":"GET /api/health","service":"user-service","timestamp":"2025-07-22 12:51:06"}
{"ip":"::1","level":"info","message":"GET /api/health","service":"user-service","timestamp":"2025-07-22 12:51:37"}
{"ip":"::1","level":"info","message":"GET /api/health","service":"user-service","timestamp":"2025-07-22 12:52:07"}
{"ip":"::1","level":"info","message":"GET /api/health","service":"user-service","timestamp":"2025-07-22 12:52:37"}
{"ip":"::1","level":"info","message":"GET /api/health","service":"user-service","timestamp":"2025-07-22 12:53:07"}
{"ip":"::1","level":"info","message":"GET /api/health","service":"user-service","timestamp":"2025-07-22 12:53:38"}
{"ip":"::1","level":"info","message":"GET /api/health","service":"user-service","timestamp":"2025-07-22 12:54:08"}
{"ip":"::1","level":"info","message":"GET /api/health","service":"user-service","timestamp":"2025-07-22 12:54:38"}
{"ip":"::1","level":"info","message":"GET /api/health","service":"user-service","timestamp":"2025-07-22 12:55:08"}
{"ip":"::1","level":"info","message":"GET /api/health","service":"user-service","timestamp":"2025-07-22 12:55:38"}
{"ip":"::1","level":"info","message":"GET /api/health","service":"user-service","timestamp":"2025-07-22 12:56:09"}
{"ip":"::1","level":"info","message":"GET /api/health","service":"user-service","timestamp":"2025-07-22 12:56:39"}
{"ip":"::1","level":"info","message":"GET /api/health","service":"user-service","timestamp":"2025-07-22 12:57:09"}
{"ip":"::1","level":"info","message":"GET /api/health","service":"user-service","timestamp":"2025-07-22 12:57:39"}
{"ip":"::1","level":"info","message":"GET /api/health","service":"user-service","timestamp":"2025-07-22 12:58:09"}
{"ip":"::1","level":"info","message":"GET /api/health","service":"user-service","timestamp":"2025-07-22 12:58:40"}
{"ip":"::1","level":"info","message":"GET /api/health","service":"user-service","timestamp":"2025-07-22 12:59:10"}
{"ip":"::1","level":"info","message":"GET /api/health","service":"user-service","timestamp":"2025-07-22 12:59:40"}
{"ip":"::1","level":"info","message":"GET /api/health","service":"user-service","timestamp":"2025-07-22 13:00:10"}
{"ip":"::1","level":"info","message":"GET /api/health","service":"user-service","timestamp":"2025-07-22 13:00:40"}
{"ip":"::1","level":"info","message":"GET /api/health","service":"user-service","timestamp":"2025-07-22 13:01:11"}
{"ip":"::1","level":"info","message":"GET /api/health","service":"user-service","timestamp":"2025-07-22 13:01:41"}
{"ip":"::1","level":"info","message":"GET /api/health","service":"user-service","timestamp":"2025-07-22 13:02:11"}
{"ip":"::1","level":"info","message":"GET /api/health","service":"user-service","timestamp":"2025-07-22 13:02:41"}
{"ip":"::1","level":"info","message":"GET /api/health","service":"user-service","timestamp":"2025-07-22 13:03:11"}
{"ip":"::1","level":"info","message":"GET /api/health","service":"user-service","timestamp":"2025-07-22 13:03:42"}
{"ip":"::1","level":"info","message":"GET /api/health","service":"user-service","timestamp":"2025-07-22 13:04:12"}
{"ip":"::1","level":"info","message":"GET /api/health","service":"user-service","timestamp":"2025-07-22 13:04:42"}
{"ip":"::1","level":"info","message":"GET /api/health","service":"user-service","timestamp":"2025-07-22 13:05:12"}
{"ip":"::1","level":"info","message":"GET /api/health","service":"user-service","timestamp":"2025-07-22 13:05:42"}
{"ip":"::1","level":"info","message":"GET /api/health","service":"user-service","timestamp":"2025-07-22 13:06:13"}
{"ip":"::1","level":"info","message":"GET /api/health","service":"user-service","timestamp":"2025-07-22 13:06:43"}
{"ip":"::1","level":"info","message":"GET /api/health","service":"user-service","timestamp":"2025-07-22 13:07:13"}
{"ip":"::1","level":"info","message":"GET /api/health","service":"user-service","timestamp":"2025-07-22 13:07:43"}
{"ip":"::1","level":"info","message":"GET /api/health","service":"user-service","timestamp":"2025-07-22 13:08:13"}
{"ip":"::1","level":"info","message":"GET /api/health","service":"user-service","timestamp":"2025-07-22 13:08:44"}
{"ip":"::1","level":"info","message":"GET /api/health","service":"user-service","timestamp":"2025-07-22 13:09:14"}
{"ip":"::1","level":"info","message":"GET /api/health","service":"user-service","timestamp":"2025-07-22 13:09:44"}
{"ip":"::1","level":"info","message":"GET /api/health","service":"user-service","timestamp":"2025-07-22 13:10:14"}
{"ip":"::1","level":"info","message":"GET /api/health","service":"user-service","timestamp":"2025-07-22 13:10:44"}
{"ip":"::1","level":"info","message":"GET /api/health","service":"user-service","timestamp":"2025-07-22 13:11:15"}
{"ip":"::1","level":"info","message":"GET /api/health","service":"user-service","timestamp":"2025-07-22 13:11:45"}
{"ip":"::1","level":"info","message":"GET /api/health","service":"user-service","timestamp":"2025-07-22 13:12:15"}
{"ip":"::1","level":"info","message":"GET /api/health","service":"user-service","timestamp":"2025-07-22 13:12:45"}
{"ip":"::1","level":"info","message":"GET /api/health","service":"user-service","timestamp":"2025-07-22 13:13:15"}
{"ip":"::1","level":"info","message":"GET /api/health","service":"user-service","timestamp":"2025-07-22 13:13:46"}
{"ip":"::1","level":"info","message":"GET /api/health","service":"user-service","timestamp":"2025-07-22 13:14:16"}
{"ip":"::1","level":"info","message":"GET /api/health","service":"user-service","timestamp":"2025-07-22 13:14:46"}
{"ip":"::1","level":"info","message":"GET /api/health","service":"user-service","timestamp":"2025-07-22 13:15:16"}
{"ip":"::1","level":"info","message":"GET /api/health","service":"user-service","timestamp":"2025-07-22 13:15:46"}
{"ip":"::1","level":"info","message":"GET /api/health","service":"user-service","timestamp":"2025-07-22 13:16:17"}
{"ip":"::1","level":"info","message":"GET /api/health","service":"user-service","timestamp":"2025-07-22 13:16:47"}
{"ip":"::1","level":"info","message":"GET /api/health","service":"user-service","timestamp":"2025-07-22 13:17:17"}
{"ip":"::1","level":"info","message":"GET /api/health","service":"user-service","timestamp":"2025-07-22 13:17:47"}
{"ip":"::1","level":"info","message":"GET /api/health","service":"user-service","timestamp":"2025-07-22 13:18:18"}
{"ip":"::1","level":"info","message":"GET /api/health","service":"user-service","timestamp":"2025-07-22 13:18:48"}
{"ip":"::1","level":"info","message":"GET /api/health","service":"user-service","timestamp":"2025-07-22 13:19:18"}
{"ip":"::1","level":"info","message":"GET /api/health","service":"user-service","timestamp":"2025-07-22 13:19:48"}
{"ip":"::1","level":"info","message":"GET /api/health","service":"user-service","timestamp":"2025-07-22 13:20:19"}
{"ip":"::1","level":"info","message":"GET /api/health","service":"user-service","timestamp":"2025-07-22 13:20:49"}
{"ip":"::1","level":"info","message":"GET /api/health","service":"user-service","timestamp":"2025-07-22 13:21:19"}
{"ip":"::1","level":"info","message":"GET /api/health","service":"user-service","timestamp":"2025-07-22 13:21:49"}
{"ip":"::1","level":"info","message":"GET /api/health","service":"user-service","timestamp":"2025-07-22 13:22:19"}
{"ip":"::1","level":"info","message":"GET /api/health","service":"user-service","timestamp":"2025-07-22 13:22:50"}
{"ip":"::1","level":"info","message":"GET /api/health","service":"user-service","timestamp":"2025-07-22 13:23:20"}
{"ip":"::1","level":"info","message":"GET /api/health","service":"user-service","timestamp":"2025-07-22 13:23:50"}
{"ip":"::1","level":"info","message":"GET /api/health","service":"user-service","timestamp":"2025-07-22 13:24:20"}
{"ip":"::1","level":"info","message":"GET /api/health","service":"user-service","timestamp":"2025-07-22 13:24:50"}
{"ip":"::1","level":"info","message":"GET /api/health","service":"user-service","timestamp":"2025-07-22 13:25:21"}
{"ip":"::1","level":"info","message":"GET /api/health","service":"user-service","timestamp":"2025-07-22 13:25:51"}
{"ip":"::1","level":"info","message":"GET /api/health","service":"user-service","timestamp":"2025-07-22 13:26:21"}
{"ip":"::1","level":"info","message":"GET /api/health","service":"user-service","timestamp":"2025-07-22 13:26:51"}
{"ip":"::1","level":"info","message":"GET /api/health","service":"user-service","timestamp":"2025-07-22 13:27:21"}
{"ip":"::1","level":"info","message":"GET /api/health","service":"user-service","timestamp":"2025-07-22 13:27:52"}
{"ip":"::1","level":"info","message":"GET /api/health","service":"user-service","timestamp":"2025-07-22 13:28:22"}
{"ip":"::1","level":"info","message":"GET /api/health","service":"user-service","timestamp":"2025-07-22 13:28:52"}
{"ip":"::1","level":"info","message":"GET /api/health","service":"user-service","timestamp":"2025-07-22 13:29:22"}
{"ip":"::1","level":"info","message":"GET /api/health","service":"user-service","timestamp":"2025-07-22 13:29:52"}
{"ip":"::1","level":"info","message":"GET /api/health","service":"user-service","timestamp":"2025-07-22 13:30:23"}
{"ip":"::1","level":"info","message":"GET /api/health","service":"user-service","timestamp":"2025-07-22 13:30:53"}
{"ip":"::1","level":"info","message":"GET /api/health","service":"user-service","timestamp":"2025-07-22 13:31:23"}
{"ip":"::1","level":"info","message":"GET /api/health","service":"user-service","timestamp":"2025-07-22 13:31:53"}
{"ip":"::1","level":"info","message":"GET /api/health","service":"user-service","timestamp":"2025-07-22 13:32:24"}
{"ip":"::1","level":"info","message":"GET /api/health","service":"user-service","timestamp":"2025-07-22 13:32:54"}
{"ip":"::1","level":"info","message":"GET /api/health","service":"user-service","timestamp":"2025-07-22 13:33:24"}
{"ip":"::1","level":"info","message":"GET /api/health","service":"user-service","timestamp":"2025-07-22 13:33:54"}
{"ip":"::1","level":"info","message":"GET /api/health","service":"user-service","timestamp":"2025-07-22 13:34:25"}
{"ip":"::1","level":"info","message":"GET /api/health","service":"user-service","timestamp":"2025-07-22 13:34:55"}
{"ip":"::1","level":"info","message":"GET /api/health","service":"user-service","timestamp":"2025-07-22 13:35:25"}
{"ip":"::1","level":"info","message":"GET /api/health","service":"user-service","timestamp":"2025-07-22 13:35:55"}
{"ip":"::1","level":"info","message":"GET /api/health","service":"user-service","timestamp":"2025-07-22 13:36:25"}
{"ip":"::1","level":"info","message":"GET /api/health","service":"user-service","timestamp":"2025-07-22 13:36:55"}
{"ip":"::1","level":"info","message":"GET /api/health","service":"user-service","timestamp":"2025-07-22 13:37:26"}
{"ip":"::1","level":"info","message":"GET /api/health","service":"user-service","timestamp":"2025-07-22 13:37:56"}
{"ip":"::1","level":"info","message":"GET /api/health","service":"user-service","timestamp":"2025-07-22 13:38:26"}
{"ip":"::1","level":"info","message":"GET /api/health","service":"user-service","timestamp":"2025-07-22 13:38:56"}
{"ip":"::1","level":"info","message":"GET /api/health","service":"user-service","timestamp":"2025-07-22 13:39:26"}
{"ip":"::1","level":"info","message":"GET /api/health","service":"user-service","timestamp":"2025-07-22 13:39:57"}
{"ip":"::1","level":"info","message":"GET /api/health","service":"user-service","timestamp":"2025-07-22 13:40:27"}
{"ip":"::1","level":"info","message":"GET /api/health","service":"user-service","timestamp":"2025-07-22 13:40:57"}
{"ip":"::1","level":"info","message":"GET /api/health","service":"user-service","timestamp":"2025-07-22 13:41:27"}
{"ip":"::1","level":"info","message":"GET /api/health","service":"user-service","timestamp":"2025-07-22 13:41:57"}
{"ip":"::1","level":"info","message":"GET /api/health","service":"user-service","timestamp":"2025-07-22 13:42:28"}
{"ip":"::1","level":"info","message":"GET /api/health","service":"user-service","timestamp":"2025-07-22 13:42:58"}
{"ip":"::1","level":"info","message":"GET /api/health","service":"user-service","timestamp":"2025-07-22 13:43:28"}
{"ip":"::1","level":"info","message":"GET /api/health","service":"user-service","timestamp":"2025-07-22 13:43:58"}
{"ip":"::1","level":"info","message":"GET /api/health","service":"user-service","timestamp":"2025-07-22 13:44:28"}
{"ip":"::1","level":"info","message":"GET /api/health","service":"user-service","timestamp":"2025-07-22 13:44:59"}
{"ip":"::1","level":"info","message":"GET /api/health","service":"user-service","timestamp":"2025-07-22 13:45:29"}
{"ip":"::1","level":"info","message":"GET /api/health","service":"user-service","timestamp":"2025-07-22 13:45:59"}
{"ip":"::1","level":"info","message":"GET /api/health","service":"user-service","timestamp":"2025-07-22 13:46:29"}
{"ip":"::1","level":"info","message":"GET /api/health","service":"user-service","timestamp":"2025-07-22 13:46:59"}
{"ip":"::1","level":"info","message":"GET /api/health","service":"user-service","timestamp":"2025-07-22 13:47:30"}
{"ip":"::1","level":"info","message":"GET /api/health","service":"user-service","timestamp":"2025-07-22 13:48:00"}
{"ip":"::1","level":"info","message":"GET /api/health","service":"user-service","timestamp":"2025-07-22 13:48:30"}
{"ip":"::1","level":"info","message":"GET /api/health","service":"user-service","timestamp":"2025-07-22 13:49:00"}
{"ip":"::1","level":"info","message":"GET /api/health","service":"user-service","timestamp":"2025-07-22 13:49:31"}
{"ip":"::1","level":"info","message":"GET /api/health","service":"user-service","timestamp":"2025-07-22 13:50:01"}
{"ip":"::1","level":"info","message":"GET /api/health","service":"user-service","timestamp":"2025-07-22 13:50:31"}
{"ip":"::1","level":"info","message":"GET /api/health","service":"user-service","timestamp":"2025-07-22 13:51:01"}
{"ip":"::1","level":"info","message":"GET /api/health","service":"user-service","timestamp":"2025-07-22 13:51:31"}
{"ip":"::1","level":"info","message":"GET /api/health","service":"user-service","timestamp":"2025-07-22 13:52:02"}
{"ip":"::1","level":"info","message":"GET /api/health","service":"user-service","timestamp":"2025-07-22 13:52:32"}
{"ip":"::1","level":"info","message":"GET /api/health","service":"user-service","timestamp":"2025-07-22 13:53:02"}
{"ip":"::1","level":"info","message":"GET /api/health","service":"user-service","timestamp":"2025-07-22 13:53:32"}
{"ip":"::1","level":"info","message":"GET /api/health","service":"user-service","timestamp":"2025-07-22 13:54:03"}
{"ip":"::1","level":"info","message":"GET /api/health","service":"user-service","timestamp":"2025-07-22 13:54:33"}
{"ip":"::1","level":"info","message":"GET /api/health","service":"user-service","timestamp":"2025-07-22 13:55:03"}
{"ip":"::1","level":"info","message":"GET /api/health","service":"user-service","timestamp":"2025-07-22 13:55:33"}
{"ip":"::1","level":"info","message":"GET /api/health","service":"user-service","timestamp":"2025-07-22 13:56:03"}
{"ip":"::1","level":"info","message":"GET /api/health","service":"user-service","timestamp":"2025-07-22 13:56:33"}
{"ip":"::1","level":"info","message":"GET /api/health","service":"user-service","timestamp":"2025-07-22 13:57:04"}
{"ip":"::1","level":"info","message":"GET /api/health","service":"user-service","timestamp":"2025-07-22 13:57:34"}
{"ip":"::1","level":"info","message":"GET /api/health","service":"user-service","timestamp":"2025-07-22 13:58:04"}
{"ip":"::1","level":"info","message":"GET /api/health","service":"user-service","timestamp":"2025-07-22 13:58:34"}
{"ip":"::1","level":"info","message":"GET /api/health","service":"user-service","timestamp":"2025-07-22 13:59:04"}
{"ip":"::1","level":"info","message":"GET /api/health","service":"user-service","timestamp":"2025-07-22 13:59:35"}
{"ip":"::1","level":"info","message":"GET /api/health","service":"user-service","timestamp":"2025-07-22 14:00:05"}
{"ip":"::1","level":"info","message":"GET /api/health","service":"user-service","timestamp":"2025-07-22 14:00:35"}
{"ip":"::1","level":"info","message":"GET /api/health","service":"user-service","timestamp":"2025-07-22 14:01:05"}
{"ip":"::1","level":"info","message":"GET /api/health","service":"user-service","timestamp":"2025-07-22 14:01:35"}
{"ip":"::1","level":"info","message":"GET /api/health","service":"user-service","timestamp":"2025-07-22 14:02:06"}
{"ip":"::1","level":"info","message":"GET /api/health","service":"user-service","timestamp":"2025-07-22 14:02:36"}
{"ip":"::1","level":"info","message":"GET /api/health","service":"user-service","timestamp":"2025-07-22 14:03:06"}
{"ip":"::1","level":"info","message":"GET /api/health","service":"user-service","timestamp":"2025-07-22 14:03:36"}
{"ip":"::1","level":"info","message":"GET /api/health","service":"user-service","timestamp":"2025-07-22 14:04:07"}
{"ip":"::1","level":"info","message":"GET /api/health","service":"user-service","timestamp":"2025-07-22 14:04:37"}
{"ip":"::1","level":"info","message":"GET /api/health","service":"user-service","timestamp":"2025-07-22 14:05:07"}
{"ip":"::1","level":"info","message":"GET /api/health","service":"user-service","timestamp":"2025-07-22 14:05:37"}
{"ip":"::1","level":"info","message":"GET /api/health","service":"user-service","timestamp":"2025-07-22 14:06:07"}
{"ip":"::1","level":"info","message":"GET /api/health","service":"user-service","timestamp":"2025-07-22 14:06:38"}
{"ip":"::1","level":"info","message":"GET /api/health","service":"user-service","timestamp":"2025-07-22 14:07:08"}
{"ip":"::1","level":"info","message":"GET /api/health","service":"user-service","timestamp":"2025-07-22 14:07:38"}
{"ip":"::1","level":"info","message":"GET /api/health","service":"user-service","timestamp":"2025-07-22 14:08:08"}
{"ip":"::1","level":"info","message":"GET /api/health","service":"user-service","timestamp":"2025-07-22 14:08:38"}
{"ip":"::1","level":"info","message":"GET /api/health","service":"user-service","timestamp":"2025-07-22 14:09:08"}
{"ip":"::1","level":"info","message":"GET /api/health","service":"user-service","timestamp":"2025-07-22 14:09:39"}
{"ip":"::1","level":"info","message":"GET /api/health","service":"user-service","timestamp":"2025-07-22 14:10:09"}
{"ip":"::1","level":"info","message":"GET /api/health","service":"user-service","timestamp":"2025-07-22 14:10:39"}
{"ip":"::1","level":"info","message":"GET /api/health","service":"user-service","timestamp":"2025-07-22 14:11:09"}
{"ip":"::1","level":"info","message":"GET /api/health","service":"user-service","timestamp":"2025-07-23 04:12:41"}
{"ip":"::1","level":"info","message":"GET /api/health","service":"user-service","timestamp":"2025-07-23 04:13:13"}
{"ip":"::1","level":"info","message":"GET /api/health","service":"user-service","timestamp":"2025-07-23 04:13:43"}
{"ip":"::1","level":"info","message":"GET /api/health","service":"user-service","timestamp":"2025-07-23 04:14:13"}
{"ip":"::1","level":"info","message":"GET /api/health","service":"user-service","timestamp":"2025-07-23 04:14:43"}
{"ip":"::1","level":"info","message":"GET /api/health","service":"user-service","timestamp":"2025-07-23 04:15:13"}
{"ip":"::1","level":"info","message":"GET /api/health","service":"user-service","timestamp":"2025-07-23 04:15:44"}
{"ip":"::1","level":"info","message":"GET /api/health","service":"user-service","timestamp":"2025-07-23 04:16:14"}
{"ip":"::1","level":"info","message":"GET /api/health","service":"user-service","timestamp":"2025-07-23 04:16:44"}
{"ip":"::1","level":"info","message":"GET /api/health","service":"user-service","timestamp":"2025-07-23 04:17:15"}
{"ip":"::1","level":"info","message":"GET /api/health","service":"user-service","timestamp":"2025-07-23 04:17:45"}
{"ip":"::1","level":"info","message":"GET /api/health","service":"user-service","timestamp":"2025-07-23 04:18:15"}
{"ip":"::1","level":"info","message":"GET /api/health","service":"user-service","timestamp":"2025-07-23 04:18:45"}
{"ip":"::1","level":"info","message":"GET /api/health","service":"user-service","timestamp":"2025-07-23 04:19:16"}
{"ip":"::1","level":"info","message":"GET /api/health","service":"user-service","timestamp":"2025-07-23 04:19:47"}
{"ip":"::1","level":"info","message":"GET /api/health","service":"user-service","timestamp":"2025-07-23 04:20:18"}
{"ip":"::1","level":"info","message":"GET /api/health","service":"user-service","timestamp":"2025-07-23 04:20:49"}
{"ip":"::1","level":"info","message":"GET /api/health","service":"user-service","timestamp":"2025-07-23 04:21:20"}
{"ip":"::1","level":"info","message":"GET /api/health","service":"user-service","timestamp":"2025-07-23 04:21:50"}
{"ip":"::1","level":"info","message":"GET /api/health","service":"user-service","timestamp":"2025-07-23 04:22:20"}
{"ip":"::1","level":"info","message":"GET /api/health","service":"user-service","timestamp":"2025-07-23 04:22:51"}
{"ip":"::1","level":"info","message":"GET /api/health","service":"user-service","timestamp":"2025-07-23 04:23:21"}
{"ip":"::1","level":"info","message":"GET /api/health","service":"user-service","timestamp":"2025-07-23 04:23:51"}
{"ip":"::1","level":"info","message":"GET /api/health","service":"user-service","timestamp":"2025-07-23 04:24:21"}
{"ip":"::1","level":"info","message":"GET /api/health","service":"user-service","timestamp":"2025-07-23 04:24:52"}
{"ip":"::1","level":"info","message":"GET /api/health","service":"user-service","timestamp":"2025-07-23 04:25:22"}
{"ip":"::1","level":"info","message":"GET /api/health","service":"user-service","timestamp":"2025-07-23 04:25:52"}
{"ip":"::1","level":"info","message":"GET /api/health","service":"user-service","timestamp":"2025-07-23 04:26:22"}
{"ip":"::1","level":"info","message":"GET /api/health","service":"user-service","timestamp":"2025-07-23 04:26:53"}
{"ip":"::1","level":"info","message":"GET /api/health","service":"user-service","timestamp":"2025-07-23 04:27:23"}
{"ip":"::1","level":"info","message":"GET /api/health","service":"user-service","timestamp":"2025-07-23 04:27:53"}
{"ip":"::1","level":"info","message":"GET /api/health","service":"user-service","timestamp":"2025-07-23 04:28:23"}
{"ip":"::1","level":"info","message":"GET /api/health","service":"user-service","timestamp":"2025-07-23 04:28:53"}
{"ip":"::1","level":"info","message":"GET /api/health","service":"user-service","timestamp":"2025-07-23 04:29:24"}
{"ip":"::1","level":"info","message":"GET /api/health","service":"user-service","timestamp":"2025-07-23 04:29:54"}
{"ip":"::1","level":"info","message":"GET /api/health","service":"user-service","timestamp":"2025-07-23 04:30:24"}
{"ip":"::1","level":"info","message":"GET /api/health","service":"user-service","timestamp":"2025-07-23 04:30:54"}
{"ip":"::1","level":"info","message":"GET /api/health","service":"user-service","timestamp":"2025-07-23 04:31:24"}
{"ip":"::1","level":"info","message":"GET /api/health","service":"user-service","timestamp":"2025-07-23 04:31:55"}
{"ip":"::1","level":"info","message":"GET /api/health","service":"user-service","timestamp":"2025-07-23 04:32:25"}
{"ip":"::1","level":"info","message":"GET /api/health","service":"user-service","timestamp":"2025-07-23 04:32:55"}
{"ip":"::1","level":"info","message":"GET /api/health","service":"user-service","timestamp":"2025-07-23 04:33:25"}
{"ip":"::1","level":"info","message":"GET /api/health","service":"user-service","timestamp":"2025-07-23 04:33:56"}
{"ip":"::1","level":"info","message":"GET /api/health","service":"user-service","timestamp":"2025-07-23 04:34:26"}
{"ip":"::1","level":"info","message":"GET /api/health","service":"user-service","timestamp":"2025-07-23 04:34:56"}
{"ip":"::1","level":"info","message":"GET /api/health","service":"user-service","timestamp":"2025-07-23 04:35:26"}
{"ip":"::1","level":"info","message":"GET /api/health","service":"user-service","timestamp":"2025-07-23 04:35:56"}
{"ip":"::1","level":"info","message":"GET /api/health","service":"user-service","timestamp":"2025-07-23 04:36:27"}
{"ip":"::1","level":"info","message":"GET /api/health","service":"user-service","timestamp":"2025-07-23 04:36:57"}
{"ip":"::1","level":"info","message":"GET /api/health","service":"user-service","timestamp":"2025-07-23 04:37:27"}
{"ip":"::1","level":"info","message":"GET /api/health","service":"user-service","timestamp":"2025-07-23 04:37:57"}
{"ip":"::1","level":"info","message":"GET /api/health","service":"user-service","timestamp":"2025-07-23 04:38:27"}
{"ip":"::1","level":"info","message":"GET /api/health","service":"user-service","timestamp":"2025-07-23 04:38:58"}
{"ip":"::1","level":"info","message":"GET /api/health","service":"user-service","timestamp":"2025-07-23 04:39:28"}
{"ip":"::1","level":"info","message":"GET /api/health","service":"user-service","timestamp":"2025-07-23 04:39:58"}
{"ip":"::1","level":"info","message":"GET /api/health","service":"user-service","timestamp":"2025-07-23 04:40:28"}
{"ip":"::1","level":"info","message":"GET /api/health","service":"user-service","timestamp":"2025-07-23 04:40:58"}
{"ip":"::1","level":"info","message":"GET /api/health","service":"user-service","timestamp":"2025-07-23 04:41:29"}
{"ip":"::1","level":"info","message":"GET /api/health","service":"user-service","timestamp":"2025-07-23 04:41:59"}
{"ip":"::1","level":"info","message":"GET /api/health","service":"user-service","timestamp":"2025-07-23 04:42:29"}
{"ip":"::1","level":"info","message":"GET /api/health","service":"user-service","timestamp":"2025-07-23 04:42:59"}
{"ip":"::1","level":"info","message":"GET /api/health","service":"user-service","timestamp":"2025-07-23 04:43:29"}
{"ip":"::1","level":"info","message":"GET /api/health","service":"user-service","timestamp":"2025-07-23 04:44:00"}
{"ip":"::1","level":"info","message":"GET /api/health","service":"user-service","timestamp":"2025-07-23 04:44:30"}
{"ip":"::1","level":"info","message":"GET /api/health","service":"user-service","timestamp":"2025-07-23 04:45:00"}
{"ip":"::1","level":"info","message":"GET /api/health","service":"user-service","timestamp":"2025-07-23 04:45:30"}
{"ip":"::1","level":"info","message":"GET /api/health","service":"user-service","timestamp":"2025-07-23 04:46:00"}
{"ip":"::1","level":"info","message":"GET /api/health","service":"user-service","timestamp":"2025-07-23 04:46:31"}
{"ip":"::1","level":"info","message":"GET /api/health","service":"user-service","timestamp":"2025-07-23 04:47:01"}
{"ip":"::1","level":"info","message":"GET /api/health","service":"user-service","timestamp":"2025-07-23 04:47:31"}
{"ip":"::1","level":"info","message":"GET /api/health","service":"user-service","timestamp":"2025-07-23 04:48:01"}
{"ip":"::1","level":"info","message":"GET /api/health","service":"user-service","timestamp":"2025-07-23 04:48:31"}
{"ip":"::1","level":"info","message":"GET /api/health","service":"user-service","timestamp":"2025-07-23 04:49:02"}
{"ip":"::1","level":"info","message":"GET /api/health","service":"user-service","timestamp":"2025-07-23 04:49:32"}
{"ip":"::1","level":"info","message":"GET /api/health","service":"user-service","timestamp":"2025-07-23 04:50:02"}
{"ip":"::1","level":"info","message":"GET /api/health","service":"user-service","timestamp":"2025-07-23 04:50:32"}
{"ip":"::1","level":"info","message":"GET /api/health","service":"user-service","timestamp":"2025-07-23 04:51:02"}
{"ip":"::1","level":"info","message":"GET /api/health","service":"user-service","timestamp":"2025-07-23 04:51:33"}
{"ip":"::1","level":"info","message":"GET /api/health","service":"user-service","timestamp":"2025-07-23 04:52:03"}
{"ip":"::1","level":"info","message":"GET /api/health","service":"user-service","timestamp":"2025-07-23 04:52:33"}
{"ip":"::1","level":"info","message":"GET /api/health","service":"user-service","timestamp":"2025-07-23 04:53:03"}
{"ip":"::1","level":"info","message":"GET /api/health","service":"user-service","timestamp":"2025-07-23 04:53:33"}
{"ip":"::1","level":"info","message":"GET /api/health","service":"user-service","timestamp":"2025-07-23 04:54:04"}
{"ip":"::1","level":"info","message":"GET /api/health","service":"user-service","timestamp":"2025-07-23 04:54:34"}
{"ip":"::1","level":"info","message":"GET /api/health","service":"user-service","timestamp":"2025-07-23 04:55:04"}
{"ip":"::1","level":"info","message":"GET /api/health","service":"user-service","timestamp":"2025-07-23 04:55:34"}
{"ip":"::1","level":"info","message":"GET /api/health","service":"user-service","timestamp":"2025-07-23 04:56:04"}
{"ip":"::1","level":"info","message":"GET /api/health","service":"user-service","timestamp":"2025-07-23 04:56:35"}
{"ip":"::1","level":"info","message":"GET /api/health","service":"user-service","timestamp":"2025-07-23 04:57:05"}
{"ip":"::1","level":"info","message":"GET /api/health","service":"user-service","timestamp":"2025-07-23 04:57:35"}
{"ip":"::1","level":"info","message":"GET /api/health","service":"user-service","timestamp":"2025-07-23 04:58:05"}
{"ip":"::1","level":"info","message":"GET /api/health","service":"user-service","timestamp":"2025-07-23 04:58:36"}
{"ip":"::1","level":"info","message":"GET /api/health","service":"user-service","timestamp":"2025-07-23 04:59:06"}
{"ip":"::1","level":"info","message":"GET /api/health","service":"user-service","timestamp":"2025-07-23 04:59:36"}
{"ip":"::1","level":"info","message":"GET /api/health","service":"user-service","timestamp":"2025-07-23 05:00:06"}
{"ip":"::1","level":"info","message":"GET /api/health","service":"user-service","timestamp":"2025-07-23 05:00:36"}
{"ip":"::1","level":"info","message":"GET /api/health","service":"user-service","timestamp":"2025-07-23 05:01:07"}
{"ip":"::1","level":"info","message":"GET /api/health","service":"user-service","timestamp":"2025-07-23 05:01:37"}
{"ip":"::1","level":"info","message":"GET /api/health","service":"user-service","timestamp":"2025-07-23 05:02:07"}
{"ip":"::1","level":"info","message":"GET /api/health","service":"user-service","timestamp":"2025-07-23 05:02:37"}
{"ip":"::1","level":"info","message":"GET /api/health","service":"user-service","timestamp":"2025-07-23 05:03:07"}
{"ip":"::1","level":"info","message":"GET /api/health","service":"user-service","timestamp":"2025-07-23 05:03:38"}
{"ip":"::1","level":"info","message":"GET /api/health","service":"user-service","timestamp":"2025-07-23 05:04:08"}
{"ip":"::1","level":"info","message":"GET /api/health","service":"user-service","timestamp":"2025-07-23 05:04:38"}
{"ip":"::1","level":"info","message":"GET /api/health","service":"user-service","timestamp":"2025-07-23 05:05:08"}
{"ip":"::1","level":"info","message":"GET /api/health","service":"user-service","timestamp":"2025-07-23 05:05:38"}
{"ip":"::1","level":"info","message":"GET /api/health","service":"user-service","timestamp":"2025-07-23 05:06:09"}
{"ip":"::1","level":"info","message":"GET /api/health","service":"user-service","timestamp":"2025-07-23 05:06:39"}
{"ip":"::1","level":"info","message":"GET /api/health","service":"user-service","timestamp":"2025-07-23 05:07:09"}
{"ip":"::1","level":"info","message":"GET /api/health","service":"user-service","timestamp":"2025-07-23 05:07:39"}
{"ip":"::1","level":"info","message":"GET /api/health","service":"user-service","timestamp":"2025-07-23 05:08:10"}
{"ip":"::1","level":"info","message":"GET /api/health","service":"user-service","timestamp":"2025-07-23 05:08:40"}
{"ip":"::1","level":"info","message":"GET /api/health","service":"user-service","timestamp":"2025-07-23 05:09:10"}
{"ip":"::1","level":"info","message":"GET /api/health","service":"user-service","timestamp":"2025-07-23 05:09:40"}
{"ip":"::1","level":"info","message":"GET /api/health","service":"user-service","timestamp":"2025-07-23 05:10:11"}
{"ip":"::1","level":"info","message":"GET /api/health","service":"user-service","timestamp":"2025-07-23 05:10:41"}
{"ip":"::1","level":"info","message":"GET /api/health","service":"user-service","timestamp":"2025-07-23 05:11:11"}
{"ip":"::1","level":"info","message":"GET /api/health","service":"user-service","timestamp":"2025-07-23 05:11:41"}
{"ip":"::1","level":"info","message":"GET /api/health","service":"user-service","timestamp":"2025-07-23 05:12:11"}
{"ip":"::1","level":"info","message":"GET /api/health","service":"user-service","timestamp":"2025-07-23 05:12:42"}
{"ip":"::1","level":"info","message":"GET /api/health","service":"user-service","timestamp":"2025-07-23 05:13:12"}
{"ip":"::1","level":"info","message":"GET /api/health","service":"user-service","timestamp":"2025-07-23 05:13:42"}
{"ip":"::1","level":"info","message":"GET /api/health","service":"user-service","timestamp":"2025-07-23 05:14:12"}
{"ip":"::1","level":"info","message":"GET /api/health","service":"user-service","timestamp":"2025-07-23 05:14:42"}
{"ip":"::1","level":"info","message":"GET /api/health","service":"user-service","timestamp":"2025-07-23 05:15:12"}
{"ip":"::1","level":"info","message":"GET /api/health","service":"user-service","timestamp":"2025-07-23 05:15:43"}
{"ip":"::1","level":"info","message":"GET /api/health","service":"user-service","timestamp":"2025-07-23 05:16:13"}
{"ip":"::1","level":"info","message":"GET /api/health","service":"user-service","timestamp":"2025-07-23 05:16:43"}
{"ip":"::1","level":"info","message":"GET /api/health","service":"user-service","timestamp":"2025-07-23 05:17:13"}
{"ip":"::1","level":"info","message":"GET /api/health","service":"user-service","timestamp":"2025-07-23 05:17:44"}
{"ip":"::1","level":"info","message":"GET /api/health","service":"user-service","timestamp":"2025-07-23 05:18:14"}
{"ip":"::1","level":"info","message":"GET /api/health","service":"user-service","timestamp":"2025-07-23 05:18:44"}
{"ip":"::1","level":"info","message":"GET /api/health","service":"user-service","timestamp":"2025-07-23 05:19:14"}
{"ip":"::1","level":"info","message":"GET /api/health","service":"user-service","timestamp":"2025-07-23 05:19:45"}
{"ip":"::1","level":"info","message":"GET /api/health","service":"user-service","timestamp":"2025-07-23 05:20:15"}
{"ip":"::1","level":"info","message":"GET /api/health","service":"user-service","timestamp":"2025-07-23 05:20:45"}
{"ip":"::1","level":"info","message":"GET /api/health","service":"user-service","timestamp":"2025-07-23 05:21:15"}
{"ip":"::1","level":"info","message":"GET /api/health","service":"user-service","timestamp":"2025-07-23 05:21:46"}
{"ip":"::1","level":"info","message":"GET /api/health","service":"user-service","timestamp":"2025-07-23 05:22:16"}
{"ip":"::1","level":"info","message":"GET /api/health","service":"user-service","timestamp":"2025-07-23 05:22:46"}
{"ip":"::1","level":"info","message":"GET /api/health","service":"user-service","timestamp":"2025-07-23 05:23:16"}
{"ip":"::1","level":"info","message":"GET /api/health","service":"user-service","timestamp":"2025-07-23 05:23:46"}
{"ip":"::1","level":"info","message":"GET /api/health","service":"user-service","timestamp":"2025-07-23 05:24:17"}
{"ip":"::1","level":"info","message":"GET /api/health","service":"user-service","timestamp":"2025-07-23 05:24:47"}
{"ip":"::1","level":"info","message":"GET /api/health","service":"user-service","timestamp":"2025-07-23 05:25:17"}
{"ip":"::1","level":"info","message":"GET /api/health","service":"user-service","timestamp":"2025-07-23 05:25:47"}
{"ip":"::1","level":"info","message":"GET /api/health","service":"user-service","timestamp":"2025-07-23 05:26:18"}
{"ip":"::1","level":"info","message":"GET /api/health","service":"user-service","timestamp":"2025-07-23 05:26:48"}
{"ip":"::1","level":"info","message":"GET /api/health","service":"user-service","timestamp":"2025-07-23 05:27:18"}
{"ip":"::1","level":"info","message":"GET /api/health","service":"user-service","timestamp":"2025-07-23 05:27:48"}
{"ip":"::1","level":"info","message":"GET /api/health","service":"user-service","timestamp":"2025-07-23 05:28:18"}
{"ip":"::1","level":"info","message":"GET /api/health","service":"user-service","timestamp":"2025-07-23 05:28:49"}
{"ip":"::1","level":"info","message":"GET /api/health","service":"user-service","timestamp":"2025-07-23 05:29:19"}
{"ip":"::1","level":"info","message":"GET /api/health","service":"user-service","timestamp":"2025-07-23 05:29:49"}
{"ip":"::1","level":"info","message":"GET /api/health","service":"user-service","timestamp":"2025-07-23 05:30:19"}
{"ip":"::1","level":"info","message":"GET /api/health","service":"user-service","timestamp":"2025-07-23 05:30:49"}
{"ip":"::1","level":"info","message":"GET /api/health","service":"user-service","timestamp":"2025-07-23 05:31:20"}
{"ip":"::1","level":"info","message":"GET /api/health","service":"user-service","timestamp":"2025-07-23 05:31:50"}
{"ip":"::1","level":"info","message":"GET /api/health","service":"user-service","timestamp":"2025-07-23 05:32:20"}
{"ip":"::1","level":"info","message":"GET /api/health","service":"user-service","timestamp":"2025-07-23 05:32:50"}
{"ip":"::1","level":"info","message":"GET /api/health","service":"user-service","timestamp":"2025-07-23 05:33:21"}
{"ip":"::1","level":"info","message":"GET /api/health","service":"user-service","timestamp":"2025-07-23 05:33:51"}
{"ip":"::1","level":"info","message":"GET /api/health","service":"user-service","timestamp":"2025-07-23 05:34:21"}
{"ip":"::1","level":"info","message":"GET /api/health","service":"user-service","timestamp":"2025-07-23 05:34:52"}
{"ip":"::1","level":"info","message":"GET /api/health","service":"user-service","timestamp":"2025-07-23 05:35:22"}
{"ip":"::1","level":"info","message":"GET /api/health","service":"user-service","timestamp":"2025-07-23 05:35:52"}
{"ip":"::1","level":"info","message":"GET /api/health","service":"user-service","timestamp":"2025-07-23 05:36:22"}
{"ip":"::1","level":"info","message":"GET /api/health","service":"user-service","timestamp":"2025-07-23 05:36:53"}
{"ip":"::1","level":"info","message":"GET /api/health","service":"user-service","timestamp":"2025-07-23 05:37:23"}
{"ip":"::1","level":"info","message":"GET /api/health","service":"user-service","timestamp":"2025-07-23 05:37:53"}
{"ip":"::1","level":"info","message":"GET /api/health","service":"user-service","timestamp":"2025-07-23 05:38:23"}
{"ip":"::1","level":"info","message":"GET /api/health","service":"user-service","timestamp":"2025-07-23 05:38:54"}
{"ip":"::1","level":"info","message":"GET /api/health","service":"user-service","timestamp":"2025-07-23 05:39:24"}
{"ip":"::1","level":"info","message":"GET /api/health","service":"user-service","timestamp":"2025-07-23 05:39:54"}
{"ip":"::1","level":"info","message":"GET /api/health","service":"user-service","timestamp":"2025-07-23 05:40:24"}
{"ip":"::1","level":"info","message":"GET /api/health","service":"user-service","timestamp":"2025-07-23 05:40:54"}
{"ip":"::1","level":"info","message":"GET /api/health","service":"user-service","timestamp":"2025-07-23 05:41:25"}
{"ip":"::1","level":"info","message":"GET /api/health","service":"user-service","timestamp":"2025-07-23 05:41:55"}
{"ip":"::1","level":"info","message":"GET /api/health","service":"user-service","timestamp":"2025-07-23 05:42:25"}
{"ip":"::1","level":"info","message":"GET /api/health","service":"user-service","timestamp":"2025-07-23 05:42:55"}
{"ip":"::1","level":"info","message":"GET /api/health","service":"user-service","timestamp":"2025-07-23 05:43:26"}
{"ip":"::1","level":"info","message":"GET /api/health","service":"user-service","timestamp":"2025-07-23 05:43:56"}
{"ip":"::1","level":"info","message":"GET /api/health","service":"user-service","timestamp":"2025-07-23 05:44:26"}
{"ip":"::1","level":"info","message":"GET /api/health","service":"user-service","timestamp":"2025-07-23 05:44:56"}
{"ip":"::1","level":"info","message":"GET /api/health","service":"user-service","timestamp":"2025-07-23 05:45:27"}
{"ip":"::1","level":"info","message":"GET /api/health","service":"user-service","timestamp":"2025-07-23 05:45:57"}
{"ip":"::1","level":"info","message":"GET /api/health","service":"user-service","timestamp":"2025-07-23 05:46:27"}
{"ip":"::1","level":"info","message":"GET /api/health","service":"user-service","timestamp":"2025-07-23 05:46:57"}
{"ip":"::1","level":"info","message":"GET /api/health","service":"user-service","timestamp":"2025-07-23 05:47:27"}
{"ip":"::1","level":"info","message":"GET /api/health","service":"user-service","timestamp":"2025-07-23 05:47:58"}
{"ip":"::1","level":"info","message":"GET /api/health","service":"user-service","timestamp":"2025-07-23 05:48:28"}
{"ip":"::1","level":"info","message":"GET /api/health","service":"user-service","timestamp":"2025-07-23 05:48:58"}
{"ip":"::1","level":"info","message":"GET /api/health","service":"user-service","timestamp":"2025-07-23 05:49:28"}
{"ip":"::1","level":"info","message":"GET /api/health","service":"user-service","timestamp":"2025-07-23 05:49:58"}
{"ip":"::1","level":"info","message":"GET /api/health","service":"user-service","timestamp":"2025-07-23 05:50:29"}
{"ip":"::1","level":"info","message":"GET /api/health","service":"user-service","timestamp":"2025-07-23 05:50:59"}
{"ip":"::1","level":"info","message":"GET /api/health","service":"user-service","timestamp":"2025-07-23 05:51:29"}
{"ip":"::1","level":"info","message":"GET /api/health","service":"user-service","timestamp":"2025-07-23 05:51:59"}
{"ip":"::1","level":"info","message":"GET /api/health","service":"user-service","timestamp":"2025-07-23 05:52:29"}
{"ip":"::1","level":"info","message":"GET /api/health","service":"user-service","timestamp":"2025-07-23 05:53:00"}
{"ip":"::1","level":"info","message":"GET /api/health","service":"user-service","timestamp":"2025-07-23 05:53:30"}
{"ip":"::1","level":"info","message":"GET /api/health","service":"user-service","timestamp":"2025-07-23 05:54:00"}
{"ip":"::1","level":"info","message":"GET /api/health","service":"user-service","timestamp":"2025-07-23 05:54:30"}
{"ip":"::1","level":"info","message":"GET /api/health","service":"user-service","timestamp":"2025-07-23 05:55:01"}
{"ip":"::1","level":"info","message":"GET /api/health","service":"user-service","timestamp":"2025-07-23 05:55:31"}
{"ip":"::1","level":"info","message":"GET /api/health","service":"user-service","timestamp":"2025-07-23 05:56:01"}
{"ip":"::1","level":"info","message":"GET /api/health","service":"user-service","timestamp":"2025-07-23 05:56:31"}
{"ip":"::1","level":"info","message":"GET /api/health","service":"user-service","timestamp":"2025-07-23 05:57:01"}
{"ip":"::1","level":"info","message":"GET /api/health","service":"user-service","timestamp":"2025-07-23 05:57:32"}
{"ip":"::1","level":"info","message":"GET /api/health","service":"user-service","timestamp":"2025-07-23 05:58:02"}
{"ip":"::1","level":"info","message":"GET /api/health","service":"user-service","timestamp":"2025-07-23 05:58:32"}
{"ip":"::1","level":"info","message":"GET /api/health","service":"user-service","timestamp":"2025-07-23 05:59:02"}
{"ip":"::1","level":"info","message":"GET /api/health","service":"user-service","timestamp":"2025-07-23 05:59:32"}
{"ip":"::1","level":"info","message":"GET /api/health","service":"user-service","timestamp":"2025-07-23 06:00:03"}
{"ip":"::1","level":"info","message":"GET /api/health","service":"user-service","timestamp":"2025-07-23 06:00:33"}
{"ip":"::1","level":"info","message":"GET /api/health","service":"user-service","timestamp":"2025-07-23 06:01:03"}
{"ip":"::1","level":"info","message":"GET /api/health","service":"user-service","timestamp":"2025-07-23 06:01:33"}
{"ip":"::1","level":"info","message":"GET /api/health","service":"user-service","timestamp":"2025-07-23 06:02:03"}
{"ip":"::1","level":"info","message":"GET /api/health","service":"user-service","timestamp":"2025-07-23 06:02:34"}
{"ip":"::1","level":"info","message":"GET /api/health","service":"user-service","timestamp":"2025-07-23 06:03:04"}
{"ip":"::1","level":"info","message":"GET /api/health","service":"user-service","timestamp":"2025-07-23 06:03:34"}
{"ip":"::1","level":"info","message":"GET /api/health","service":"user-service","timestamp":"2025-07-23 06:04:04"}
{"ip":"::1","level":"info","message":"GET /api/health","service":"user-service","timestamp":"2025-07-23 06:04:34"}
{"ip":"::1","level":"info","message":"GET /api/health","service":"user-service","timestamp":"2025-07-23 06:05:05"}
{"ip":"::1","level":"info","message":"GET /api/health","service":"user-service","timestamp":"2025-07-23 06:05:35"}
{"ip":"::1","level":"info","message":"GET /api/health","service":"user-service","timestamp":"2025-07-23 06:06:05"}
{"ip":"::1","level":"info","message":"GET /api/health","service":"user-service","timestamp":"2025-07-23 06:06:35"}
{"ip":"::1","level":"info","message":"GET /api/health","service":"user-service","timestamp":"2025-07-23 06:07:06"}
{"ip":"::1","level":"info","message":"GET /api/health","service":"user-service","timestamp":"2025-07-23 06:07:36"}
{"ip":"::1","level":"info","message":"GET /api/health","service":"user-service","timestamp":"2025-07-23 06:08:06"}
{"ip":"::1","level":"info","message":"GET /api/health","service":"user-service","timestamp":"2025-07-23 06:08:36"}
{"ip":"::1","level":"info","message":"GET /api/health","service":"user-service","timestamp":"2025-07-23 06:09:06"}
{"ip":"::1","level":"info","message":"GET /api/health","service":"user-service","timestamp":"2025-07-23 06:09:37"}
{"ip":"::1","level":"info","message":"GET /api/health","service":"user-service","timestamp":"2025-07-23 06:10:07"}
{"ip":"::1","level":"info","message":"GET /api/health","service":"user-service","timestamp":"2025-07-23 06:10:37"}
{"ip":"::1","level":"info","message":"GET /api/health","service":"user-service","timestamp":"2025-07-23 06:11:07"}
{"ip":"::1","level":"info","message":"GET /api/health","service":"user-service","timestamp":"2025-07-23 06:11:37"}
{"ip":"::1","level":"info","message":"GET /api/health","service":"user-service","timestamp":"2025-07-23 06:12:08"}
{"ip":"::1","level":"info","message":"GET /api/health","service":"user-service","timestamp":"2025-07-23 06:12:38"}
{"ip":"::1","level":"info","message":"GET /api/health","service":"user-service","timestamp":"2025-07-23 06:13:08"}
{"ip":"::1","level":"info","message":"GET /api/health","service":"user-service","timestamp":"2025-07-23 06:13:38"}
{"ip":"::1","level":"info","message":"GET /api/health","service":"user-service","timestamp":"2025-07-23 06:14:08"}
{"ip":"::1","level":"info","message":"GET /api/health","service":"user-service","timestamp":"2025-07-23 06:14:39"}
{"ip":"::1","level":"info","message":"GET /api/health","service":"user-service","timestamp":"2025-07-23 06:15:09"}
{"ip":"::1","level":"info","message":"GET /api/health","service":"user-service","timestamp":"2025-07-23 06:15:39"}
{"ip":"::1","level":"info","message":"GET /api/health","service":"user-service","timestamp":"2025-07-23 06:16:09"}
{"ip":"::1","level":"info","message":"GET /api/health","service":"user-service","timestamp":"2025-07-23 06:16:39"}
{"ip":"::1","level":"info","message":"GET /api/health","service":"user-service","timestamp":"2025-07-23 06:17:09"}
{"ip":"::1","level":"info","message":"GET /api/health","service":"user-service","timestamp":"2025-07-23 06:17:40"}
{"ip":"::1","level":"info","message":"GET /api/health","service":"user-service","timestamp":"2025-07-23 06:18:10"}
{"ip":"::1","level":"info","message":"GET /api/health","service":"user-service","timestamp":"2025-07-23 06:18:40"}
{"ip":"::1","level":"info","message":"GET /api/health","service":"user-service","timestamp":"2025-07-23 06:19:10"}
{"ip":"::1","level":"info","message":"GET /api/health","service":"user-service","timestamp":"2025-07-23 06:19:41"}
{"ip":"::1","level":"info","message":"GET /api/health","service":"user-service","timestamp":"2025-07-23 06:20:11"}
{"ip":"::1","level":"info","message":"GET /api/health","service":"user-service","timestamp":"2025-07-23 06:20:41"}
{"ip":"::1","level":"info","message":"GET /api/health","service":"user-service","timestamp":"2025-07-23 06:21:11"}
{"ip":"::1","level":"info","message":"GET /api/health","service":"user-service","timestamp":"2025-07-23 06:21:41"}
{"ip":"::1","level":"info","message":"GET /api/health","service":"user-service","timestamp":"2025-07-23 06:22:12"}
{"ip":"::1","level":"info","message":"GET /api/health","service":"user-service","timestamp":"2025-07-23 06:22:42"}
{"ip":"::1","level":"info","message":"GET /api/health","service":"user-service","timestamp":"2025-07-23 06:23:12"}
{"ip":"::1","level":"info","message":"GET /api/health","service":"user-service","timestamp":"2025-07-23 06:23:42"}
{"ip":"::1","level":"info","message":"GET /api/health","service":"user-service","timestamp":"2025-07-23 06:24:12"}
{"ip":"::1","level":"info","message":"GET /api/health","service":"user-service","timestamp":"2025-07-23 06:24:43"}
{"ip":"::1","level":"info","message":"GET /api/health","service":"user-service","timestamp":"2025-07-23 06:25:13"}
{"ip":"::1","level":"info","message":"GET /api/health","service":"user-service","timestamp":"2025-07-23 06:25:43"}
{"ip":"::1","level":"info","message":"GET /api/health","service":"user-service","timestamp":"2025-07-23 06:26:13"}
{"ip":"::1","level":"info","message":"GET /api/health","service":"user-service","timestamp":"2025-07-23 06:26:43"}
{"ip":"::1","level":"info","message":"GET /api/health","service":"user-service","timestamp":"2025-07-23 06:27:14"}
{"ip":"::1","level":"info","message":"GET /api/health","service":"user-service","timestamp":"2025-07-23 06:27:44"}
{"ip":"::1","level":"info","message":"GET /api/health","service":"user-service","timestamp":"2025-07-23 06:28:14"}
{"ip":"::1","level":"info","message":"GET /api/health","service":"user-service","timestamp":"2025-07-23 06:28:44"}
{"ip":"::1","level":"info","message":"GET /api/health","service":"user-service","timestamp":"2025-07-23 06:29:14"}
{"ip":"::1","level":"info","message":"GET /api/health","service":"user-service","timestamp":"2025-07-23 06:29:45"}
{"ip":"::1","level":"info","message":"GET /api/health","service":"user-service","timestamp":"2025-07-23 06:30:15"}
{"ip":"::1","level":"info","message":"GET /api/health","service":"user-service","timestamp":"2025-07-23 06:30:45"}
{"ip":"::1","level":"info","message":"GET /api/health","service":"user-service","timestamp":"2025-07-23 06:31:15"}
{"ip":"::1","level":"info","message":"GET /api/health","service":"user-service","timestamp":"2025-07-23 06:31:46"}
{"ip":"::1","level":"info","message":"GET /api/health","service":"user-service","timestamp":"2025-07-23 06:32:16"}
{"ip":"::1","level":"info","message":"GET /api/health","service":"user-service","timestamp":"2025-07-23 06:32:46"}
{"ip":"::1","level":"info","message":"GET /api/health","service":"user-service","timestamp":"2025-07-23 06:33:16"}
{"ip":"::1","level":"info","message":"GET /api/health","service":"user-service","timestamp":"2025-07-23 06:33:46"}
{"ip":"::1","level":"info","message":"GET /api/health","service":"user-service","timestamp":"2025-07-23 06:34:17"}
{"ip":"::1","level":"info","message":"GET /api/health","service":"user-service","timestamp":"2025-07-23 06:34:47"}
{"ip":"::1","level":"info","message":"GET /api/health","service":"user-service","timestamp":"2025-07-23 06:35:17"}
{"ip":"::1","level":"info","message":"GET /api/health","service":"user-service","timestamp":"2025-07-23 06:35:47"}
{"ip":"::1","level":"info","message":"GET /api/health","service":"user-service","timestamp":"2025-07-23 06:36:17"}
{"ip":"::1","level":"info","message":"GET /api/health","service":"user-service","timestamp":"2025-07-23 06:36:48"}
{"ip":"::1","level":"info","message":"GET /api/health","service":"user-service","timestamp":"2025-07-23 06:37:18"}
{"ip":"::1","level":"info","message":"GET /api/health","service":"user-service","timestamp":"2025-07-23 06:37:48"}
{"ip":"::1","level":"info","message":"GET /api/health","service":"user-service","timestamp":"2025-07-23 06:38:18"}
{"ip":"::1","level":"info","message":"GET /api/health","service":"user-service","timestamp":"2025-07-23 06:38:48"}
{"ip":"::1","level":"info","message":"GET /api/health","service":"user-service","timestamp":"2025-07-23 06:39:19"}
{"ip":"::1","level":"info","message":"GET /api/health","service":"user-service","timestamp":"2025-07-23 06:39:49"}
{"ip":"::1","level":"info","message":"GET /api/health","service":"user-service","timestamp":"2025-07-23 06:40:19"}
{"ip":"::1","level":"info","message":"GET /api/health","service":"user-service","timestamp":"2025-07-23 06:40:49"}
{"ip":"::1","level":"info","message":"GET /api/health","service":"user-service","timestamp":"2025-07-23 06:41:19"}
{"ip":"::1","level":"info","message":"GET /api/health","service":"user-service","timestamp":"2025-07-23 06:41:50"}
{"ip":"::1","level":"info","message":"GET /api/health","service":"user-service","timestamp":"2025-07-23 06:42:20"}
{"ip":"::1","level":"info","message":"GET /api/health","service":"user-service","timestamp":"2025-07-23 06:42:50"}
{"ip":"::1","level":"info","message":"GET /api/health","service":"user-service","timestamp":"2025-07-23 06:43:20"}
{"ip":"::1","level":"info","message":"GET /api/health","service":"user-service","timestamp":"2025-07-23 06:43:50"}
{"ip":"::1","level":"info","message":"GET /api/health","service":"user-service","timestamp":"2025-07-23 06:44:21"}
{"ip":"::1","level":"info","message":"GET /api/health","service":"user-service","timestamp":"2025-07-23 06:44:51"}
{"ip":"::1","level":"info","message":"GET /api/health","service":"user-service","timestamp":"2025-07-23 06:45:21"}
{"ip":"::1","level":"info","message":"GET /api/health","service":"user-service","timestamp":"2025-07-23 06:45:51"}
{"ip":"::1","level":"info","message":"GET /api/health","service":"user-service","timestamp":"2025-07-23 06:46:21"}
{"ip":"::1","level":"info","message":"GET /api/health","service":"user-service","timestamp":"2025-07-23 06:46:52"}
{"ip":"::1","level":"info","message":"GET /api/health","service":"user-service","timestamp":"2025-07-23 06:47:22"}
{"ip":"::1","level":"info","message":"GET /api/health","service":"user-service","timestamp":"2025-07-23 06:47:52"}
{"ip":"::1","level":"info","message":"GET /api/health","service":"user-service","timestamp":"2025-07-23 06:48:22"}
{"ip":"::1","level":"info","message":"GET /api/health","service":"user-service","timestamp":"2025-07-23 06:48:52"}
{"ip":"::1","level":"info","message":"GET /api/health","service":"user-service","timestamp":"2025-07-23 06:49:23"}
{"ip":"::1","level":"info","message":"GET /api/health","service":"user-service","timestamp":"2025-07-23 06:49:53"}
{"ip":"::1","level":"info","message":"GET /api/health","service":"user-service","timestamp":"2025-07-23 06:50:23"}
{"ip":"::1","level":"info","message":"GET /api/health","service":"user-service","timestamp":"2025-07-23 06:50:53"}
{"ip":"::1","level":"info","message":"GET /api/health","service":"user-service","timestamp":"2025-07-23 06:51:23"}
{"ip":"::1","level":"info","message":"GET /api/health","service":"user-service","timestamp":"2025-07-23 06:51:54"}
{"ip":"::1","level":"info","message":"GET /api/health","service":"user-service","timestamp":"2025-07-23 06:52:24"}
{"ip":"::1","level":"info","message":"GET /api/health","service":"user-service","timestamp":"2025-07-23 06:52:54"}
{"ip":"::1","level":"info","message":"GET /api/health","service":"user-service","timestamp":"2025-07-23 06:53:24"}
{"ip":"::1","level":"info","message":"GET /api/health","service":"user-service","timestamp":"2025-07-23 06:53:54"}
{"ip":"::1","level":"info","message":"GET /api/health","service":"user-service","timestamp":"2025-07-23 06:54:25"}
{"ip":"::1","level":"info","message":"GET /api/health","service":"user-service","timestamp":"2025-07-23 06:54:55"}
{"ip":"::1","level":"info","message":"GET /api/health","service":"user-service","timestamp":"2025-07-23 06:55:25"}
{"ip":"::1","level":"info","message":"GET /api/health","service":"user-service","timestamp":"2025-07-23 06:55:55"}
{"ip":"::1","level":"info","message":"GET /api/health","service":"user-service","timestamp":"2025-07-23 06:56:25"}
{"ip":"::1","level":"info","message":"GET /api/health","service":"user-service","timestamp":"2025-07-23 06:56:56"}
{"ip":"::1","level":"info","message":"GET /api/health","service":"user-service","timestamp":"2025-07-23 06:57:26"}
{"ip":"::1","level":"info","message":"GET /api/health","service":"user-service","timestamp":"2025-07-23 06:57:56"}
{"ip":"::1","level":"info","message":"GET /api/health","service":"user-service","timestamp":"2025-07-23 06:58:26"}
{"ip":"::1","level":"info","message":"GET /api/health","service":"user-service","timestamp":"2025-07-23 06:58:56"}
{"ip":"::1","level":"info","message":"GET /api/health","service":"user-service","timestamp":"2025-07-23 06:59:27"}
{"ip":"::1","level":"info","message":"GET /api/health","service":"user-service","timestamp":"2025-07-23 06:59:57"}
{"ip":"::1","level":"info","message":"GET /api/health","service":"user-service","timestamp":"2025-07-23 07:00:27"}
{"ip":"::1","level":"info","message":"GET /api/health","service":"user-service","timestamp":"2025-07-23 07:00:57"}
{"ip":"::1","level":"info","message":"GET /api/health","service":"user-service","timestamp":"2025-07-23 07:01:27"}
{"ip":"::1","level":"info","message":"GET /api/health","service":"user-service","timestamp":"2025-07-23 07:01:58"}
{"ip":"::1","level":"info","message":"GET /api/health","service":"user-service","timestamp":"2025-07-23 07:02:28"}
{"ip":"::1","level":"info","message":"GET /api/health","service":"user-service","timestamp":"2025-07-23 07:02:58"}
{"ip":"::1","level":"info","message":"GET /api/health","service":"user-service","timestamp":"2025-07-23 07:03:28"}
{"ip":"::1","level":"info","message":"GET /api/health","service":"user-service","timestamp":"2025-07-23 07:03:58"}
{"ip":"::1","level":"info","message":"GET /api/health","service":"user-service","timestamp":"2025-07-23 07:04:29"}
{"ip":"::1","level":"info","message":"GET /api/health","service":"user-service","timestamp":"2025-07-23 07:04:59"}
{"ip":"::1","level":"info","message":"GET /api/health","service":"user-service","timestamp":"2025-07-23 07:05:29"}
{"ip":"::1","level":"info","message":"GET /api/health","service":"user-service","timestamp":"2025-07-23 07:05:59"}
{"ip":"::1","level":"info","message":"GET /api/health","service":"user-service","timestamp":"2025-07-23 07:06:30"}
{"ip":"::1","level":"info","message":"GET /api/health","service":"user-service","timestamp":"2025-07-23 07:07:00"}
{"ip":"::1","level":"info","message":"GET /api/health","service":"user-service","timestamp":"2025-07-23 07:07:30"}
{"ip":"::1","level":"info","message":"GET /api/health","service":"user-service","timestamp":"2025-07-23 07:08:00"}
{"ip":"::1","level":"info","message":"GET /api/health","service":"user-service","timestamp":"2025-07-23 07:08:30"}
{"ip":"::1","level":"info","message":"GET /api/health","service":"user-service","timestamp":"2025-07-23 07:09:01"}
{"ip":"::1","level":"info","message":"GET /api/health","service":"user-service","timestamp":"2025-07-23 07:09:31"}
{"ip":"::1","level":"info","message":"GET /api/health","service":"user-service","timestamp":"2025-07-23 07:10:01"}
{"ip":"::1","level":"info","message":"GET /api/health","service":"user-service","timestamp":"2025-07-23 07:10:31"}
{"ip":"::1","level":"info","message":"GET /api/health","service":"user-service","timestamp":"2025-07-23 07:11:02"}
{"ip":"::1","level":"info","message":"GET /api/health","service":"user-service","timestamp":"2025-07-23 07:11:32"}
{"ip":"::1","level":"info","message":"GET /api/health","service":"user-service","timestamp":"2025-07-23 07:12:02"}
{"ip":"::1","level":"info","message":"GET /api/health","service":"user-service","timestamp":"2025-07-23 07:12:32"}
{"ip":"::1","level":"info","message":"GET /api/health","service":"user-service","timestamp":"2025-07-23 07:13:02"}
{"ip":"::1","level":"info","message":"GET /api/health","service":"user-service","timestamp":"2025-07-23 07:13:33"}
{"ip":"::1","level":"info","message":"GET /api/health","service":"user-service","timestamp":"2025-07-23 07:14:03"}
{"ip":"::1","level":"info","message":"GET /api/health","service":"user-service","timestamp":"2025-07-23 07:14:33"}
{"ip":"::1","level":"info","message":"GET /api/health","service":"user-service","timestamp":"2025-07-23 07:15:03"}
{"ip":"::1","level":"info","message":"GET /api/health","service":"user-service","timestamp":"2025-07-23 07:15:33"}
{"ip":"::1","level":"info","message":"GET /api/health","service":"user-service","timestamp":"2025-07-23 07:16:04"}
{"ip":"::1","level":"info","message":"GET /api/health","service":"user-service","timestamp":"2025-07-23 07:16:34"}
{"ip":"::1","level":"info","message":"GET /api/health","service":"user-service","timestamp":"2025-07-23 07:17:04"}
{"ip":"::1","level":"info","message":"GET /api/health","service":"user-service","timestamp":"2025-07-23 07:17:34"}
{"ip":"::1","level":"info","message":"GET /api/health","service":"user-service","timestamp":"2025-07-23 07:18:04"}
{"ip":"::1","level":"info","message":"GET /api/health","service":"user-service","timestamp":"2025-07-23 07:18:35"}
{"ip":"::1","level":"info","message":"GET /api/health","service":"user-service","timestamp":"2025-07-23 07:19:05"}
{"ip":"::1","level":"info","message":"GET /api/health","service":"user-service","timestamp":"2025-07-23 07:19:35"}
{"ip":"::1","level":"info","message":"GET /api/health","service":"user-service","timestamp":"2025-07-23 07:20:05"}
{"ip":"::1","level":"info","message":"GET /api/health","service":"user-service","timestamp":"2025-07-23 07:20:36"}
{"ip":"::1","level":"info","message":"GET /api/health","service":"user-service","timestamp":"2025-07-23 07:21:06"}
{"ip":"::1","level":"info","message":"GET /api/health","service":"user-service","timestamp":"2025-07-23 07:21:36"}
{"ip":"::1","level":"info","message":"GET /api/health","service":"user-service","timestamp":"2025-07-23 07:22:06"}
{"ip":"::1","level":"info","message":"GET /api/health","service":"user-service","timestamp":"2025-07-23 07:22:36"}
{"ip":"::1","level":"info","message":"GET /api/health","service":"user-service","timestamp":"2025-07-23 07:23:07"}
{"ip":"::1","level":"info","message":"GET /api/health","service":"user-service","timestamp":"2025-07-23 07:23:37"}
{"ip":"::1","level":"info","message":"GET /api/health","service":"user-service","timestamp":"2025-07-23 07:24:07"}
{"ip":"::1","level":"info","message":"GET /api/health","service":"user-service","timestamp":"2025-07-23 07:24:37"}
{"ip":"::1","level":"info","message":"GET /api/health","service":"user-service","timestamp":"2025-07-23 07:25:07"}
{"ip":"::1","level":"info","message":"GET /api/health","service":"user-service","timestamp":"2025-07-23 07:25:38"}
{"ip":"::1","level":"info","message":"GET /api/health","service":"user-service","timestamp":"2025-07-23 07:26:08"}
{"ip":"::1","level":"info","message":"GET /api/health","service":"user-service","timestamp":"2025-07-23 07:26:38"}
{"ip":"::1","level":"info","message":"GET /api/health","service":"user-service","timestamp":"2025-07-23 07:27:08"}
{"ip":"::1","level":"info","message":"GET /api/health","service":"user-service","timestamp":"2025-07-23 07:27:38"}
{"ip":"::1","level":"info","message":"GET /api/health","service":"user-service","timestamp":"2025-07-23 07:28:09"}
{"ip":"::1","level":"info","message":"GET /api/health","service":"user-service","timestamp":"2025-07-23 07:28:39"}
{"ip":"::1","level":"info","message":"GET /api/health","service":"user-service","timestamp":"2025-07-23 07:29:09"}
{"ip":"::1","level":"info","message":"GET /api/health","service":"user-service","timestamp":"2025-07-23 07:29:39"}
{"ip":"::1","level":"info","message":"GET /api/health","service":"user-service","timestamp":"2025-07-23 07:30:09"}
{"ip":"::1","level":"info","message":"GET /api/health","service":"user-service","timestamp":"2025-07-23 07:30:40"}
{"ip":"::1","level":"info","message":"GET /api/health","service":"user-service","timestamp":"2025-07-23 07:31:10"}
{"ip":"::1","level":"info","message":"GET /api/health","service":"user-service","timestamp":"2025-07-23 07:31:40"}
{"ip":"::1","level":"info","message":"GET /api/health","service":"user-service","timestamp":"2025-07-23 07:32:10"}
{"ip":"::1","level":"info","message":"GET /api/health","service":"user-service","timestamp":"2025-07-23 07:32:40"}
{"ip":"::1","level":"info","message":"GET /api/health","service":"user-service","timestamp":"2025-07-23 07:33:11"}
{"ip":"::1","level":"info","message":"GET /api/health","service":"user-service","timestamp":"2025-07-23 07:33:41"}
{"ip":"::1","level":"info","message":"GET /api/health","service":"user-service","timestamp":"2025-07-23 07:34:11"}
{"ip":"::1","level":"info","message":"GET /api/health","service":"user-service","timestamp":"2025-07-23 07:34:41"}
{"ip":"::1","level":"info","message":"GET /api/health","service":"user-service","timestamp":"2025-07-23 07:35:11"}
{"ip":"::1","level":"info","message":"GET /api/health","service":"user-service","timestamp":"2025-07-23 07:35:42"}
{"ip":"::1","level":"info","message":"GET /api/health","service":"user-service","timestamp":"2025-07-23 07:36:12"}
{"ip":"::1","level":"info","message":"GET /api/health","service":"user-service","timestamp":"2025-07-23 07:36:42"}
{"ip":"::1","level":"info","message":"GET /api/health","service":"user-service","timestamp":"2025-07-23 07:37:12"}
{"ip":"::1","level":"info","message":"GET /api/health","service":"user-service","timestamp":"2025-07-23 07:37:42"}
{"ip":"::1","level":"info","message":"GET /api/health","service":"user-service","timestamp":"2025-07-23 07:38:13"}
{"ip":"::1","level":"info","message":"GET /api/health","service":"user-service","timestamp":"2025-07-23 07:38:43"}
{"ip":"::1","level":"info","message":"GET /api/health","service":"user-service","timestamp":"2025-07-23 07:39:13"}
{"ip":"::1","level":"info","message":"GET /api/health","service":"user-service","timestamp":"2025-07-23 07:39:43"}
{"ip":"::1","level":"info","message":"GET /api/health","service":"user-service","timestamp":"2025-07-23 07:40:14"}
{"ip":"::1","level":"info","message":"GET /api/health","service":"user-service","timestamp":"2025-07-23 07:40:44"}
{"ip":"::1","level":"info","message":"GET /api/health","service":"user-service","timestamp":"2025-07-23 07:41:14"}
{"ip":"::1","level":"info","message":"GET /api/health","service":"user-service","timestamp":"2025-07-23 07:41:44"}
{"ip":"::1","level":"info","message":"GET /api/health","service":"user-service","timestamp":"2025-07-23 07:42:14"}
{"ip":"::1","level":"info","message":"GET /api/health","service":"user-service","timestamp":"2025-07-23 07:42:45"}
{"ip":"::1","level":"info","message":"GET /api/health","service":"user-service","timestamp":"2025-07-23 07:43:15"}
{"ip":"::1","level":"info","message":"GET /api/health","service":"user-service","timestamp":"2025-07-23 07:43:45"}
{"ip":"::1","level":"info","message":"GET /api/health","service":"user-service","timestamp":"2025-07-23 07:44:15"}
{"ip":"::1","level":"info","message":"GET /api/health","service":"user-service","timestamp":"2025-07-23 07:44:45"}
{"ip":"::1","level":"info","message":"GET /api/health","service":"user-service","timestamp":"2025-07-23 07:45:16"}
{"ip":"::1","level":"info","message":"GET /api/health","service":"user-service","timestamp":"2025-07-23 07:45:46"}
{"ip":"::1","level":"info","message":"GET /api/health","service":"user-service","timestamp":"2025-07-23 07:46:16"}
{"ip":"::1","level":"info","message":"GET /api/health","service":"user-service","timestamp":"2025-07-23 07:46:46"}
{"ip":"::1","level":"info","message":"GET /api/health","service":"user-service","timestamp":"2025-07-23 07:47:17"}
{"ip":"::1","level":"info","message":"GET /api/health","service":"user-service","timestamp":"2025-07-23 07:47:47"}
{"ip":"::1","level":"info","message":"GET /api/health","service":"user-service","timestamp":"2025-07-23 07:48:17"}
{"ip":"::1","level":"info","message":"GET /api/health","service":"user-service","timestamp":"2025-07-23 07:48:47"}
{"ip":"::1","level":"info","message":"GET /api/health","service":"user-service","timestamp":"2025-07-23 07:49:18"}
{"ip":"::1","level":"info","message":"GET /api/health","service":"user-service","timestamp":"2025-07-23 07:49:48"}
{"ip":"::1","level":"info","message":"GET /api/health","service":"user-service","timestamp":"2025-07-23 07:50:18"}
{"ip":"::1","level":"info","message":"GET /api/health","service":"user-service","timestamp":"2025-07-23 07:50:48"}
{"ip":"::1","level":"info","message":"GET /api/health","service":"user-service","timestamp":"2025-07-23 07:51:18"}
{"ip":"::1","level":"info","message":"GET /api/health","service":"user-service","timestamp":"2025-07-23 07:51:49"}
{"ip":"::1","level":"info","message":"GET /api/health","service":"user-service","timestamp":"2025-07-23 07:52:19"}
{"ip":"::1","level":"info","message":"GET /api/health","service":"user-service","timestamp":"2025-07-23 07:52:49"}
{"ip":"::1","level":"info","message":"GET /api/health","service":"user-service","timestamp":"2025-07-23 07:53:19"}
{"ip":"::1","level":"info","message":"GET /api/health","service":"user-service","timestamp":"2025-07-23 07:53:49"}
{"ip":"::1","level":"info","message":"GET /api/health","service":"user-service","timestamp":"2025-07-23 07:54:20"}
{"ip":"::1","level":"info","message":"GET /api/health","service":"user-service","timestamp":"2025-07-23 07:54:50"}
{"ip":"::1","level":"info","message":"GET /api/health","service":"user-service","timestamp":"2025-07-23 07:55:20"}
{"ip":"::1","level":"info","message":"GET /api/health","service":"user-service","timestamp":"2025-07-23 07:55:50"}
{"ip":"::1","level":"info","message":"GET /api/health","service":"user-service","timestamp":"2025-07-23 07:56:20"}
{"ip":"::1","level":"info","message":"GET /api/health","service":"user-service","timestamp":"2025-07-23 07:56:51"}
{"ip":"::1","level":"info","message":"GET /api/health","service":"user-service","timestamp":"2025-07-23 07:57:21"}
{"ip":"::1","level":"info","message":"GET /api/health","service":"user-service","timestamp":"2025-07-23 07:57:51"}
{"ip":"::1","level":"info","message":"GET /api/health","service":"user-service","timestamp":"2025-07-23 07:58:21"}
{"ip":"::1","level":"info","message":"GET /api/health","service":"user-service","timestamp":"2025-07-23 07:58:51"}
{"ip":"::1","level":"info","message":"GET /api/health","service":"user-service","timestamp":"2025-07-23 07:59:22"}
{"ip":"::1","level":"info","message":"GET /api/health","service":"user-service","timestamp":"2025-07-23 07:59:52"}
{"ip":"::1","level":"info","message":"GET /api/health","service":"user-service","timestamp":"2025-07-23 08:00:22"}
{"ip":"::1","level":"info","message":"GET /api/health","service":"user-service","timestamp":"2025-07-23 08:00:52"}
{"ip":"::1","level":"info","message":"GET /api/health","service":"user-service","timestamp":"2025-07-23 08:01:22"}
{"ip":"::1","level":"info","message":"GET /api/health","service":"user-service","timestamp":"2025-07-23 08:01:53"}
{"ip":"::1","level":"info","message":"GET /api/health","service":"user-service","timestamp":"2025-07-23 08:02:23"}
{"ip":"::1","level":"info","message":"GET /api/health","service":"user-service","timestamp":"2025-07-23 08:02:53"}
{"ip":"::1","level":"info","message":"GET /api/health","service":"user-service","timestamp":"2025-07-23 08:03:23"}
{"ip":"::1","level":"info","message":"GET /api/health","service":"user-service","timestamp":"2025-07-23 08:03:54"}
{"ip":"::1","level":"info","message":"GET /api/health","service":"user-service","timestamp":"2025-07-23 08:04:24"}
{"ip":"::1","level":"info","message":"GET /api/health","service":"user-service","timestamp":"2025-07-23 08:04:54"}
{"ip":"::1","level":"info","message":"GET /api/health","service":"user-service","timestamp":"2025-07-23 08:05:24"}
{"ip":"::1","level":"info","message":"GET /api/health","service":"user-service","timestamp":"2025-07-23 08:05:54"}
{"ip":"::1","level":"info","message":"GET /api/health","service":"user-service","timestamp":"2025-07-23 08:06:25"}
{"ip":"::1","level":"info","message":"GET /api/health","service":"user-service","timestamp":"2025-07-23 08:06:55"}
{"ip":"::1","level":"info","message":"GET /api/health","service":"user-service","timestamp":"2025-07-23 08:07:25"}
{"ip":"::1","level":"info","message":"GET /api/health","service":"user-service","timestamp":"2025-07-23 08:07:55"}
{"ip":"::1","level":"info","message":"GET /api/health","service":"user-service","timestamp":"2025-07-23 08:08:25"}
{"ip":"::1","level":"info","message":"GET /api/health","service":"user-service","timestamp":"2025-07-23 08:08:56"}
{"ip":"::1","level":"info","message":"GET /api/health","service":"user-service","timestamp":"2025-07-23 08:09:26"}
{"ip":"::1","level":"info","message":"GET /api/health","service":"user-service","timestamp":"2025-07-23 08:09:56"}
{"ip":"::1","level":"info","message":"GET /api/health","service":"user-service","timestamp":"2025-07-23 08:10:26"}
{"ip":"::1","level":"info","message":"GET /api/health","service":"user-service","timestamp":"2025-07-23 08:10:57"}
{"ip":"::1","level":"info","message":"GET /api/health","service":"user-service","timestamp":"2025-07-23 08:11:27"}
{"ip":"::1","level":"info","message":"GET /api/health","service":"user-service","timestamp":"2025-07-23 08:11:57"}
{"ip":"::1","level":"info","message":"GET /api/health","service":"user-service","timestamp":"2025-07-23 08:12:27"}
{"ip":"::1","level":"info","message":"GET /api/health","service":"user-service","timestamp":"2025-07-23 08:12:58"}
{"ip":"::1","level":"info","message":"GET /api/health","service":"user-service","timestamp":"2025-07-23 08:13:28"}
{"ip":"::1","level":"info","message":"GET /api/health","service":"user-service","timestamp":"2025-07-23 08:13:58"}
{"ip":"::1","level":"info","message":"GET /api/health","service":"user-service","timestamp":"2025-07-23 08:14:28"}
{"ip":"::1","level":"info","message":"GET /api/health","service":"user-service","timestamp":"2025-07-23 08:14:58"}
{"ip":"::1","level":"info","message":"GET /api/health","service":"user-service","timestamp":"2025-07-23 08:15:29"}
{"ip":"::1","level":"info","message":"GET /api/health","service":"user-service","timestamp":"2025-07-23 08:15:59"}
{"ip":"::1","level":"info","message":"GET /api/health","service":"user-service","timestamp":"2025-07-23 08:16:29"}
{"ip":"::1","level":"info","message":"GET /api/health","service":"user-service","timestamp":"2025-07-23 08:16:59"}
{"ip":"::1","level":"info","message":"GET /api/health","service":"user-service","timestamp":"2025-07-23 08:17:29"}
{"ip":"::1","level":"info","message":"GET /api/health","service":"user-service","timestamp":"2025-07-23 08:18:00"}
{"ip":"::1","level":"info","message":"GET /api/health","service":"user-service","timestamp":"2025-07-23 08:18:30"}
{"ip":"::1","level":"info","message":"GET /api/health","service":"user-service","timestamp":"2025-07-23 08:19:00"}
{"ip":"::1","level":"info","message":"GET /api/health","service":"user-service","timestamp":"2025-07-23 08:19:30"}
{"ip":"::1","level":"info","message":"GET /api/health","service":"user-service","timestamp":"2025-07-23 08:20:00"}
{"ip":"::1","level":"info","message":"GET /api/health","service":"user-service","timestamp":"2025-07-23 08:20:31"}
{"ip":"::1","level":"info","message":"GET /api/health","service":"user-service","timestamp":"2025-07-23 08:21:01"}
{"ip":"::1","level":"info","message":"GET /api/health","service":"user-service","timestamp":"2025-07-23 08:21:31"}
{"ip":"::1","level":"info","message":"GET /api/health","service":"user-service","timestamp":"2025-07-23 08:22:01"}
{"ip":"::1","level":"info","message":"GET /api/health","service":"user-service","timestamp":"2025-07-23 08:22:31"}
{"ip":"::1","level":"info","message":"GET /api/health","service":"user-service","timestamp":"2025-07-23 08:23:02"}
{"ip":"::1","level":"info","message":"GET /api/health","service":"user-service","timestamp":"2025-07-23 08:23:32"}
{"ip":"::1","level":"info","message":"GET /api/health","service":"user-service","timestamp":"2025-07-23 08:24:02"}
{"ip":"::1","level":"info","message":"GET /api/health","service":"user-service","timestamp":"2025-07-23 08:24:32"}
{"ip":"::1","level":"info","message":"GET /api/health","service":"user-service","timestamp":"2025-07-23 08:25:03"}
{"ip":"::1","level":"info","message":"GET /api/health","service":"user-service","timestamp":"2025-07-23 08:25:33"}
{"ip":"::1","level":"info","message":"GET /api/health","service":"user-service","timestamp":"2025-07-23 08:26:03"}
{"ip":"::1","level":"info","message":"GET /api/health","service":"user-service","timestamp":"2025-07-23 08:26:33"}
{"ip":"::1","level":"info","message":"GET /api/health","service":"user-service","timestamp":"2025-07-23 08:27:03"}
{"ip":"::1","level":"info","message":"GET /api/health","service":"user-service","timestamp":"2025-07-23 08:27:34"}
{"ip":"::1","level":"info","message":"GET /api/health","service":"user-service","timestamp":"2025-07-23 08:28:04"}
{"ip":"::1","level":"info","message":"GET /api/health","service":"user-service","timestamp":"2025-07-23 08:28:34"}
{"ip":"::1","level":"info","message":"GET /api/health","service":"user-service","timestamp":"2025-07-23 08:29:04"}
{"ip":"::1","level":"info","message":"GET /api/health","service":"user-service","timestamp":"2025-07-23 08:29:34"}
{"ip":"::1","level":"info","message":"GET /api/health","service":"user-service","timestamp":"2025-07-23 08:30:05"}
{"ip":"::1","level":"info","message":"GET /api/health","service":"user-service","timestamp":"2025-07-23 08:30:35"}
{"ip":"::1","level":"info","message":"GET /api/health","service":"user-service","timestamp":"2025-07-23 08:31:05"}
{"ip":"::1","level":"info","message":"GET /api/health","service":"user-service","timestamp":"2025-07-23 08:31:35"}
{"ip":"::1","level":"info","message":"GET /api/health","service":"user-service","timestamp":"2025-07-23 08:32:05"}
{"ip":"::1","level":"info","message":"GET /api/health","service":"user-service","timestamp":"2025-07-23 08:32:36"}
{"ip":"::1","level":"info","message":"GET /api/health","service":"user-service","timestamp":"2025-07-23 08:33:06"}
{"ip":"::1","level":"info","message":"GET /api/health","service":"user-service","timestamp":"2025-07-23 08:33:36"}
{"ip":"::1","level":"info","message":"GET /api/health","service":"user-service","timestamp":"2025-07-23 08:34:06"}
{"ip":"::1","level":"info","message":"GET /api/health","service":"user-service","timestamp":"2025-07-23 08:34:36"}
{"ip":"::1","level":"info","message":"GET /api/health","service":"user-service","timestamp":"2025-07-23 08:35:07"}
{"ip":"::1","level":"info","message":"GET /api/health","service":"user-service","timestamp":"2025-07-23 08:35:37"}
{"ip":"::1","level":"info","message":"GET /api/health","service":"user-service","timestamp":"2025-07-23 08:36:07"}
{"ip":"::1","level":"info","message":"GET /api/health","service":"user-service","timestamp":"2025-07-23 08:36:37"}
{"ip":"::1","level":"info","message":"GET /api/health","service":"user-service","timestamp":"2025-07-23 08:37:08"}
{"ip":"::1","level":"info","message":"GET /api/health","service":"user-service","timestamp":"2025-07-23 08:37:38"}
{"ip":"::1","level":"info","message":"GET /api/health","service":"user-service","timestamp":"2025-07-23 08:38:08"}
{"ip":"::1","level":"info","message":"GET /api/health","service":"user-service","timestamp":"2025-07-23 08:38:38"}
{"ip":"::1","level":"info","message":"GET /api/health","service":"user-service","timestamp":"2025-07-23 08:39:08"}
{"ip":"::1","level":"info","message":"GET /api/health","service":"user-service","timestamp":"2025-07-23 08:39:39"}
{"ip":"::1","level":"info","message":"GET /api/health","service":"user-service","timestamp":"2025-07-23 08:40:09"}
{"ip":"::1","level":"info","message":"GET /api/health","service":"user-service","timestamp":"2025-07-23 08:40:39"}
{"ip":"::1","level":"info","message":"GET /api/health","service":"user-service","timestamp":"2025-07-23 08:41:09"}
{"ip":"::1","level":"info","message":"GET /api/health","service":"user-service","timestamp":"2025-07-23 08:41:40"}
{"ip":"::1","level":"info","message":"GET /api/health","service":"user-service","timestamp":"2025-07-23 08:42:10"}
{"ip":"::1","level":"info","message":"GET /api/health","service":"user-service","timestamp":"2025-07-23 08:42:40"}
{"ip":"::1","level":"info","message":"GET /api/health","service":"user-service","timestamp":"2025-07-23 08:43:10"}
{"ip":"::1","level":"info","message":"GET /api/health","service":"user-service","timestamp":"2025-07-23 08:43:40"}
{"ip":"::1","level":"info","message":"GET /api/health","service":"user-service","timestamp":"2025-07-23 08:44:11"}
{"ip":"::1","level":"info","message":"GET /api/health","service":"user-service","timestamp":"2025-07-23 08:44:41"}
{"ip":"::1","level":"info","message":"GET /api/health","service":"user-service","timestamp":"2025-07-23 08:45:11"}
{"ip":"::1","level":"info","message":"GET /api/health","service":"user-service","timestamp":"2025-07-23 08:45:41"}
{"ip":"::1","level":"info","message":"GET /api/health","service":"user-service","timestamp":"2025-07-23 08:46:12"}
{"ip":"::1","level":"info","message":"GET /api/health","service":"user-service","timestamp":"2025-07-23 08:46:42"}
{"ip":"::1","level":"info","message":"GET /api/health","service":"user-service","timestamp":"2025-07-23 08:47:12"}
{"ip":"::1","level":"info","message":"GET /api/health","service":"user-service","timestamp":"2025-07-23 08:47:42"}
{"ip":"::1","level":"info","message":"GET /api/health","service":"user-service","timestamp":"2025-07-23 08:48:12"}
{"ip":"::1","level":"info","message":"GET /api/health","service":"user-service","timestamp":"2025-07-23 08:48:43"}
{"ip":"::1","level":"info","message":"GET /api/health","service":"user-service","timestamp":"2025-07-23 08:49:13"}
{"ip":"::1","level":"info","message":"GET /api/health","service":"user-service","timestamp":"2025-07-23 08:49:43"}
{"ip":"::1","level":"info","message":"GET /api/health","service":"user-service","timestamp":"2025-07-23 08:50:13"}
{"ip":"::1","level":"info","message":"GET /api/health","service":"user-service","timestamp":"2025-07-23 08:50:43"}
{"ip":"::1","level":"info","message":"GET /api/health","service":"user-service","timestamp":"2025-07-23 08:51:14"}
{"ip":"::1","level":"info","message":"GET /api/health","service":"user-service","timestamp":"2025-07-23 08:51:44"}
{"ip":"::1","level":"info","message":"GET /api/health","service":"user-service","timestamp":"2025-07-23 08:52:14"}
{"ip":"::1","level":"info","message":"GET /api/health","service":"user-service","timestamp":"2025-07-23 08:52:44"}
{"ip":"::1","level":"info","message":"GET /api/health","service":"user-service","timestamp":"2025-07-23 08:53:14"}
{"ip":"::1","level":"info","message":"GET /api/health","service":"user-service","timestamp":"2025-07-23 08:53:45"}
{"ip":"::1","level":"info","message":"GET /api/health","service":"user-service","timestamp":"2025-07-23 08:54:15"}
{"ip":"::1","level":"info","message":"GET /api/health","service":"user-service","timestamp":"2025-07-23 08:54:45"}
{"ip":"::1","level":"info","message":"GET /api/health","service":"user-service","timestamp":"2025-07-23 08:55:15"}
{"ip":"::1","level":"info","message":"GET /api/health","service":"user-service","timestamp":"2025-07-23 08:55:45"}
{"ip":"::1","level":"info","message":"GET /api/health","service":"user-service","timestamp":"2025-07-23 08:56:16"}
{"ip":"::1","level":"info","message":"GET /api/health","service":"user-service","timestamp":"2025-07-23 08:56:46"}
{"ip":"::1","level":"info","message":"GET /api/health","service":"user-service","timestamp":"2025-07-23 08:57:16"}
{"ip":"::1","level":"info","message":"GET /api/health","service":"user-service","timestamp":"2025-07-23 08:57:46"}
{"ip":"::1","level":"info","message":"GET /api/health","service":"user-service","timestamp":"2025-07-23 08:58:17"}
{"ip":"::1","level":"info","message":"GET /api/health","service":"user-service","timestamp":"2025-07-23 08:58:47"}
{"ip":"::1","level":"info","message":"GET /api/health","service":"user-service","timestamp":"2025-07-23 08:59:17"}
{"ip":"::1","level":"info","message":"GET /api/health","service":"user-service","timestamp":"2025-07-23 08:59:47"}
{"ip":"::1","level":"info","message":"GET /api/health","service":"user-service","timestamp":"2025-07-23 09:00:17"}
{"ip":"::1","level":"info","message":"GET /api/health","service":"user-service","timestamp":"2025-07-23 09:00:48"}
{"ip":"::1","level":"info","message":"GET /api/health","service":"user-service","timestamp":"2025-07-23 09:01:18"}
{"ip":"::1","level":"info","message":"GET /api/health","service":"user-service","timestamp":"2025-07-23 09:01:48"}
{"ip":"::1","level":"info","message":"GET /api/health","service":"user-service","timestamp":"2025-07-23 09:02:18"}
{"ip":"::1","level":"info","message":"GET /api/health","service":"user-service","timestamp":"2025-07-23 09:02:49"}
{"ip":"::1","level":"info","message":"GET /api/health","service":"user-service","timestamp":"2025-07-23 09:03:19"}
{"ip":"::1","level":"info","message":"GET /api/health","service":"user-service","timestamp":"2025-07-23 09:03:49"}
{"ip":"::1","level":"info","message":"GET /api/health","service":"user-service","timestamp":"2025-07-23 09:04:19"}
{"ip":"::1","level":"info","message":"GET /api/health","service":"user-service","timestamp":"2025-07-23 09:04:49"}
{"ip":"::1","level":"info","message":"GET /api/health","service":"user-service","timestamp":"2025-07-23 09:05:20"}
{"ip":"::1","level":"info","message":"GET /api/health","service":"user-service","timestamp":"2025-07-23 09:05:50"}
{"ip":"::1","level":"info","message":"GET /api/health","service":"user-service","timestamp":"2025-07-23 09:06:20"}
{"ip":"::1","level":"info","message":"GET /api/health","service":"user-service","timestamp":"2025-07-23 09:06:50"}
{"ip":"::1","level":"info","message":"GET /api/health","service":"user-service","timestamp":"2025-07-23 09:07:20"}
{"ip":"::1","level":"info","message":"GET /api/health","service":"user-service","timestamp":"2025-07-23 09:07:51"}
{"ip":"::1","level":"info","message":"GET /api/health","service":"user-service","timestamp":"2025-07-23 09:08:21"}
{"ip":"::1","level":"info","message":"GET /api/health","service":"user-service","timestamp":"2025-07-23 09:08:51"}
{"ip":"::1","level":"info","message":"GET /api/health","service":"user-service","timestamp":"2025-07-23 09:09:21"}
{"ip":"::1","level":"info","message":"GET /api/health","service":"user-service","timestamp":"2025-07-23 09:09:52"}
{"ip":"::1","level":"info","message":"GET /api/health","service":"user-service","timestamp":"2025-07-23 09:10:22"}
{"ip":"::1","level":"info","message":"GET /api/health","service":"user-service","timestamp":"2025-07-23 09:10:52"}
{"ip":"::1","level":"info","message":"GET /api/health","service":"user-service","timestamp":"2025-07-23 09:11:22"}
{"ip":"::1","level":"info","message":"GET /api/health","service":"user-service","timestamp":"2025-07-23 09:11:52"}
{"ip":"::1","level":"info","message":"GET /api/health","service":"user-service","timestamp":"2025-07-23 09:12:23"}
{"ip":"::1","level":"info","message":"GET /api/health","service":"user-service","timestamp":"2025-07-23 09:12:53"}
{"ip":"::1","level":"info","message":"GET /api/health","service":"user-service","timestamp":"2025-07-23 09:13:23"}
{"ip":"::1","level":"info","message":"GET /api/health","service":"user-service","timestamp":"2025-07-23 09:13:53"}
{"ip":"::1","level":"info","message":"GET /api/health","service":"user-service","timestamp":"2025-07-23 09:14:24"}
{"ip":"::1","level":"info","message":"GET /api/health","service":"user-service","timestamp":"2025-07-23 09:14:54"}
{"ip":"::1","level":"info","message":"GET /api/health","service":"user-service","timestamp":"2025-07-23 09:15:24"}
{"ip":"::1","level":"info","message":"GET /api/health","service":"user-service","timestamp":"2025-07-23 09:15:54"}
{"ip":"::1","level":"info","message":"GET /api/health","service":"user-service","timestamp":"2025-07-23 09:16:24"}
{"ip":"::1","level":"info","message":"GET /api/health","service":"user-service","timestamp":"2025-07-23 09:16:55"}
{"ip":"::1","level":"info","message":"GET /api/health","service":"user-service","timestamp":"2025-07-23 09:17:25"}
{"ip":"::1","level":"info","message":"GET /api/health","service":"user-service","timestamp":"2025-07-23 09:17:55"}
{"ip":"::1","level":"info","message":"GET /api/health","service":"user-service","timestamp":"2025-07-23 09:18:25"}
{"ip":"::1","level":"info","message":"GET /api/health","service":"user-service","timestamp":"2025-07-23 09:18:55"}
{"ip":"::1","level":"info","message":"GET /api/health","service":"user-service","timestamp":"2025-07-23 09:19:26"}
{"ip":"::1","level":"info","message":"GET /api/health","service":"user-service","timestamp":"2025-07-23 09:19:56"}
{"ip":"::1","level":"info","message":"GET /api/health","service":"user-service","timestamp":"2025-07-23 09:20:26"}
{"ip":"::1","level":"info","message":"GET /api/health","service":"user-service","timestamp":"2025-07-23 09:20:56"}
{"ip":"::1","level":"info","message":"GET /api/health","service":"user-service","timestamp":"2025-07-23 09:21:26"}
{"ip":"::1","level":"info","message":"GET /api/health","service":"user-service","timestamp":"2025-07-23 09:21:57"}
{"ip":"::1","level":"info","message":"GET /api/health","service":"user-service","timestamp":"2025-07-23 09:22:27"}
{"ip":"::1","level":"info","message":"GET /api/health","service":"user-service","timestamp":"2025-07-23 09:22:57"}
{"ip":"::1","level":"info","message":"GET /api/health","service":"user-service","timestamp":"2025-07-23 09:23:27"}
{"ip":"::1","level":"info","message":"GET /api/health","service":"user-service","timestamp":"2025-07-23 09:23:58"}
{"ip":"::1","level":"info","message":"GET /api/health","service":"user-service","timestamp":"2025-07-23 09:24:28"}
{"ip":"::1","level":"info","message":"GET /api/health","service":"user-service","timestamp":"2025-07-23 09:24:58"}
{"ip":"::1","level":"info","message":"GET /api/health","service":"user-service","timestamp":"2025-07-23 09:25:28"}
{"ip":"::1","level":"info","message":"GET /api/health","service":"user-service","timestamp":"2025-07-23 09:25:58"}
{"ip":"::1","level":"info","message":"GET /api/health","service":"user-service","timestamp":"2025-07-23 09:26:29"}
{"ip":"::1","level":"info","message":"GET /api/health","service":"user-service","timestamp":"2025-07-23 09:26:59"}
{"ip":"::1","level":"info","message":"GET /api/health","service":"user-service","timestamp":"2025-07-23 09:27:29"}
{"ip":"::1","level":"info","message":"GET /api/health","service":"user-service","timestamp":"2025-07-23 09:27:59"}
{"ip":"::1","level":"info","message":"GET /api/health","service":"user-service","timestamp":"2025-07-23 09:28:29"}
{"ip":"::1","level":"info","message":"GET /api/health","service":"user-service","timestamp":"2025-07-23 09:29:00"}
{"ip":"::1","level":"info","message":"GET /api/health","service":"user-service","timestamp":"2025-07-23 09:29:30"}
{"ip":"::1","level":"info","message":"GET /api/health","service":"user-service","timestamp":"2025-07-23 09:30:00"}
{"ip":"::1","level":"info","message":"GET /api/health","service":"user-service","timestamp":"2025-07-23 09:30:30"}
{"ip":"::1","level":"info","message":"GET /api/health","service":"user-service","timestamp":"2025-07-23 09:31:01"}
{"ip":"::1","level":"info","message":"GET /api/health","service":"user-service","timestamp":"2025-07-23 09:31:31"}
{"ip":"::1","level":"info","message":"GET /api/health","service":"user-service","timestamp":"2025-07-23 09:32:01"}
{"ip":"::1","level":"info","message":"GET /api/health","service":"user-service","timestamp":"2025-07-23 09:32:31"}
{"ip":"::1","level":"info","message":"GET /api/health","service":"user-service","timestamp":"2025-07-23 09:33:01"}
{"ip":"::1","level":"info","message":"GET /api/health","service":"user-service","timestamp":"2025-07-23 09:33:32"}
{"ip":"::1","level":"info","message":"GET /api/health","service":"user-service","timestamp":"2025-07-23 09:34:02"}
{"ip":"::1","level":"info","message":"GET /api/health","service":"user-service","timestamp":"2025-07-23 09:34:32"}
{"ip":"::1","level":"info","message":"GET /api/health","service":"user-service","timestamp":"2025-07-23 09:35:02"}
{"ip":"::1","level":"info","message":"GET /api/health","service":"user-service","timestamp":"2025-07-23 09:35:33"}
{"ip":"::1","level":"info","message":"GET /api/health","service":"user-service","timestamp":"2025-07-23 09:36:03"}
{"ip":"::1","level":"info","message":"GET /api/health","service":"user-service","timestamp":"2025-07-23 09:36:33"}
{"ip":"::1","level":"info","message":"GET /api/health","service":"user-service","timestamp":"2025-07-23 09:37:03"}
{"ip":"::1","level":"info","message":"GET /api/health","service":"user-service","timestamp":"2025-07-23 09:37:33"}
{"ip":"::1","level":"info","message":"GET /api/health","service":"user-service","timestamp":"2025-07-23 09:38:04"}
{"ip":"::1","level":"info","message":"GET /api/health","service":"user-service","timestamp":"2025-07-23 09:38:34"}
{"ip":"::1","level":"info","message":"GET /api/health","service":"user-service","timestamp":"2025-07-23 09:39:04"}
{"ip":"::1","level":"info","message":"GET /api/health","service":"user-service","timestamp":"2025-07-23 09:39:34"}
{"ip":"::1","level":"info","message":"GET /api/health","service":"user-service","timestamp":"2025-07-23 09:40:04"}
{"ip":"::1","level":"info","message":"GET /api/health","service":"user-service","timestamp":"2025-07-23 09:40:35"}
{"ip":"::1","level":"info","message":"GET /api/health","service":"user-service","timestamp":"2025-07-23 09:41:05"}
{"ip":"::1","level":"info","message":"GET /api/health","service":"user-service","timestamp":"2025-07-23 09:41:35"}
{"ip":"::1","level":"info","message":"GET /api/health","service":"user-service","timestamp":"2025-07-23 09:42:05"}
{"ip":"::1","level":"info","message":"GET /api/health","service":"user-service","timestamp":"2025-07-23 09:42:35"}
{"ip":"::1","level":"info","message":"GET /api/health","service":"user-service","timestamp":"2025-07-23 09:43:06"}
{"ip":"::1","level":"info","message":"GET /api/health","service":"user-service","timestamp":"2025-07-23 09:43:36"}
{"ip":"::1","level":"info","message":"GET /api/health","service":"user-service","timestamp":"2025-07-23 09:44:06"}
{"ip":"::1","level":"info","message":"GET /api/health","service":"user-service","timestamp":"2025-07-23 09:44:36"}
{"ip":"::1","level":"info","message":"GET /api/health","service":"user-service","timestamp":"2025-07-23 09:45:07"}
{"ip":"::1","level":"info","message":"GET /api/health","service":"user-service","timestamp":"2025-07-23 09:45:37"}
{"ip":"::1","level":"info","message":"GET /api/health","service":"user-service","timestamp":"2025-07-23 09:46:07"}
{"ip":"::1","level":"info","message":"GET /api/health","service":"user-service","timestamp":"2025-07-23 09:46:37"}
{"ip":"::1","level":"info","message":"GET /api/health","service":"user-service","timestamp":"2025-07-23 09:47:08"}
{"ip":"::1","level":"info","message":"GET /api/health","service":"user-service","timestamp":"2025-07-23 09:47:38"}
{"ip":"::1","level":"info","message":"GET /api/health","service":"user-service","timestamp":"2025-07-23 09:48:08"}
{"ip":"::1","level":"info","message":"GET /api/health","service":"user-service","timestamp":"2025-07-23 09:48:38"}
{"ip":"::1","level":"info","message":"GET /api/health","service":"user-service","timestamp":"2025-07-23 09:49:09"}
{"ip":"::1","level":"info","message":"GET /api/health","service":"user-service","timestamp":"2025-07-23 09:49:39"}
{"ip":"::1","level":"info","message":"GET /api/health","service":"user-service","timestamp":"2025-07-23 09:50:09"}
{"ip":"::1","level":"info","message":"GET /api/health","service":"user-service","timestamp":"2025-07-23 09:50:39"}
{"ip":"::1","level":"info","message":"GET /api/health","service":"user-service","timestamp":"2025-07-23 09:51:09"}
{"ip":"::1","level":"info","message":"GET /api/health","service":"user-service","timestamp":"2025-07-23 09:51:40"}
{"ip":"::1","level":"info","message":"GET /api/health","service":"user-service","timestamp":"2025-07-23 09:52:10"}
{"ip":"::1","level":"info","message":"GET /api/health","service":"user-service","timestamp":"2025-07-23 09:52:40"}
{"ip":"::1","level":"info","message":"GET /api/health","service":"user-service","timestamp":"2025-07-23 09:53:10"}
{"ip":"::1","level":"info","message":"GET /api/health","service":"user-service","timestamp":"2025-07-23 09:53:40"}
{"ip":"::1","level":"info","message":"GET /api/health","service":"user-service","timestamp":"2025-07-23 09:54:11"}
{"ip":"::1","level":"info","message":"GET /api/health","service":"user-service","timestamp":"2025-07-23 09:54:41"}
{"ip":"::1","level":"info","message":"GET /api/health","service":"user-service","timestamp":"2025-07-23 09:55:11"}
{"ip":"::1","level":"info","message":"GET /api/health","service":"user-service","timestamp":"2025-07-23 09:55:41"}
{"ip":"::1","level":"info","message":"GET /api/health","service":"user-service","timestamp":"2025-07-23 09:56:12"}
{"ip":"::1","level":"info","message":"GET /api/health","service":"user-service","timestamp":"2025-07-23 09:56:42"}
{"ip":"::1","level":"info","message":"GET /api/health","service":"user-service","timestamp":"2025-07-23 09:57:12"}
{"ip":"::1","level":"info","message":"GET /api/health","service":"user-service","timestamp":"2025-07-23 09:57:42"}
{"ip":"::1","level":"info","message":"GET /api/health","service":"user-service","timestamp":"2025-07-23 09:58:12"}
{"ip":"::1","level":"info","message":"GET /api/health","service":"user-service","timestamp":"2025-07-23 09:58:43"}
{"ip":"::1","level":"info","message":"GET /api/health","service":"user-service","timestamp":"2025-07-23 09:59:13"}
{"ip":"::1","level":"info","message":"GET /api/health","service":"user-service","timestamp":"2025-07-23 09:59:43"}
{"ip":"::1","level":"info","message":"GET /api/health","service":"user-service","timestamp":"2025-07-23 10:00:14"}
{"ip":"::1","level":"info","message":"GET /api/health","service":"user-service","timestamp":"2025-07-23 10:00:44"}
{"ip":"::1","level":"info","message":"GET /api/health","service":"user-service","timestamp":"2025-07-23 10:01:14"}
{"ip":"::1","level":"info","message":"GET /api/health","service":"user-service","timestamp":"2025-07-23 10:01:44"}
{"ip":"::1","level":"info","message":"GET /api/health","service":"user-service","timestamp":"2025-07-23 10:02:14"}
{"ip":"::1","level":"info","message":"GET /api/health","service":"user-service","timestamp":"2025-07-23 10:02:45"}
{"ip":"::1","level":"info","message":"GET /api/health","service":"user-service","timestamp":"2025-07-23 10:03:15"}
{"ip":"::1","level":"info","message":"GET /api/health","service":"user-service","timestamp":"2025-07-23 10:03:45"}
{"ip":"::1","level":"info","message":"GET /api/health","service":"user-service","timestamp":"2025-07-23 10:04:15"}
{"ip":"::1","level":"info","message":"GET /api/health","service":"user-service","timestamp":"2025-07-23 10:04:45"}
{"ip":"::1","level":"info","message":"GET /api/health","service":"user-service","timestamp":"2025-07-23 10:05:16"}
{"ip":"::1","level":"info","message":"GET /api/health","service":"user-service","timestamp":"2025-07-23 10:05:46"}
{"ip":"::1","level":"info","message":"GET /api/health","service":"user-service","timestamp":"2025-07-23 10:06:16"}
{"ip":"::1","level":"info","message":"GET /api/health","service":"user-service","timestamp":"2025-07-23 10:06:46"}
{"ip":"::1","level":"info","message":"GET /api/health","service":"user-service","timestamp":"2025-07-23 10:07:17"}
{"ip":"::1","level":"info","message":"GET /api/health","service":"user-service","timestamp":"2025-07-23 10:07:47"}
{"ip":"::1","level":"info","message":"GET /api/health","service":"user-service","timestamp":"2025-07-23 10:08:17"}
{"ip":"::1","level":"info","message":"GET /api/health","service":"user-service","timestamp":"2025-07-23 10:08:47"}
{"ip":"::1","level":"info","message":"GET /api/health","service":"user-service","timestamp":"2025-07-23 10:09:17"}
{"ip":"::1","level":"info","message":"GET /api/health","service":"user-service","timestamp":"2025-07-23 10:09:48"}
{"ip":"::1","level":"info","message":"GET /api/health","service":"user-service","timestamp":"2025-07-23 10:10:18"}
{"ip":"::1","level":"info","message":"GET /api/health","service":"user-service","timestamp":"2025-07-23 10:10:48"}
{"ip":"::1","level":"info","message":"GET /api/health","service":"user-service","timestamp":"2025-07-23 10:11:18"}
{"ip":"::1","level":"info","message":"GET /api/health","service":"user-service","timestamp":"2025-07-23 10:11:48"}
{"ip":"::1","level":"info","message":"GET /api/health","service":"user-service","timestamp":"2025-07-23 10:12:18"}
{"ip":"::1","level":"info","message":"GET /api/health","service":"user-service","timestamp":"2025-07-23 10:12:49"}
{"ip":"::1","level":"info","message":"GET /api/health","service":"user-service","timestamp":"2025-07-23 10:13:19"}
{"ip":"::1","level":"info","message":"GET /api/health","service":"user-service","timestamp":"2025-07-23 10:13:49"}
{"ip":"::1","level":"info","message":"GET /api/health","service":"user-service","timestamp":"2025-07-23 10:14:19"}
{"ip":"::1","level":"info","message":"GET /api/health","service":"user-service","timestamp":"2025-07-23 10:14:50"}
{"ip":"::1","level":"info","message":"GET /api/health","service":"user-service","timestamp":"2025-07-23 10:15:20"}
{"ip":"::1","level":"info","message":"GET /api/health","service":"user-service","timestamp":"2025-07-23 10:15:50"}
{"ip":"::1","level":"info","message":"GET /api/health","service":"user-service","timestamp":"2025-07-23 10:16:20"}
{"ip":"::1","level":"info","message":"GET /api/health","service":"user-service","timestamp":"2025-07-23 10:16:50"}
{"ip":"::1","level":"info","message":"GET /api/health","service":"user-service","timestamp":"2025-07-23 10:17:21"}
{"ip":"::1","level":"info","message":"GET /api/health","service":"user-service","timestamp":"2025-07-23 10:17:51"}
{"ip":"::1","level":"info","message":"GET /api/health","service":"user-service","timestamp":"2025-07-23 10:18:21"}
{"ip":"::1","level":"info","message":"GET /api/health","service":"user-service","timestamp":"2025-07-23 10:18:51"}
{"ip":"::1","level":"info","message":"GET /api/health","service":"user-service","timestamp":"2025-07-23 10:19:21"}
{"ip":"::1","level":"info","message":"GET /api/health","service":"user-service","timestamp":"2025-07-23 10:19:52"}
{"ip":"::1","level":"info","message":"GET /api/health","service":"user-service","timestamp":"2025-07-23 10:20:22"}
{"ip":"::1","level":"info","message":"GET /api/health","service":"user-service","timestamp":"2025-07-23 10:20:52"}
{"ip":"::1","level":"info","message":"GET /api/health","service":"user-service","timestamp":"2025-07-23 10:21:22"}
{"ip":"::1","level":"info","message":"GET /api/health","service":"user-service","timestamp":"2025-07-23 10:21:52"}
{"ip":"::1","level":"info","message":"GET /api/health","service":"user-service","timestamp":"2025-07-23 10:22:23"}
{"ip":"::1","level":"info","message":"GET /api/health","service":"user-service","timestamp":"2025-07-23 10:22:53"}
{"ip":"::1","level":"info","message":"GET /api/health","service":"user-service","timestamp":"2025-07-23 10:23:23"}
{"ip":"::1","level":"info","message":"GET /api/health","service":"user-service","timestamp":"2025-07-23 10:23:53"}
{"ip":"::1","level":"info","message":"GET /api/health","service":"user-service","timestamp":"2025-07-23 10:24:24"}
{"ip":"::1","level":"info","message":"GET /api/health","service":"user-service","timestamp":"2025-07-23 10:24:54"}
{"ip":"::1","level":"info","message":"GET /api/health","service":"user-service","timestamp":"2025-07-23 10:25:24"}
{"ip":"::1","level":"info","message":"GET /api/health","service":"user-service","timestamp":"2025-07-23 10:25:54"}
{"ip":"::1","level":"info","message":"GET /api/health","service":"user-service","timestamp":"2025-07-23 10:26:24"}
{"ip":"::1","level":"info","message":"GET /api/health","service":"user-service","timestamp":"2025-07-23 10:26:55"}
{"ip":"::1","level":"info","message":"GET /api/health","service":"user-service","timestamp":"2025-07-23 10:27:25"}
{"ip":"::1","level":"info","message":"GET /api/health","service":"user-service","timestamp":"2025-07-23 10:27:55"}
{"ip":"::1","level":"info","message":"GET /api/health","service":"user-service","timestamp":"2025-07-23 10:28:25"}
{"ip":"::1","level":"info","message":"GET /api/health","service":"user-service","timestamp":"2025-07-23 10:28:55"}
{"ip":"::1","level":"info","message":"GET /api/health","service":"user-service","timestamp":"2025-07-23 10:29:26"}
{"ip":"::1","level":"info","message":"GET /api/health","service":"user-service","timestamp":"2025-07-23 10:29:56"}
{"ip":"::1","level":"info","message":"GET /api/health","service":"user-service","timestamp":"2025-07-23 10:30:26"}
{"ip":"::1","level":"info","message":"GET /api/health","service":"user-service","timestamp":"2025-07-23 10:30:56"}
{"ip":"::1","level":"info","message":"GET /api/health","service":"user-service","timestamp":"2025-07-23 10:31:27"}
{"ip":"::1","level":"info","message":"GET /api/health","service":"user-service","timestamp":"2025-07-23 10:31:57"}
{"ip":"::1","level":"info","message":"GET /api/health","service":"user-service","timestamp":"2025-07-23 10:32:27"}
{"ip":"::1","level":"info","message":"GET /api/health","service":"user-service","timestamp":"2025-07-23 10:32:57"}
{"ip":"::1","level":"info","message":"GET /api/health","service":"user-service","timestamp":"2025-07-23 10:33:28"}
{"ip":"::1","level":"info","message":"GET /api/health","service":"user-service","timestamp":"2025-07-23 10:33:58"}
{"ip":"::1","level":"info","message":"GET /api/health","service":"user-service","timestamp":"2025-07-23 10:34:28"}
{"ip":"::1","level":"info","message":"GET /api/health","service":"user-service","timestamp":"2025-07-23 10:34:58"}
{"ip":"::1","level":"info","message":"GET /api/health","service":"user-service","timestamp":"2025-07-23 10:35:29"}
{"ip":"::1","level":"info","message":"GET /api/health","service":"user-service","timestamp":"2025-07-23 10:35:59"}
{"ip":"::1","level":"info","message":"GET /api/health","service":"user-service","timestamp":"2025-07-23 10:36:29"}
{"ip":"::1","level":"info","message":"GET /api/health","service":"user-service","timestamp":"2025-07-23 10:36:59"}
{"ip":"::1","level":"info","message":"GET /api/health","service":"user-service","timestamp":"2025-07-23 10:37:29"}
{"ip":"::1","level":"info","message":"GET /api/health","service":"user-service","timestamp":"2025-07-23 10:38:00"}
{"ip":"::1","level":"info","message":"GET /api/health","service":"user-service","timestamp":"2025-07-23 10:38:30"}
{"ip":"::1","level":"info","message":"GET /api/health","service":"user-service","timestamp":"2025-07-23 10:39:00"}
{"ip":"::1","level":"info","message":"GET /api/health","service":"user-service","timestamp":"2025-07-23 10:39:30"}
{"ip":"::1","level":"info","message":"GET /api/health","service":"user-service","timestamp":"2025-07-23 10:40:00"}
{"ip":"::1","level":"info","message":"GET /api/health","service":"user-service","timestamp":"2025-07-23 10:40:31"}
{"ip":"::1","level":"info","message":"GET /api/health","service":"user-service","timestamp":"2025-07-23 10:41:01"}
{"ip":"::1","level":"info","message":"GET /api/health","service":"user-service","timestamp":"2025-07-23 10:41:31"}
{"ip":"::1","level":"info","message":"GET /api/health","service":"user-service","timestamp":"2025-07-23 10:42:01"}
{"ip":"::1","level":"info","message":"GET /api/health","service":"user-service","timestamp":"2025-07-23 10:42:32"}
{"ip":"::1","level":"info","message":"GET /api/health","service":"user-service","timestamp":"2025-07-23 10:43:02"}
{"ip":"::1","level":"info","message":"GET /api/health","service":"user-service","timestamp":"2025-07-23 10:43:32"}
{"ip":"::1","level":"info","message":"GET /api/health","service":"user-service","timestamp":"2025-07-23 10:44:02"}
{"ip":"::1","level":"info","message":"GET /api/health","service":"user-service","timestamp":"2025-07-23 10:44:32"}
{"ip":"::1","level":"info","message":"GET /api/health","service":"user-service","timestamp":"2025-07-23 10:45:03"}
{"ip":"::1","level":"info","message":"GET /api/health","service":"user-service","timestamp":"2025-07-23 10:45:33"}
{"ip":"::1","level":"info","message":"GET /api/health","service":"user-service","timestamp":"2025-07-23 10:46:03"}
{"ip":"::1","level":"info","message":"GET /api/health","service":"user-service","timestamp":"2025-07-23 10:46:33"}
{"ip":"::1","level":"info","message":"GET /api/health","service":"user-service","timestamp":"2025-07-23 10:47:03"}
{"ip":"::1","level":"info","message":"GET /api/health","service":"user-service","timestamp":"2025-07-23 10:47:34"}
{"ip":"::1","level":"info","message":"GET /api/health","service":"user-service","timestamp":"2025-07-23 10:48:04"}
{"ip":"::1","level":"info","message":"GET /api/health","service":"user-service","timestamp":"2025-07-23 10:48:34"}
{"ip":"::1","level":"info","message":"GET /api/health","service":"user-service","timestamp":"2025-07-23 10:49:04"}
{"ip":"::1","level":"info","message":"GET /api/health","service":"user-service","timestamp":"2025-07-23 10:49:34"}
{"ip":"::1","level":"info","message":"GET /api/health","service":"user-service","timestamp":"2025-07-23 10:50:05"}
{"ip":"::1","level":"info","message":"GET /api/health","service":"user-service","timestamp":"2025-07-23 10:50:35"}
{"ip":"::1","level":"info","message":"GET /api/health","service":"user-service","timestamp":"2025-07-23 10:51:05"}
{"ip":"::1","level":"info","message":"GET /api/health","service":"user-service","timestamp":"2025-07-23 10:51:35"}
{"ip":"::1","level":"info","message":"GET /api/health","service":"user-service","timestamp":"2025-07-23 10:52:05"}
{"ip":"::1","level":"info","message":"GET /api/health","service":"user-service","timestamp":"2025-07-23 10:52:36"}
{"ip":"::1","level":"info","message":"GET /api/health","service":"user-service","timestamp":"2025-07-23 10:53:06"}
{"ip":"::1","level":"info","message":"GET /api/health","service":"user-service","timestamp":"2025-07-23 10:53:36"}
{"ip":"::1","level":"info","message":"GET /api/health","service":"user-service","timestamp":"2025-07-23 10:54:06"}
{"ip":"::1","level":"info","message":"GET /api/health","service":"user-service","timestamp":"2025-07-23 10:54:36"}
{"ip":"::1","level":"info","message":"GET /api/health","service":"user-service","timestamp":"2025-07-23 10:55:07"}
{"ip":"::1","level":"info","message":"GET /api/health","service":"user-service","timestamp":"2025-07-23 10:55:37"}
{"ip":"::1","level":"info","message":"GET /api/health","service":"user-service","timestamp":"2025-07-23 10:56:07"}
{"ip":"::1","level":"info","message":"GET /api/health","service":"user-service","timestamp":"2025-07-23 10:56:37"}
{"ip":"::1","level":"info","message":"GET /api/health","service":"user-service","timestamp":"2025-07-23 10:57:08"}
{"ip":"::1","level":"info","message":"GET /api/health","service":"user-service","timestamp":"2025-07-23 10:57:38"}
{"ip":"::1","level":"info","message":"GET /api/health","service":"user-service","timestamp":"2025-07-23 10:58:08"}
{"ip":"::1","level":"info","message":"GET /api/health","service":"user-service","timestamp":"2025-07-23 10:58:38"}
{"ip":"::1","level":"info","message":"GET /api/health","service":"user-service","timestamp":"2025-07-23 10:59:08"}
{"ip":"::1","level":"info","message":"GET /api/health","service":"user-service","timestamp":"2025-07-23 10:59:39"}
{"ip":"::1","level":"info","message":"GET /api/health","service":"user-service","timestamp":"2025-07-23 11:00:09"}
{"ip":"::1","level":"info","message":"GET /api/health","service":"user-service","timestamp":"2025-07-23 11:00:39"}
{"ip":"::1","level":"info","message":"GET /api/health","service":"user-service","timestamp":"2025-07-23 11:01:09"}
{"ip":"::1","level":"info","message":"GET /api/health","service":"user-service","timestamp":"2025-07-23 11:01:39"}
{"ip":"::1","level":"info","message":"GET /api/health","service":"user-service","timestamp":"2025-07-23 11:02:10"}
{"ip":"::1","level":"info","message":"GET /api/health","service":"user-service","timestamp":"2025-07-23 11:02:40"}
{"ip":"::1","level":"info","message":"GET /api/health","service":"user-service","timestamp":"2025-07-23 11:03:10"}
{"ip":"::1","level":"info","message":"GET /api/health","service":"user-service","timestamp":"2025-07-23 11:03:40"}
{"ip":"::1","level":"info","message":"GET /api/health","service":"user-service","timestamp":"2025-07-23 11:04:10"}
{"ip":"::1","level":"info","message":"GET /api/health","service":"user-service","timestamp":"2025-07-23 11:04:41"}
{"ip":"::1","level":"info","message":"GET /api/health","service":"user-service","timestamp":"2025-07-23 11:05:11"}
{"ip":"::1","level":"info","message":"GET /api/health","service":"user-service","timestamp":"2025-07-23 11:05:41"}
{"ip":"::1","level":"info","message":"GET /api/health","service":"user-service","timestamp":"2025-07-23 11:06:11"}
{"ip":"::1","level":"info","message":"GET /api/health","service":"user-service","timestamp":"2025-07-23 11:06:41"}
{"ip":"::1","level":"info","message":"GET /api/health","service":"user-service","timestamp":"2025-07-23 11:07:12"}
{"ip":"::1","level":"info","message":"GET /api/health","service":"user-service","timestamp":"2025-07-23 11:07:42"}
{"ip":"::1","level":"info","message":"GET /api/health","service":"user-service","timestamp":"2025-07-23 11:08:12"}
{"ip":"::1","level":"info","message":"GET /api/health","service":"user-service","timestamp":"2025-07-23 11:08:42"}
{"ip":"::1","level":"info","message":"GET /api/health","service":"user-service","timestamp":"2025-07-23 11:09:13"}
{"ip":"::1","level":"info","message":"GET /api/health","service":"user-service","timestamp":"2025-07-23 11:09:43"}
{"ip":"::1","level":"info","message":"GET /api/health","service":"user-service","timestamp":"2025-07-23 11:10:13"}
{"ip":"::1","level":"info","message":"GET /api/health","service":"user-service","timestamp":"2025-07-23 11:10:43"}
{"ip":"::1","level":"info","message":"GET /api/health","service":"user-service","timestamp":"2025-07-23 11:11:13"}
{"ip":"::1","level":"info","message":"GET /api/health","service":"user-service","timestamp":"2025-07-23 11:11:44"}
{"ip":"::1","level":"info","message":"GET /api/health","service":"user-service","timestamp":"2025-07-23 11:12:14"}
{"ip":"::1","level":"info","message":"GET /api/health","service":"user-service","timestamp":"2025-07-23 11:12:44"}
{"ip":"::1","level":"info","message":"GET /api/health","service":"user-service","timestamp":"2025-07-23 11:13:14"}
{"ip":"::1","level":"info","message":"GET /api/health","service":"user-service","timestamp":"2025-07-23 11:13:44"}
{"ip":"::1","level":"info","message":"GET /api/health","service":"user-service","timestamp":"2025-07-23 11:14:15"}
{"ip":"::1","level":"info","message":"GET /api/health","service":"user-service","timestamp":"2025-07-23 11:14:45"}
{"ip":"::1","level":"info","message":"GET /api/health","service":"user-service","timestamp":"2025-07-23 11:15:15"}
{"ip":"::1","level":"info","message":"GET /api/health","service":"user-service","timestamp":"2025-07-23 11:15:45"}
{"ip":"::1","level":"info","message":"GET /api/health","service":"user-service","timestamp":"2025-07-23 11:16:15"}
{"ip":"::1","level":"info","message":"GET /api/health","service":"user-service","timestamp":"2025-07-23 11:16:46"}
{"ip":"::1","level":"info","message":"GET /api/health","service":"user-service","timestamp":"2025-07-23 11:17:16"}
{"ip":"::1","level":"info","message":"GET /api/health","service":"user-service","timestamp":"2025-07-23 11:17:46"}
{"ip":"::1","level":"info","message":"GET /api/health","service":"user-service","timestamp":"2025-07-23 11:18:16"}
{"ip":"::1","level":"info","message":"GET /api/health","service":"user-service","timestamp":"2025-07-23 11:18:46"}
{"ip":"::1","level":"info","message":"GET /api/health","service":"user-service","timestamp":"2025-07-23 11:19:17"}
{"ip":"::1","level":"info","message":"GET /api/health","service":"user-service","timestamp":"2025-07-23 11:19:47"}
{"ip":"::1","level":"info","message":"GET /api/health","service":"user-service","timestamp":"2025-07-23 11:20:17"}
{"ip":"::1","level":"info","message":"GET /api/health","service":"user-service","timestamp":"2025-07-23 11:20:47"}
{"ip":"::1","level":"info","message":"GET /api/health","service":"user-service","timestamp":"2025-07-23 11:21:18"}
{"ip":"::1","level":"info","message":"GET /api/health","service":"user-service","timestamp":"2025-07-23 11:21:48"}
{"ip":"::1","level":"info","message":"GET /api/health","service":"user-service","timestamp":"2025-07-23 11:22:18"}
{"ip":"::1","level":"info","message":"GET /api/health","service":"user-service","timestamp":"2025-07-23 11:22:48"}
{"ip":"::1","level":"info","message":"GET /api/health","service":"user-service","timestamp":"2025-07-23 11:23:18"}
{"ip":"::1","level":"info","message":"GET /api/health","service":"user-service","timestamp":"2025-07-23 11:23:49"}
{"ip":"::1","level":"info","message":"GET /api/health","service":"user-service","timestamp":"2025-07-23 11:24:19"}
{"ip":"::1","level":"info","message":"GET /api/health","service":"user-service","timestamp":"2025-07-23 11:24:49"}
{"ip":"::1","level":"info","message":"GET /api/health","service":"user-service","timestamp":"2025-07-23 11:25:19"}
{"ip":"::1","level":"info","message":"GET /api/health","service":"user-service","timestamp":"2025-07-23 11:25:49"}
{"ip":"::1","level":"info","message":"GET /api/health","service":"user-service","timestamp":"2025-07-23 11:26:20"}
{"ip":"::1","level":"info","message":"GET /api/health","service":"user-service","timestamp":"2025-07-23 11:26:50"}
{"ip":"::1","level":"info","message":"GET /api/health","service":"user-service","timestamp":"2025-07-23 11:27:20"}
{"ip":"::1","level":"info","message":"GET /api/health","service":"user-service","timestamp":"2025-07-23 11:27:50"}
{"ip":"::1","level":"info","message":"GET /api/health","service":"user-service","timestamp":"2025-07-23 11:28:20"}
{"ip":"::1","level":"info","message":"GET /api/health","service":"user-service","timestamp":"2025-07-23 11:28:51"}
{"ip":"::1","level":"info","message":"GET /api/health","service":"user-service","timestamp":"2025-07-23 11:29:21"}
{"ip":"::1","level":"info","message":"GET /api/health","service":"user-service","timestamp":"2025-07-23 11:29:51"}
{"ip":"::1","level":"info","message":"GET /api/health","service":"user-service","timestamp":"2025-07-23 11:30:21"}
{"ip":"::1","level":"info","message":"GET /api/health","service":"user-service","timestamp":"2025-07-23 11:30:51"}
{"ip":"::1","level":"info","message":"GET /api/health","service":"user-service","timestamp":"2025-07-23 11:31:22"}
{"ip":"::1","level":"info","message":"GET /api/health","service":"user-service","timestamp":"2025-07-23 11:31:52"}
{"ip":"::1","level":"info","message":"GET /api/health","service":"user-service","timestamp":"2025-07-23 11:32:22"}
{"ip":"::1","level":"info","message":"GET /api/health","service":"user-service","timestamp":"2025-07-23 11:32:52"}
{"ip":"::1","level":"info","message":"GET /api/health","service":"user-service","timestamp":"2025-07-23 11:33:22"}
{"ip":"::1","level":"info","message":"GET /api/health","service":"user-service","timestamp":"2025-07-23 11:33:53"}
{"ip":"::1","level":"info","message":"GET /api/health","service":"user-service","timestamp":"2025-07-23 11:34:23"}
{"ip":"::1","level":"info","message":"GET /api/health","service":"user-service","timestamp":"2025-07-23 11:34:53"}
{"ip":"::1","level":"info","message":"GET /api/health","service":"user-service","timestamp":"2025-07-23 11:35:23"}
{"ip":"::1","level":"info","message":"GET /api/health","service":"user-service","timestamp":"2025-07-23 11:35:53"}
{"ip":"::1","level":"info","message":"GET /api/health","service":"user-service","timestamp":"2025-07-23 11:36:24"}
{"ip":"::1","level":"info","message":"GET /api/health","service":"user-service","timestamp":"2025-07-23 11:36:54"}
{"ip":"::1","level":"info","message":"GET /api/health","service":"user-service","timestamp":"2025-07-23 11:37:24"}
{"ip":"::1","level":"info","message":"GET /api/health","service":"user-service","timestamp":"2025-07-23 11:37:54"}
{"ip":"::1","level":"info","message":"GET /api/health","service":"user-service","timestamp":"2025-07-23 11:38:24"}
{"ip":"::1","level":"info","message":"GET /api/health","service":"user-service","timestamp":"2025-07-23 11:38:55"}
{"ip":"::1","level":"info","message":"GET /api/health","service":"user-service","timestamp":"2025-07-23 11:39:25"}
{"ip":"::1","level":"info","message":"GET /api/health","service":"user-service","timestamp":"2025-07-23 11:39:55"}
{"ip":"::1","level":"info","message":"GET /api/health","service":"user-service","timestamp":"2025-07-23 11:40:25"}
{"ip":"::1","level":"info","message":"GET /api/health","service":"user-service","timestamp":"2025-07-23 11:40:56"}
{"ip":"::1","level":"info","message":"GET /api/health","service":"user-service","timestamp":"2025-07-23 11:41:26"}
{"ip":"::1","level":"info","message":"GET /api/health","service":"user-service","timestamp":"2025-07-23 11:41:56"}
{"ip":"::1","level":"info","message":"GET /api/health","service":"user-service","timestamp":"2025-07-23 11:42:26"}
{"ip":"::1","level":"info","message":"GET /api/health","service":"user-service","timestamp":"2025-07-23 11:42:56"}
{"ip":"::1","level":"info","message":"GET /api/health","service":"user-service","timestamp":"2025-07-23 11:43:27"}
{"ip":"::1","level":"info","message":"GET /api/health","service":"user-service","timestamp":"2025-07-23 11:43:57"}
{"ip":"::1","level":"info","message":"GET /api/health","service":"user-service","timestamp":"2025-07-23 11:44:27"}
{"ip":"::1","level":"info","message":"GET /api/health","service":"user-service","timestamp":"2025-07-23 11:44:57"}
{"ip":"::1","level":"info","message":"GET /api/health","service":"user-service","timestamp":"2025-07-23 11:45:27"}
{"ip":"::1","level":"info","message":"GET /api/health","service":"user-service","timestamp":"2025-07-23 11:45:58"}
{"ip":"::1","level":"info","message":"GET /api/health","service":"user-service","timestamp":"2025-07-23 11:46:28"}
{"ip":"::1","level":"info","message":"GET /api/health","service":"user-service","timestamp":"2025-07-23 11:46:58"}
{"ip":"::1","level":"info","message":"GET /api/health","service":"user-service","timestamp":"2025-07-23 11:47:28"}
{"ip":"::1","level":"info","message":"GET /api/health","service":"user-service","timestamp":"2025-07-23 11:47:58"}
{"ip":"::1","level":"info","message":"GET /api/health","service":"user-service","timestamp":"2025-07-23 11:48:29"}
{"ip":"::1","level":"info","message":"GET /api/health","service":"user-service","timestamp":"2025-07-23 11:48:59"}
{"ip":"::1","level":"info","message":"GET /api/health","service":"user-service","timestamp":"2025-07-23 11:49:29"}
{"ip":"::1","level":"info","message":"GET /api/health","service":"user-service","timestamp":"2025-07-23 11:49:59"}
{"ip":"::1","level":"info","message":"GET /api/health","service":"user-service","timestamp":"2025-07-23 11:50:29"}
{"ip":"::1","level":"info","message":"GET /api/health","service":"user-service","timestamp":"2025-07-23 11:51:00"}
{"ip":"::1","level":"info","message":"GET /api/health","service":"user-service","timestamp":"2025-07-23 11:51:30"}
{"ip":"::1","level":"info","message":"GET /api/health","service":"user-service","timestamp":"2025-07-23 11:52:00"}
{"ip":"::1","level":"info","message":"GET /api/health","service":"user-service","timestamp":"2025-07-23 11:52:30"}
{"ip":"::1","level":"info","message":"GET /api/health","service":"user-service","timestamp":"2025-07-23 11:53:01"}
{"ip":"::1","level":"info","message":"GET /api/health","service":"user-service","timestamp":"2025-07-23 11:53:31"}
{"ip":"::1","level":"info","message":"GET /api/health","service":"user-service","timestamp":"2025-07-23 11:54:01"}
{"ip":"::1","level":"info","message":"GET /api/health","service":"user-service","timestamp":"2025-07-23 11:54:31"}
{"ip":"::1","level":"info","message":"GET /api/health","service":"user-service","timestamp":"2025-07-23 11:55:01"}
{"ip":"::1","level":"info","message":"GET /api/health","service":"user-service","timestamp":"2025-07-23 11:55:32"}
{"ip":"::1","level":"info","message":"GET /api/health","service":"user-service","timestamp":"2025-07-23 11:56:02"}
{"ip":"::1","level":"info","message":"GET /api/health","service":"user-service","timestamp":"2025-07-23 11:56:32"}
{"ip":"::1","level":"info","message":"GET /api/health","service":"user-service","timestamp":"2025-07-23 11:57:02"}
{"ip":"::1","level":"info","message":"GET /api/health","service":"user-service","timestamp":"2025-07-23 11:57:32"}
{"ip":"::1","level":"info","message":"GET /api/health","service":"user-service","timestamp":"2025-07-23 11:58:03"}
{"ip":"::1","level":"info","message":"GET /api/health","service":"user-service","timestamp":"2025-07-23 11:58:33"}
{"ip":"::1","level":"info","message":"GET /api/health","service":"user-service","timestamp":"2025-07-23 11:59:03"}
{"ip":"::1","level":"info","message":"GET /api/health","service":"user-service","timestamp":"2025-07-23 11:59:33"}
{"ip":"::1","level":"info","message":"GET /api/health","service":"user-service","timestamp":"2025-07-23 12:00:03"}
{"ip":"::1","level":"info","message":"GET /api/health","service":"user-service","timestamp":"2025-07-23 12:00:34"}
{"ip":"::1","level":"info","message":"GET /api/health","service":"user-service","timestamp":"2025-07-23 12:01:04"}
{"ip":"::1","level":"info","message":"GET /api/health","service":"user-service","timestamp":"2025-07-23 12:01:34"}
{"ip":"::1","level":"info","message":"GET /api/health","service":"user-service","timestamp":"2025-07-23 12:02:04"}
{"ip":"::1","level":"info","message":"GET /api/health","service":"user-service","timestamp":"2025-07-23 12:02:34"}
{"ip":"::1","level":"info","message":"GET /api/health","service":"user-service","timestamp":"2025-07-23 12:03:05"}
{"ip":"::1","level":"info","message":"GET /api/health","service":"user-service","timestamp":"2025-07-23 12:03:35"}
{"ip":"::1","level":"info","message":"GET /api/health","service":"user-service","timestamp":"2025-07-23 12:04:05"}
{"ip":"::1","level":"info","message":"GET /api/health","service":"user-service","timestamp":"2025-07-23 12:04:35"}
{"ip":"::1","level":"info","message":"GET /api/health","service":"user-service","timestamp":"2025-07-23 12:05:05"}
{"ip":"::1","level":"info","message":"GET /api/health","service":"user-service","timestamp":"2025-07-23 12:05:36"}
{"ip":"::1","level":"info","message":"GET /api/health","service":"user-service","timestamp":"2025-07-23 12:06:06"}
{"ip":"::1","level":"info","message":"GET /api/health","service":"user-service","timestamp":"2025-07-23 12:06:36"}
{"ip":"::1","level":"info","message":"GET /api/health","service":"user-service","timestamp":"2025-07-23 12:07:07"}
{"ip":"::1","level":"info","message":"GET /api/health","service":"user-service","timestamp":"2025-07-23 12:07:37"}
{"ip":"::1","level":"info","message":"GET /api/health","service":"user-service","timestamp":"2025-07-23 12:08:07"}
{"ip":"::1","level":"info","message":"GET /api/health","service":"user-service","timestamp":"2025-07-23 12:08:37"}
{"ip":"::1","level":"info","message":"GET /api/health","service":"user-service","timestamp":"2025-07-23 12:09:08"}
{"ip":"::1","level":"info","message":"GET /api/health","service":"user-service","timestamp":"2025-07-23 12:09:38"}
{"ip":"::1","level":"info","message":"GET /api/health","service":"user-service","timestamp":"2025-07-23 12:10:08"}
{"ip":"::1","level":"info","message":"GET /api/health","service":"user-service","timestamp":"2025-07-23 12:10:38"}
{"ip":"::1","level":"info","message":"GET /api/health","service":"user-service","timestamp":"2025-07-23 12:11:08"}
{"ip":"::1","level":"info","message":"GET /api/health","service":"user-service","timestamp":"2025-07-23 12:11:39"}
{"ip":"::1","level":"info","message":"GET /api/health","service":"user-service","timestamp":"2025-07-23 12:12:09"}
{"ip":"::1","level":"info","message":"GET /api/health","service":"user-service","timestamp":"2025-07-23 12:12:39"}
{"ip":"::1","level":"info","message":"GET /api/health","service":"user-service","timestamp":"2025-07-23 12:13:09"}
{"ip":"::1","level":"info","message":"GET /api/health","service":"user-service","timestamp":"2025-07-23 12:13:39"}
{"ip":"::1","level":"info","message":"GET /api/health","service":"user-service","timestamp":"2025-07-23 12:14:10"}
{"ip":"::1","level":"info","message":"GET /api/health","service":"user-service","timestamp":"2025-07-23 12:14:40"}
{"ip":"::1","level":"info","message":"GET /api/health","service":"user-service","timestamp":"2025-07-23 12:15:10"}
{"ip":"::1","level":"info","message":"GET /api/health","service":"user-service","timestamp":"2025-07-23 12:15:40"}
{"ip":"::1","level":"info","message":"GET /api/health","service":"user-service","timestamp":"2025-07-23 12:16:11"}
{"ip":"::1","level":"info","message":"GET /api/health","service":"user-service","timestamp":"2025-07-23 12:16:41"}
{"ip":"::1","level":"info","message":"GET /api/health","service":"user-service","timestamp":"2025-07-23 12:17:11"}
{"ip":"::1","level":"info","message":"GET /api/health","service":"user-service","timestamp":"2025-07-23 12:17:41"}
{"ip":"::1","level":"info","message":"GET /api/health","service":"user-service","timestamp":"2025-07-23 12:18:11"}
{"ip":"::1","level":"info","message":"GET /api/health","service":"user-service","timestamp":"2025-07-23 12:18:42"}
{"ip":"::1","level":"info","message":"GET /api/health","service":"user-service","timestamp":"2025-07-23 12:19:12"}
{"ip":"::1","level":"info","message":"GET /api/health","service":"user-service","timestamp":"2025-07-23 12:19:42"}
{"ip":"::1","level":"info","message":"GET /api/health","service":"user-service","timestamp":"2025-07-23 12:20:12"}
{"ip":"::1","level":"info","message":"GET /api/health","service":"user-service","timestamp":"2025-07-23 12:20:42"}
{"ip":"::1","level":"info","message":"GET /api/health","service":"user-service","timestamp":"2025-07-23 12:21:13"}
{"ip":"::1","level":"info","message":"GET /api/health","service":"user-service","timestamp":"2025-07-23 12:21:43"}
{"ip":"::1","level":"info","message":"GET /api/health","service":"user-service","timestamp":"2025-07-23 12:22:13"}
{"ip":"::1","level":"info","message":"GET /api/health","service":"user-service","timestamp":"2025-07-23 12:22:43"}
{"ip":"::1","level":"info","message":"GET /api/health","service":"user-service","timestamp":"2025-07-23 12:23:13"}
{"ip":"::1","level":"info","message":"GET /api/health","service":"user-service","timestamp":"2025-07-23 12:23:44"}
{"ip":"::1","level":"info","message":"GET /api/health","service":"user-service","timestamp":"2025-07-23 12:24:14"}
{"ip":"::1","level":"info","message":"GET /api/health","service":"user-service","timestamp":"2025-07-23 12:24:44"}
{"ip":"::1","level":"info","message":"GET /api/health","service":"user-service","timestamp":"2025-07-23 12:25:15"}
{"ip":"::1","level":"info","message":"GET /api/health","service":"user-service","timestamp":"2025-07-23 12:25:45"}
{"ip":"::1","level":"info","message":"GET /api/health","service":"user-service","timestamp":"2025-07-23 12:26:15"}
{"ip":"::1","level":"info","message":"GET /api/health","service":"user-service","timestamp":"2025-07-23 12:26:45"}
{"ip":"::1","level":"info","message":"GET /api/health","service":"user-service","timestamp":"2025-07-23 12:27:15"}
{"ip":"::1","level":"info","message":"GET /api/health","service":"user-service","timestamp":"2025-07-23 12:27:46"}
{"ip":"::1","level":"info","message":"GET /api/health","service":"user-service","timestamp":"2025-07-23 12:28:16"}
{"ip":"::1","level":"info","message":"GET /api/health","service":"user-service","timestamp":"2025-07-23 12:28:46"}
{"ip":"::1","level":"info","message":"GET /api/health","service":"user-service","timestamp":"2025-07-23 12:29:16"}
{"ip":"::1","level":"info","message":"GET /api/health","service":"user-service","timestamp":"2025-07-23 12:29:46"}
{"ip":"::1","level":"info","message":"GET /api/health","service":"user-service","timestamp":"2025-07-23 12:30:17"}
{"ip":"::1","level":"info","message":"GET /api/health","service":"user-service","timestamp":"2025-07-23 12:30:47"}
{"ip":"::1","level":"info","message":"GET /api/health","service":"user-service","timestamp":"2025-07-23 12:31:17"}
{"ip":"::1","level":"info","message":"GET /api/health","service":"user-service","timestamp":"2025-07-23 12:31:47"}
{"ip":"::1","level":"info","message":"GET /api/health","service":"user-service","timestamp":"2025-07-23 12:32:17"}
{"ip":"::1","level":"info","message":"GET /api/health","service":"user-service","timestamp":"2025-07-23 12:32:48"}
{"ip":"::1","level":"info","message":"GET /api/health","service":"user-service","timestamp":"2025-07-23 12:33:18"}
{"ip":"::1","level":"info","message":"GET /api/health","service":"user-service","timestamp":"2025-07-23 12:33:48"}
{"ip":"::1","level":"info","message":"GET /api/health","service":"user-service","timestamp":"2025-07-23 12:34:18"}
{"ip":"::1","level":"info","message":"GET /api/health","service":"user-service","timestamp":"2025-07-23 12:34:48"}
{"ip":"::1","level":"info","message":"GET /api/health","service":"user-service","timestamp":"2025-07-23 12:35:19"}
{"ip":"::1","level":"info","message":"GET /api/health","service":"user-service","timestamp":"2025-07-23 12:35:49"}
{"ip":"::1","level":"info","message":"GET /api/health","service":"user-service","timestamp":"2025-07-23 12:36:19"}
{"ip":"::1","level":"info","message":"GET /api/health","service":"user-service","timestamp":"2025-07-23 12:36:49"}
{"ip":"::1","level":"info","message":"GET /api/health","service":"user-service","timestamp":"2025-07-23 12:37:19"}
{"ip":"::1","level":"info","message":"GET /api/health","service":"user-service","timestamp":"2025-07-23 12:37:50"}
{"ip":"::1","level":"info","message":"GET /api/health","service":"user-service","timestamp":"2025-07-23 12:38:20"}
{"ip":"::1","level":"info","message":"GET /api/health","service":"user-service","timestamp":"2025-07-23 12:38:50"}
{"ip":"::1","level":"info","message":"GET /api/health","service":"user-service","timestamp":"2025-07-23 12:39:20"}
{"ip":"::1","level":"info","message":"GET /api/health","service":"user-service","timestamp":"2025-07-23 12:39:50"}
{"ip":"::1","level":"info","message":"GET /api/health","service":"user-service","timestamp":"2025-07-23 12:40:21"}
{"ip":"::1","level":"info","message":"GET /api/health","service":"user-service","timestamp":"2025-07-23 12:40:51"}
{"ip":"::1","level":"info","message":"GET /api/health","service":"user-service","timestamp":"2025-07-23 12:41:21"}
{"ip":"::1","level":"info","message":"GET /api/health","service":"user-service","timestamp":"2025-07-23 12:41:51"}
{"ip":"::1","level":"info","message":"GET /api/health","service":"user-service","timestamp":"2025-07-23 12:42:22"}
{"ip":"::1","level":"info","message":"GET /api/health","service":"user-service","timestamp":"2025-07-23 12:42:52"}
{"ip":"::1","level":"info","message":"GET /api/health","service":"user-service","timestamp":"2025-07-23 12:43:22"}
{"ip":"::1","level":"info","message":"GET /api/health","service":"user-service","timestamp":"2025-07-23 12:43:52"}
{"ip":"::1","level":"info","message":"GET /api/health","service":"user-service","timestamp":"2025-07-23 12:44:22"}
{"ip":"::1","level":"info","message":"GET /api/health","service":"user-service","timestamp":"2025-07-23 12:44:53"}
{"ip":"::1","level":"info","message":"GET /api/health","service":"user-service","timestamp":"2025-07-23 12:45:23"}
{"ip":"::1","level":"info","message":"GET /api/health","service":"user-service","timestamp":"2025-07-23 12:45:53"}
{"ip":"::1","level":"info","message":"GET /api/health","service":"user-service","timestamp":"2025-07-23 12:46:23"}
{"ip":"::1","level":"info","message":"GET /api/health","service":"user-service","timestamp":"2025-07-23 12:46:53"}
{"ip":"::1","level":"info","message":"GET /api/health","service":"user-service","timestamp":"2025-07-23 12:47:24"}
{"ip":"::1","level":"info","message":"GET /api/health","service":"user-service","timestamp":"2025-07-23 12:47:54"}
{"ip":"::1","level":"info","message":"GET /api/health","service":"user-service","timestamp":"2025-07-23 12:48:24"}
{"ip":"::1","level":"info","message":"GET /api/health","service":"user-service","timestamp":"2025-07-23 12:48:55"}
{"ip":"::1","level":"info","message":"GET /api/health","service":"user-service","timestamp":"2025-07-23 12:49:25"}
{"ip":"::ffff:172.18.0.1","level":"info","message":"GET /api/users/687c72dcbe6ec9797bc4fd97/manager","service":"user-service","timestamp":"2025-07-23 12:49:27","userAgent":"PostmanRuntime/7.28.3"}
{"level":"error","message":"Error getting manager profile: Manager profile not found","service":"user-service","stack":"Error: Manager profile not found\n    at UserService.getManagerProfile (/app/src/services/UserService.js:272:15)\n    at process.processTicksAndRejections (node:internal/process/task_queues:95:5)\n    at async getManagerProfile (/app/src/controllers/userController.js:238:23)","timestamp":"2025-07-23 12:49:27"}
{"level":"error","message":"Get manager profile error: Manager profile not found","service":"user-service","stack":"Error: Manager profile not found\n    at UserService.getManagerProfile (/app/src/services/UserService.js:272:15)\n    at process.processTicksAndRejections (node:internal/process/task_queues:95:5)\n    at async getManagerProfile (/app/src/controllers/userController.js:238:23)","timestamp":"2025-07-23 12:49:27"}
{"ip":"::1","level":"info","message":"GET /api/health","service":"user-service","timestamp":"2025-07-23 12:49:55"}
{"ip":"::1","level":"info","message":"GET /api/health","service":"user-service","timestamp":"2025-07-23 12:50:25"}
{"ip":"::1","level":"info","message":"GET /api/health","service":"user-service","timestamp":"2025-07-23 12:50:56"}
{"ip":"::1","level":"info","message":"GET /api/health","service":"user-service","timestamp":"2025-07-23 12:51:26"}
{"ip":"::1","level":"info","message":"GET /api/health","service":"user-service","timestamp":"2025-07-23 12:51:56"}
{"ip":"::1","level":"info","message":"GET /api/health","service":"user-service","timestamp":"2025-07-23 12:52:26"}
{"ip":"::1","level":"info","message":"GET /api/health","service":"user-service","timestamp":"2025-07-23 12:52:56"}
{"ip":"::1","level":"info","message":"GET /api/health","service":"user-service","timestamp":"2025-07-23 12:53:27"}
{"ip":"::1","level":"info","message":"GET /api/health","service":"user-service","timestamp":"2025-07-23 12:53:57"}
{"ip":"::1","level":"info","message":"GET /api/health","service":"user-service","timestamp":"2025-07-23 12:54:27"}
{"ip":"::1","level":"info","message":"GET /api/health","service":"user-service","timestamp":"2025-07-23 12:54:57"}
{"ip":"::1","level":"info","message":"GET /api/health","service":"user-service","timestamp":"2025-07-23 12:55:27"}
{"ip":"::1","level":"info","message":"GET /api/health","service":"user-service","timestamp":"2025-07-23 12:55:58"}
{"ip":"::1","level":"info","message":"GET /api/health","service":"user-service","timestamp":"2025-07-23 12:56:28"}
{"ip":"::1","level":"info","message":"GET /api/health","service":"user-service","timestamp":"2025-07-23 12:56:58"}
{"ip":"::1","level":"info","message":"GET /api/health","service":"user-service","timestamp":"2025-07-23 12:57:28"}
{"ip":"::1","level":"info","message":"GET /api/health","service":"user-service","timestamp":"2025-07-23 12:57:59"}
{"ip":"::1","level":"info","message":"GET /api/health","service":"user-service","timestamp":"2025-07-23 12:58:29"}
{"ip":"::1","level":"info","message":"GET /api/health","service":"user-service","timestamp":"2025-07-23 12:58:59"}
{"ip":"::1","level":"info","message":"GET /api/health","service":"user-service","timestamp":"2025-07-23 12:59:29"}
{"ip":"::1","level":"info","message":"GET /api/health","service":"user-service","timestamp":"2025-07-23 12:59:59"}
{"ip":"::1","level":"info","message":"GET /api/health","service":"user-service","timestamp":"2025-07-23 13:00:30"}
{"ip":"::1","level":"info","message":"GET /api/health","service":"user-service","timestamp":"2025-07-23 13:01:00"}
{"ip":"::1","level":"info","message":"GET /api/health","service":"user-service","timestamp":"2025-07-23 13:01:30"}
{"ip":"::1","level":"info","message":"GET /api/health","service":"user-service","timestamp":"2025-07-23 13:02:01"}
{"ip":"::1","level":"info","message":"GET /api/health","service":"user-service","timestamp":"2025-07-23 13:02:31"}
{"ip":"::1","level":"info","message":"GET /api/health","service":"user-service","timestamp":"2025-07-23 13:03:01"}
{"ip":"::1","level":"info","message":"GET /api/health","service":"user-service","timestamp":"2025-07-23 13:03:31"}
{"ip":"::1","level":"info","message":"GET /api/health","service":"user-service","timestamp":"2025-07-23 13:04:02"}
{"ip":"::1","level":"info","message":"GET /api/health","service":"user-service","timestamp":"2025-07-23 13:04:32"}
{"ip":"::1","level":"info","message":"GET /api/health","service":"user-service","timestamp":"2025-07-23 13:05:02"}
{"ip":"::1","level":"info","message":"GET /api/health","service":"user-service","timestamp":"2025-07-23 13:05:32"}
{"ip":"::1","level":"info","message":"GET /api/health","service":"user-service","timestamp":"2025-07-23 13:06:02"}
{"ip":"::1","level":"info","message":"GET /api/health","service":"user-service","timestamp":"2025-07-23 13:06:33"}
{"ip":"::1","level":"info","message":"GET /api/health","service":"user-service","timestamp":"2025-07-23 13:07:03"}
{"ip":"::1","level":"info","message":"GET /api/health","service":"user-service","timestamp":"2025-07-23 13:07:33"}
{"ip":"::1","level":"info","message":"GET /api/health","service":"user-service","timestamp":"2025-07-23 13:08:03"}
{"ip":"::1","level":"info","message":"GET /api/health","service":"user-service","timestamp":"2025-07-23 13:08:33"}
{"ip":"::1","level":"info","message":"GET /api/health","service":"user-service","timestamp":"2025-07-23 13:09:04"}
{"ip":"::1","level":"info","message":"GET /api/health","service":"user-service","timestamp":"2025-07-23 13:09:34"}
{"ip":"::1","level":"info","message":"GET /api/health","service":"user-service","timestamp":"2025-07-23 13:10:04"}
{"ip":"::1","level":"info","message":"GET /api/health","service":"user-service","timestamp":"2025-07-23 13:10:34"}
{"ip":"::1","level":"info","message":"GET /api/health","service":"user-service","timestamp":"2025-07-23 13:11:05"}
{"ip":"::1","level":"info","message":"GET /api/health","service":"user-service","timestamp":"2025-07-23 13:11:35"}
{"ip":"::1","level":"info","message":"GET /api/health","service":"user-service","timestamp":"2025-07-23 13:12:05"}
{"ip":"::1","level":"info","message":"GET /api/health","service":"user-service","timestamp":"2025-07-23 13:12:36"}
{"ip":"::1","level":"info","message":"GET /api/health","service":"user-service","timestamp":"2025-07-23 13:13:06"}
{"ip":"::1","level":"info","message":"GET /api/health","service":"user-service","timestamp":"2025-07-23 13:13:36"}
{"ip":"::1","level":"info","message":"GET /api/health","service":"user-service","timestamp":"2025-07-23 13:14:06"}
{"ip":"::1","level":"info","message":"GET /api/health","service":"user-service","timestamp":"2025-07-23 13:14:37"}
{"ip":"::1","level":"info","message":"GET /api/health","service":"user-service","timestamp":"2025-07-23 13:15:07"}
{"ip":"::1","level":"info","message":"GET /api/health","service":"user-service","timestamp":"2025-07-23 13:15:37"}
{"ip":"::1","level":"info","message":"GET /api/health","service":"user-service","timestamp":"2025-07-23 13:16:07"}
{"ip":"::1","level":"info","message":"GET /api/health","service":"user-service","timestamp":"2025-07-23 13:16:38"}
{"ip":"::1","level":"info","message":"GET /api/health","service":"user-service","timestamp":"2025-07-23 13:17:08"}
{"ip":"::1","level":"info","message":"GET /api/health","service":"user-service","timestamp":"2025-07-23 13:17:38"}
{"ip":"::1","level":"info","message":"GET /api/health","service":"user-service","timestamp":"2025-07-23 13:18:09"}
{"ip":"::1","level":"info","message":"GET /api/health","service":"user-service","timestamp":"2025-07-23 13:18:39"}
{"ip":"::1","level":"info","message":"GET /api/health","service":"user-service","timestamp":"2025-07-23 13:19:09"}
{"ip":"::1","level":"info","message":"GET /api/health","service":"user-service","timestamp":"2025-07-23 13:19:40"}
{"ip":"::1","level":"info","message":"GET /api/health","service":"user-service","timestamp":"2025-07-23 13:20:10"}
{"ip":"::1","level":"info","message":"GET /api/health","service":"user-service","timestamp":"2025-07-23 13:20:40"}
{"ip":"::1","level":"info","message":"GET /api/health","service":"user-service","timestamp":"2025-07-23 13:21:11"}
{"ip":"::1","level":"info","message":"GET /api/health","service":"user-service","timestamp":"2025-07-23 13:21:41"}
{"ip":"::1","level":"info","message":"GET /api/health","service":"user-service","timestamp":"2025-07-23 13:22:11"}
{"ip":"::1","level":"info","message":"GET /api/health","service":"user-service","timestamp":"2025-07-23 13:22:41"}
{"ip":"::1","level":"info","message":"GET /api/health","service":"user-service","timestamp":"2025-07-23 13:23:12"}
{"ip":"::1","level":"info","message":"GET /api/health","service":"user-service","timestamp":"2025-07-23 13:23:42"}
{"ip":"::1","level":"info","message":"GET /api/health","service":"user-service","timestamp":"2025-07-23 13:24:12"}
{"ip":"::1","level":"info","message":"GET /api/health","service":"user-service","timestamp":"2025-07-23 13:24:42"}
{"ip":"::1","level":"info","message":"GET /api/health","service":"user-service","timestamp":"2025-07-23 13:25:13"}
{"ip":"::1","level":"info","message":"GET /api/health","service":"user-service","timestamp":"2025-07-23 13:25:43"}
{"ip":"::1","level":"info","message":"GET /api/health","service":"user-service","timestamp":"2025-07-23 13:26:13"}
{"ip":"::1","level":"info","message":"GET /api/health","service":"user-service","timestamp":"2025-07-23 13:26:43"}
{"ip":"::1","level":"info","message":"GET /api/health","service":"user-service","timestamp":"2025-07-23 13:27:13"}
{"ip":"::1","level":"info","message":"GET /api/health","service":"user-service","timestamp":"2025-07-23 13:27:44"}
{"ip":"::1","level":"info","message":"GET /api/health","service":"user-service","timestamp":"2025-07-23 13:28:14"}
{"ip":"::1","level":"info","message":"GET /api/health","service":"user-service","timestamp":"2025-07-23 13:28:44"}
{"ip":"::1","level":"info","message":"GET /api/health","service":"user-service","timestamp":"2025-07-23 13:29:14"}
{"ip":"::1","level":"info","message":"GET /api/health","service":"user-service","timestamp":"2025-07-23 13:29:45"}
{"ip":"::1","level":"info","message":"GET /api/health","service":"user-service","timestamp":"2025-07-23 13:30:15"}
{"ip":"::1","level":"info","message":"GET /api/health","service":"user-service","timestamp":"2025-07-23 13:30:45"}
{"ip":"::1","level":"info","message":"GET /api/health","service":"user-service","timestamp":"2025-07-23 13:31:15"}
{"ip":"::1","level":"info","message":"GET /api/health","service":"user-service","timestamp":"2025-07-23 13:31:46"}
{"ip":"::1","level":"info","message":"GET /api/health","service":"user-service","timestamp":"2025-07-23 13:32:16"}
{"ip":"::1","level":"info","message":"GET /api/health","service":"user-service","timestamp":"2025-07-23 13:32:46"}
{"ip":"::1","level":"info","message":"GET /api/health","service":"user-service","timestamp":"2025-07-23 13:33:16"}
{"ip":"::1","level":"info","message":"GET /api/health","service":"user-service","timestamp":"2025-07-23 13:33:47"}
{"ip":"::1","level":"info","message":"GET /api/health","service":"user-service","timestamp":"2025-07-23 13:34:18"}
{"ip":"::1","level":"info","message":"GET /api/health","service":"user-service","timestamp":"2025-07-23 13:34:48"}
{"ip":"::1","level":"info","message":"GET /api/health","service":"user-service","timestamp":"2025-07-23 13:35:18"}
{"ip":"::1","level":"info","message":"GET /api/health","service":"user-service","timestamp":"2025-07-23 13:35:49"}
{"ip":"::1","level":"info","message":"GET /api/health","service":"user-service","timestamp":"2025-07-23 13:36:19"}
{"ip":"::1","level":"info","message":"GET /api/health","service":"user-service","timestamp":"2025-07-23 13:36:49"}
{"ip":"::1","level":"info","message":"GET /api/health","service":"user-service","timestamp":"2025-07-23 13:37:20"}
{"ip":"::1","level":"info","message":"GET /api/health","service":"user-service","timestamp":"2025-07-23 13:37:50"}
{"ip":"::1","level":"info","message":"GET /api/health","service":"user-service","timestamp":"2025-07-23 13:38:20"}
{"ip":"::1","level":"info","message":"GET /api/health","service":"user-service","timestamp":"2025-07-23 13:38:50"}
{"ip":"::1","level":"info","message":"GET /api/health","service":"user-service","timestamp":"2025-07-23 13:39:21"}
{"ip":"::1","level":"info","message":"GET /api/health","service":"user-service","timestamp":"2025-07-23 13:39:51"}
{"ip":"::1","level":"info","message":"GET /api/health","service":"user-service","timestamp":"2025-07-23 13:40:21"}
{"ip":"::1","level":"info","message":"GET /api/health","service":"user-service","timestamp":"2025-07-23 13:40:51"}
{"ip":"::1","level":"info","message":"GET /api/health","service":"user-service","timestamp":"2025-07-23 13:41:21"}
{"ip":"::1","level":"info","message":"GET /api/health","service":"user-service","timestamp":"2025-07-23 13:41:52"}
{"ip":"::1","level":"info","message":"GET /api/health","service":"user-service","timestamp":"2025-07-23 13:42:22"}
{"ip":"::1","level":"info","message":"GET /api/health","service":"user-service","timestamp":"2025-07-23 13:42:52"}
{"ip":"::1","level":"info","message":"GET /api/health","service":"user-service","timestamp":"2025-07-23 13:43:22"}
{"ip":"::1","level":"info","message":"GET /api/health","service":"user-service","timestamp":"2025-07-23 13:43:53"}
{"ip":"::1","level":"info","message":"GET /api/health","service":"user-service","timestamp":"2025-07-23 13:44:23"}
{"ip":"::1","level":"info","message":"GET /api/health","service":"user-service","timestamp":"2025-07-23 13:44:53"}
{"ip":"::1","level":"info","message":"GET /api/health","service":"user-service","timestamp":"2025-07-23 13:45:23"}
{"ip":"::1","level":"info","message":"GET /api/health","service":"user-service","timestamp":"2025-07-23 13:45:53"}
{"ip":"::1","level":"info","message":"GET /api/health","service":"user-service","timestamp":"2025-07-23 13:46:24"}
{"ip":"::1","level":"info","message":"GET /api/health","service":"user-service","timestamp":"2025-07-23 13:46:54"}
{"ip":"::1","level":"info","message":"GET /api/health","service":"user-service","timestamp":"2025-07-23 13:47:24"}
{"ip":"::1","level":"info","message":"GET /api/health","service":"user-service","timestamp":"2025-07-23 13:47:54"}
{"ip":"::1","level":"info","message":"GET /api/health","service":"user-service","timestamp":"2025-07-23 13:48:24"}
{"ip":"::1","level":"info","message":"GET /api/health","service":"user-service","timestamp":"2025-07-23 13:48:55"}
{"ip":"::1","level":"info","message":"GET /api/health","service":"user-service","timestamp":"2025-07-23 13:49:25"}
{"ip":"::1","level":"info","message":"GET /api/health","service":"user-service","timestamp":"2025-07-23 13:49:55"}
{"ip":"::1","level":"info","message":"GET /api/health","service":"user-service","timestamp":"2025-07-23 13:50:25"}
{"ip":"::1","level":"info","message":"GET /api/health","service":"user-service","timestamp":"2025-07-23 13:50:56"}
{"ip":"::1","level":"info","message":"GET /api/health","service":"user-service","timestamp":"2025-07-23 13:51:26"}
{"ip":"::1","level":"info","message":"GET /api/health","service":"user-service","timestamp":"2025-07-23 13:51:56"}
{"ip":"::1","level":"info","message":"GET /api/health","service":"user-service","timestamp":"2025-07-23 13:52:26"}
{"ip":"::1","level":"info","message":"GET /api/health","service":"user-service","timestamp":"2025-07-23 13:52:56"}
{"ip":"::1","level":"info","message":"GET /api/health","service":"user-service","timestamp":"2025-07-23 13:53:27"}
{"ip":"::1","level":"info","message":"GET /api/health","service":"user-service","timestamp":"2025-07-23 13:53:57"}
{"ip":"::1","level":"info","message":"GET /api/health","service":"user-service","timestamp":"2025-07-23 13:54:27"}
{"ip":"::1","level":"info","message":"GET /api/health","service":"user-service","timestamp":"2025-07-23 13:54:57"}
{"ip":"::1","level":"info","message":"GET /api/health","service":"user-service","timestamp":"2025-07-23 13:55:28"}
{"ip":"::1","level":"info","message":"GET /api/health","service":"user-service","timestamp":"2025-07-23 13:55:58"}
{"ip":"::1","level":"info","message":"GET /api/health","service":"user-service","timestamp":"2025-07-23 13:56:28"}
{"ip":"::1","level":"info","message":"GET /api/health","service":"user-service","timestamp":"2025-07-23 13:56:58"}
{"ip":"::1","level":"info","message":"GET /api/health","service":"user-service","timestamp":"2025-07-23 13:57:29"}
{"ip":"::1","level":"info","message":"GET /api/health","service":"user-service","timestamp":"2025-07-23 13:57:59"}
{"ip":"::1","level":"info","message":"GET /api/health","service":"user-service","timestamp":"2025-07-23 13:58:29"}
{"ip":"::1","level":"info","message":"GET /api/health","service":"user-service","timestamp":"2025-07-23 13:58:59"}
{"ip":"::1","level":"info","message":"GET /api/health","service":"user-service","timestamp":"2025-07-23 13:59:30"}
{"ip":"::1","level":"info","message":"GET /api/health","service":"user-service","timestamp":"2025-07-23 14:00:00"}
{"ip":"::1","level":"info","message":"GET /api/health","service":"user-service","timestamp":"2025-07-23 14:00:30"}
{"ip":"::1","level":"info","message":"GET /api/health","service":"user-service","timestamp":"2025-07-23 14:01:00"}
{"ip":"::1","level":"info","message":"GET /api/health","service":"user-service","timestamp":"2025-07-23 14:01:30"}
{"ip":"::1","level":"info","message":"GET /api/health","service":"user-service","timestamp":"2025-07-23 14:02:01"}
{"ip":"::1","level":"info","message":"GET /api/health","service":"user-service","timestamp":"2025-07-23 14:02:31"}
{"ip":"::1","level":"info","message":"GET /api/health","service":"user-service","timestamp":"2025-07-23 14:03:01"}
{"ip":"::1","level":"info","message":"GET /api/health","service":"user-service","timestamp":"2025-07-23 14:03:31"}
{"ip":"::1","level":"info","message":"GET /api/health","service":"user-service","timestamp":"2025-07-23 14:04:02"}
{"ip":"::1","level":"info","message":"GET /api/health","service":"user-service","timestamp":"2025-07-23 14:04:32"}
{"ip":"::1","level":"info","message":"GET /api/health","service":"user-service","timestamp":"2025-07-23 14:05:02"}
{"ip":"::1","level":"info","message":"GET /api/health","service":"user-service","timestamp":"2025-07-23 14:05:33"}
{"ip":"::1","level":"info","message":"GET /api/health","service":"user-service","timestamp":"2025-07-23 14:06:03"}
{"ip":"::1","level":"info","message":"GET /api/health","service":"user-service","timestamp":"2025-07-23 14:06:33"}
{"ip":"::1","level":"info","message":"GET /api/health","service":"user-service","timestamp":"2025-07-23 14:07:03"}
{"ip":"::1","level":"info","message":"GET /api/health","service":"user-service","timestamp":"2025-07-23 14:07:34"}
{"ip":"::1","level":"info","message":"GET /api/health","service":"user-service","timestamp":"2025-07-23 14:08:04"}
{"ip":"::1","level":"info","message":"GET /api/health","service":"user-service","timestamp":"2025-07-23 14:08:34"}
{"ip":"::1","level":"info","message":"GET /api/health","service":"user-service","timestamp":"2025-07-23 14:09:04"}
{"ip":"::1","level":"info","message":"GET /api/health","service":"user-service","timestamp":"2025-07-23 14:09:34"}
{"ip":"::1","level":"info","message":"GET /api/health","service":"user-service","timestamp":"2025-07-23 14:10:05"}
{"ip":"::1","level":"info","message":"GET /api/health","service":"user-service","timestamp":"2025-07-23 14:10:35"}
{"ip":"::1","level":"info","message":"GET /api/health","service":"user-service","timestamp":"2025-07-23 14:11:05"}
{"ip":"::1","level":"info","message":"GET /api/health","service":"user-service","timestamp":"2025-07-23 14:11:35"}
{"ip":"::1","level":"info","message":"GET /api/health","service":"user-service","timestamp":"2025-07-23 14:12:06"}
{"ip":"::1","level":"info","message":"GET /api/health","service":"user-service","timestamp":"2025-07-23 14:12:36"}
{"ip":"::1","level":"info","message":"GET /api/health","service":"user-service","timestamp":"2025-07-23 14:13:06"}
{"ip":"::1","level":"info","message":"GET /api/health","service":"user-service","timestamp":"2025-07-23 14:13:36"}
{"ip":"::1","level":"info","message":"GET /api/health","service":"user-service","timestamp":"2025-07-23 14:14:07"}
{"ip":"::1","level":"info","message":"GET /api/health","service":"user-service","timestamp":"2025-07-23 14:14:37"}
{"ip":"::1","level":"info","message":"GET /api/health","service":"user-service","timestamp":"2025-07-23 14:15:07"}
{"ip":"::1","level":"info","message":"GET /api/health","service":"user-service","timestamp":"2025-07-23 14:15:37"}
{"ip":"::1","level":"info","message":"GET /api/health","service":"user-service","timestamp":"2025-07-23 14:16:08"}
{"ip":"::1","level":"info","message":"GET /api/health","service":"user-service","timestamp":"2025-07-23 14:16:39"}
{"ip":"::1","level":"info","message":"GET /api/health","service":"user-service","timestamp":"2025-07-23 14:17:09"}
{"ip":"::1","level":"info","message":"GET /api/health","service":"user-service","timestamp":"2025-07-23 14:17:39"}
{"ip":"::1","level":"info","message":"GET /api/health","service":"user-service","timestamp":"2025-07-23 14:18:09"}
{"ip":"::1","level":"info","message":"GET /api/health","service":"user-service","timestamp":"2025-07-23 14:18:40"}
{"ip":"::1","level":"info","message":"GET /api/health","service":"user-service","timestamp":"2025-07-23 14:19:10"}
{"ip":"::1","level":"info","message":"GET /api/health","service":"user-service","timestamp":"2025-07-23 14:19:40"}
{"ip":"::1","level":"info","message":"GET /api/health","service":"user-service","timestamp":"2025-07-23 14:20:10"}
{"ip":"::1","level":"info","message":"GET /api/health","service":"user-service","timestamp":"2025-07-23 14:20:40"}
{"ip":"::1","level":"info","message":"GET /api/health","service":"user-service","timestamp":"2025-07-23 14:21:11"}
{"ip":"::1","level":"info","message":"GET /api/health","service":"user-service","timestamp":"2025-07-23 14:21:41"}
{"ip":"::1","level":"info","message":"GET /api/health","service":"user-service","timestamp":"2025-07-23 14:22:11"}
{"ip":"::1","level":"info","message":"GET /api/health","service":"user-service","timestamp":"2025-07-23 14:22:41"}
{"ip":"::1","level":"info","message":"GET /api/health","service":"user-service","timestamp":"2025-07-23 14:23:12"}
{"ip":"::1","level":"info","message":"GET /api/health","service":"user-service","timestamp":"2025-07-23 14:23:42"}
{"ip":"::1","level":"info","message":"GET /api/health","service":"user-service","timestamp":"2025-07-23 14:24:12"}
{"ip":"::1","level":"info","message":"GET /api/health","service":"user-service","timestamp":"2025-07-23 14:24:42"}
{"ip":"::1","level":"info","message":"GET /api/health","service":"user-service","timestamp":"2025-07-23 14:25:13"}
{"ip":"::1","level":"info","message":"GET /api/health","service":"user-service","timestamp":"2025-07-23 14:25:43"}
{"ip":"::1","level":"info","message":"GET /api/health","service":"user-service","timestamp":"2025-07-23 14:26:13"}
{"ip":"::1","level":"info","message":"GET /api/health","service":"user-service","timestamp":"2025-07-23 14:26:43"}
{"ip":"::1","level":"info","message":"GET /api/health","service":"user-service","timestamp":"2025-07-23 14:27:13"}
{"ip":"::1","level":"info","message":"GET /api/health","service":"user-service","timestamp":"2025-07-23 14:27:44"}
{"ip":"::1","level":"info","message":"GET /api/health","service":"user-service","timestamp":"2025-07-23 14:28:14"}
{"ip":"::1","level":"info","message":"GET /api/health","service":"user-service","timestamp":"2025-07-23 14:28:44"}
{"ip":"::1","level":"info","message":"GET /api/health","service":"user-service","timestamp":"2025-07-23 14:29:14"}
{"ip":"::1","level":"info","message":"GET /api/health","service":"user-service","timestamp":"2025-07-23 14:29:44"}
{"ip":"::1","level":"info","message":"GET /api/health","service":"user-service","timestamp":"2025-07-23 14:30:15"}
{"ip":"::1","level":"info","message":"GET /api/health","service":"user-service","timestamp":"2025-07-23 14:30:45"}
{"ip":"::1","level":"info","message":"GET /api/health","service":"user-service","timestamp":"2025-07-23 14:31:15"}
{"ip":"::1","level":"info","message":"GET /api/health","service":"user-service","timestamp":"2025-07-23 14:31:45"}
{"ip":"::1","level":"info","message":"GET /api/health","service":"user-service","timestamp":"2025-07-23 14:32:15"}
{"ip":"::1","level":"info","message":"GET /api/health","service":"user-service","timestamp":"2025-07-23 14:32:46"}
{"ip":"::1","level":"info","message":"GET /api/health","service":"user-service","timestamp":"2025-07-23 14:33:16"}
{"ip":"::1","level":"info","message":"GET /api/health","service":"user-service","timestamp":"2025-07-23 14:33:46"}
{"ip":"::1","level":"info","message":"GET /api/health","service":"user-service","timestamp":"2025-07-23 14:34:16"}
{"ip":"::1","level":"info","message":"GET /api/health","service":"user-service","timestamp":"2025-07-23 14:34:46"}
{"ip":"::1","level":"info","message":"GET /api/health","service":"user-service","timestamp":"2025-07-23 14:35:17"}
{"ip":"::1","level":"info","message":"GET /api/health","service":"user-service","timestamp":"2025-07-23 14:35:47"}
{"ip":"::1","level":"info","message":"GET /api/health","service":"user-service","timestamp":"2025-07-23 14:36:17"}
{"ip":"::1","level":"info","message":"GET /api/health","service":"user-service","timestamp":"2025-07-23 14:36:47"}
{"ip":"::1","level":"info","message":"GET /api/health","service":"user-service","timestamp":"2025-07-23 14:37:17"}
{"ip":"::1","level":"info","message":"GET /api/health","service":"user-service","timestamp":"2025-07-23 14:37:48"}
{"ip":"::1","level":"info","message":"GET /api/health","service":"user-service","timestamp":"2025-07-23 14:38:18"}
{"ip":"::1","level":"info","message":"GET /api/health","service":"user-service","timestamp":"2025-07-23 14:38:48"}
{"ip":"::1","level":"info","message":"GET /api/health","service":"user-service","timestamp":"2025-07-23 14:39:18"}
{"ip":"::1","level":"info","message":"GET /api/health","service":"user-service","timestamp":"2025-07-23 14:39:49"}
{"ip":"::1","level":"info","message":"GET /api/health","service":"user-service","timestamp":"2025-07-23 14:40:19"}
{"ip":"::1","level":"info","message":"GET /api/health","service":"user-service","timestamp":"2025-07-23 14:40:49"}
{"ip":"::1","level":"info","message":"GET /api/health","service":"user-service","timestamp":"2025-07-23 14:41:19"}
{"ip":"::1","level":"info","message":"GET /api/health","service":"user-service","timestamp":"2025-07-23 14:41:49"}
{"ip":"::1","level":"info","message":"GET /api/health","service":"user-service","timestamp":"2025-07-23 14:42:19"}
{"ip":"::1","level":"info","message":"GET /api/health","service":"user-service","timestamp":"2025-07-23 14:42:50"}
{"ip":"::1","level":"info","message":"GET /api/health","service":"user-service","timestamp":"2025-07-23 14:43:20"}
{"ip":"::1","level":"info","message":"GET /api/health","service":"user-service","timestamp":"2025-07-23 14:43:50"}
{"ip":"::1","level":"info","message":"GET /api/health","service":"user-service","timestamp":"2025-07-23 14:44:20"}
{"ip":"::1","level":"info","message":"GET /api/health","service":"user-service","timestamp":"2025-07-23 14:44:51"}
{"ip":"::1","level":"info","message":"GET /api/health","service":"user-service","timestamp":"2025-07-23 14:45:21"}
{"ip":"::1","level":"info","message":"GET /api/health","service":"user-service","timestamp":"2025-07-23 14:45:51"}
{"ip":"::1","level":"info","message":"GET /api/health","service":"user-service","timestamp":"2025-07-23 14:46:21"}
{"ip":"::1","level":"info","message":"GET /api/health","service":"user-service","timestamp":"2025-07-23 14:46:51"}
{"ip":"::1","level":"info","message":"GET /api/health","service":"user-service","timestamp":"2025-07-23 14:47:22"}
{"ip":"::1","level":"info","message":"GET /api/health","service":"user-service","timestamp":"2025-07-23 14:47:52"}
{"ip":"::1","level":"info","message":"GET /api/health","service":"user-service","timestamp":"2025-07-23 14:48:22"}
{"ip":"::1","level":"info","message":"GET /api/health","service":"user-service","timestamp":"2025-07-23 14:48:52"}
{"ip":"::1","level":"info","message":"GET /api/health","service":"user-service","timestamp":"2025-07-23 14:49:23"}
{"ip":"::1","level":"info","message":"GET /api/health","service":"user-service","timestamp":"2025-07-23 14:49:53"}
{"ip":"::1","level":"info","message":"GET /api/health","service":"user-service","timestamp":"2025-07-23 14:50:23"}
{"ip":"::1","level":"info","message":"GET /api/health","service":"user-service","timestamp":"2025-07-23 14:50:54"}
{"ip":"::1","level":"info","message":"GET /api/health","service":"user-service","timestamp":"2025-07-23 14:51:24"}
{"ip":"::1","level":"info","message":"GET /api/health","service":"user-service","timestamp":"2025-07-23 14:51:54"}
{"ip":"::1","level":"info","message":"GET /api/health","service":"user-service","timestamp":"2025-07-23 14:52:24"}
{"ip":"::1","level":"info","message":"GET /api/health","service":"user-service","timestamp":"2025-07-23 14:52:54"}
{"ip":"::1","level":"info","message":"GET /api/health","service":"user-service","timestamp":"2025-07-23 14:53:25"}
{"ip":"::1","level":"info","message":"GET /api/health","service":"user-service","timestamp":"2025-07-23 14:53:55"}
{"ip":"::1","level":"info","message":"GET /api/health","service":"user-service","timestamp":"2025-07-23 14:54:26"}
{"ip":"::1","level":"info","message":"GET /api/health","service":"user-service","timestamp":"2025-07-23 14:54:58"}
{"ip":"::1","level":"info","message":"GET /api/health","service":"user-service","timestamp":"2025-07-23 14:55:29"}
{"ip":"::1","level":"info","message":"GET /api/health","service":"user-service","timestamp":"2025-07-23 14:55:59"}
{"ip":"::1","level":"info","message":"GET /api/health","service":"user-service","timestamp":"2025-07-23 14:56:32"}
{"ip":"::1","level":"info","message":"GET /api/health","service":"user-service","timestamp":"2025-07-23 14:57:05"}
{"ip":"::1","level":"info","message":"GET /api/health","service":"user-service","timestamp":"2025-07-23 14:57:42"}
{"ip":"::1","level":"info","message":"GET /api/health","service":"user-service","timestamp":"2025-07-23 14:58:13"}
{"ip":"::1","level":"info","message":"GET /api/health","service":"user-service","timestamp":"2025-07-23 14:58:44"}
{"ip":"::1","level":"info","message":"GET /api/health","service":"user-service","timestamp":"2025-07-23 14:59:15"}
{"ip":"::1","level":"info","message":"GET /api/health","service":"user-service","timestamp":"2025-07-23 14:59:45"}
{"ip":"::1","level":"info","message":"GET /api/health","service":"user-service","timestamp":"2025-07-23 15:00:16"}
{"ip":"::1","level":"info","message":"GET /api/health","service":"user-service","timestamp":"2025-07-23 15:00:46"}
{"ip":"::1","level":"info","message":"GET /api/health","service":"user-service","timestamp":"2025-07-23 15:01:16"}
{"ip":"::1","level":"info","message":"GET /api/health","service":"user-service","timestamp":"2025-07-23 15:01:46"}
{"ip":"::1","level":"info","message":"GET /api/health","service":"user-service","timestamp":"2025-07-23 15:02:18"}
{"ip":"::1","level":"info","message":"GET /api/health","service":"user-service","timestamp":"2025-07-23 15:02:49"}
{"ip":"::1","level":"info","message":"GET /api/health","service":"user-service","timestamp":"2025-07-23 15:03:32"}
{"ip":"::1","level":"info","message":"GET /api/health","service":"user-service","timestamp":"2025-07-23 15:04:09"}
{"ip":"::1","level":"info","message":"GET /api/health","service":"user-service","timestamp":"2025-07-23 15:04:51"}
{"ip":"::1","level":"info","message":"GET /api/health","service":"user-service","timestamp":"2025-07-23 15:05:28"}
{"ip":"::1","level":"info","message":"GET /api/health","service":"user-service","timestamp":"2025-07-23 15:05:59"}
{"ip":"::1","level":"info","message":"GET /api/health","service":"user-service","timestamp":"2025-07-23 15:06:31"}
{"ip":"::1","level":"info","message":"GET /api/health","service":"user-service","timestamp":"2025-07-23 15:07:07"}
{"ip":"::1","level":"info","message":"GET /api/health","service":"user-service","timestamp":"2025-07-23 15:07:43"}
{"ip":"::1","level":"info","message":"GET /api/health","service":"user-service","timestamp":"2025-07-23 15:08:15"}
{"ip":"::1","level":"info","message":"GET /api/health","service":"user-service","timestamp":"2025-07-23 15:08:45"}
{"ip":"::1","level":"info","message":"GET /api/health","service":"user-service","timestamp":"2025-07-23 15:09:16"}
{"ip":"::1","level":"info","message":"GET /api/health","service":"user-service","timestamp":"2025-07-23 15:09:46"}
{"ip":"::1","level":"info","message":"GET /api/health","service":"user-service","timestamp":"2025-07-23 15:10:16"}
{"ip":"::1","level":"info","message":"GET /api/health","service":"user-service","timestamp":"2025-07-23 15:10:47"}
{"ip":"::1","level":"info","message":"GET /api/health","service":"user-service","timestamp":"2025-07-23 15:11:17"}
{"ip":"::1","level":"info","message":"GET /api/health","service":"user-service","timestamp":"2025-07-23 15:11:47"}
{"ip":"::1","level":"info","message":"GET /api/health","service":"user-service","timestamp":"2025-07-23 15:12:17"}
{"ip":"::1","level":"info","message":"GET /api/health","service":"user-service","timestamp":"2025-07-23 15:12:47"}
{"ip":"::1","level":"info","message":"GET /api/health","service":"user-service","timestamp":"2025-07-23 15:13:18"}
{"ip":"::1","level":"info","message":"GET /api/health","service":"user-service","timestamp":"2025-07-23 15:13:48"}
{"ip":"::1","level":"info","message":"GET /api/health","service":"user-service","timestamp":"2025-07-23 15:14:18"}
{"ip":"::1","level":"info","message":"GET /api/health","service":"user-service","timestamp":"2025-07-23 15:14:48"}
{"ip":"::1","level":"info","message":"GET /api/health","service":"user-service","timestamp":"2025-07-23 15:15:19"}
{"ip":"::1","level":"info","message":"GET /api/health","service":"user-service","timestamp":"2025-07-23 15:15:49"}
{"ip":"::1","level":"info","message":"GET /api/health","service":"user-service","timestamp":"2025-07-23 15:16:19"}
{"ip":"::1","level":"info","message":"GET /api/health","service":"user-service","timestamp":"2025-07-23 15:16:49"}
{"ip":"::1","level":"info","message":"GET /api/health","service":"user-service","timestamp":"2025-07-23 15:17:20"}
{"ip":"::1","level":"info","message":"GET /api/health","service":"user-service","timestamp":"2025-07-23 15:17:50"}
{"ip":"::1","level":"info","message":"GET /api/health","service":"user-service","timestamp":"2025-07-23 15:18:20"}
{"ip":"::1","level":"info","message":"GET /api/health","service":"user-service","timestamp":"2025-07-23 15:18:51"}
{"ip":"::1","level":"info","message":"GET /api/health","service":"user-service","timestamp":"2025-07-23 15:19:21"}
{"ip":"::1","level":"info","message":"GET /api/health","service":"user-service","timestamp":"2025-07-23 15:19:51"}
{"ip":"::1","level":"info","message":"GET /api/health","service":"user-service","timestamp":"2025-07-23 15:20:21"}
{"ip":"::1","level":"info","message":"GET /api/health","service":"user-service","timestamp":"2025-07-23 15:20:52"}
{"ip":"::1","level":"info","message":"GET /api/health","service":"user-service","timestamp":"2025-07-23 15:21:22"}
{"ip":"::1","level":"info","message":"GET /api/health","service":"user-service","timestamp":"2025-07-23 15:21:52"}
{"ip":"::1","level":"info","message":"GET /api/health","service":"user-service","timestamp":"2025-07-23 15:22:22"}
{"ip":"::1","level":"info","message":"GET /api/health","service":"user-service","timestamp":"2025-07-23 15:22:52"}
{"ip":"::1","level":"info","message":"GET /api/health","service":"user-service","timestamp":"2025-07-23 15:23:23"}
{"ip":"::1","level":"info","message":"GET /api/health","service":"user-service","timestamp":"2025-07-23 15:23:53"}
{"ip":"::1","level":"info","message":"GET /api/health","service":"user-service","timestamp":"2025-07-23 15:24:23"}
{"ip":"::1","level":"info","message":"GET /api/health","service":"user-service","timestamp":"2025-07-23 15:24:53"}
{"ip":"::1","level":"info","message":"GET /api/health","service":"user-service","timestamp":"2025-07-23 15:25:24"}
{"ip":"::1","level":"info","message":"GET /api/health","service":"user-service","timestamp":"2025-07-23 15:25:54"}
{"ip":"::1","level":"info","message":"GET /api/health","service":"user-service","timestamp":"2025-07-23 15:26:24"}
{"ip":"::1","level":"info","message":"GET /api/health","service":"user-service","timestamp":"2025-07-23 15:26:54"}
{"ip":"::1","level":"info","message":"GET /api/health","service":"user-service","timestamp":"2025-07-23 15:27:24"}
{"ip":"::1","level":"info","message":"GET /api/health","service":"user-service","timestamp":"2025-07-23 15:27:55"}
{"ip":"::1","level":"info","message":"GET /api/health","service":"user-service","timestamp":"2025-07-23 15:28:25"}
{"ip":"::1","level":"info","message":"GET /api/health","service":"user-service","timestamp":"2025-07-23 15:28:55"}
{"ip":"::1","level":"info","message":"GET /api/health","service":"user-service","timestamp":"2025-07-23 15:29:25"}
{"ip":"::1","level":"info","message":"GET /api/health","service":"user-service","timestamp":"2025-07-23 15:29:55"}
{"ip":"::1","level":"info","message":"GET /api/health","service":"user-service","timestamp":"2025-07-23 15:30:26"}
{"ip":"::1","level":"info","message":"GET /api/health","service":"user-service","timestamp":"2025-07-23 15:30:56"}
{"ip":"::1","level":"info","message":"GET /api/health","service":"user-service","timestamp":"2025-07-23 15:31:26"}
{"ip":"::1","level":"info","message":"GET /api/health","service":"user-service","timestamp":"2025-07-23 15:31:56"}
{"ip":"::1","level":"info","message":"GET /api/health","service":"user-service","timestamp":"2025-07-23 15:32:26"}
{"ip":"::1","level":"info","message":"GET /api/health","service":"user-service","timestamp":"2025-07-23 15:32:57"}
{"ip":"::1","level":"info","message":"GET /api/health","service":"user-service","timestamp":"2025-07-23 15:33:27"}
{"ip":"::1","level":"info","message":"GET /api/health","service":"user-service","timestamp":"2025-07-23 15:33:57"}
{"ip":"::1","level":"info","message":"GET /api/health","service":"user-service","timestamp":"2025-07-23 15:34:27"}
{"ip":"::1","level":"info","message":"GET /api/health","service":"user-service","timestamp":"2025-07-23 15:34:58"}
{"ip":"::1","level":"info","message":"GET /api/health","service":"user-service","timestamp":"2025-07-23 15:35:28"}
{"ip":"::1","level":"info","message":"GET /api/health","service":"user-service","timestamp":"2025-07-23 15:35:58"}
{"ip":"::1","level":"info","message":"GET /api/health","service":"user-service","timestamp":"2025-07-23 15:36:28"}
{"ip":"::1","level":"info","message":"GET /api/health","service":"user-service","timestamp":"2025-07-23 15:36:58"}
{"ip":"::1","level":"info","message":"GET /api/health","service":"user-service","timestamp":"2025-07-23 15:37:29"}
{"ip":"::1","level":"info","message":"GET /api/health","service":"user-service","timestamp":"2025-07-23 15:37:59"}
{"level":"info","message":"SIGTERM received, shutting down gracefully","service":"user-service","timestamp":"2025-07-23 15:38:23"}
{"level":"info","message":"User service running on port 8082","service":"user-service","timestamp":"2025-07-25 12:30:36"}
{"level":"info","message":"Environment: development","service":"user-service","timestamp":"2025-07-25 12:30:36"}
{"level":"info","message":"Health check: http://localhost:8082/api/health","service":"user-service","timestamp":"2025-07-25 12:30:36"}
{"level":"info","message":"MongoDB Connected: mongodb","service":"user-service","timestamp":"2025-07-25 12:30:36"}
{"ip":"::1","level":"info","message":"GET /api/health","service":"user-service","timestamp":"2025-07-25 12:30:37"}
{"ip":"::1","level":"info","message":"GET /api/health","service":"user-service","timestamp":"2025-07-25 12:31:08"}
{"ip":"::1","level":"info","message":"GET /api/health","service":"user-service","timestamp":"2025-07-25 12:31:38"}
{"ip":"::1","level":"info","message":"GET /api/health","service":"user-service","timestamp":"2025-07-25 12:32:08"}
{"ip":"::1","level":"info","message":"GET /api/health","service":"user-service","timestamp":"2025-07-25 12:32:38"}
{"ip":"::1","level":"info","message":"GET /api/health","service":"user-service","timestamp":"2025-07-25 12:33:08"}
{"ip":"::1","level":"info","message":"GET /api/health","service":"user-service","timestamp":"2025-07-25 12:33:39"}
{"ip":"::1","level":"info","message":"GET /api/health","service":"user-service","timestamp":"2025-07-25 12:34:09"}
{"ip":"::1","level":"info","message":"GET /api/health","service":"user-service","timestamp":"2025-07-25 12:34:39"}
{"ip":"::1","level":"info","message":"GET /api/health","service":"user-service","timestamp":"2025-07-25 12:35:09"}
{"ip":"::1","level":"info","message":"GET /api/health","service":"user-service","timestamp":"2025-07-25 12:35:39"}
{"ip":"::1","level":"info","message":"GET /api/health","service":"user-service","timestamp":"2025-07-25 12:36:10"}
{"ip":"::ffff:172.18.0.1","level":"info","message":"POST /api/users/687c72dcbe6ec9797bc4fd97/manager","service":"user-service","timestamp":"2025-07-25 12:36:25","userAgent":"PostmanRuntime/7.28.3"}
{"ip":"::1","level":"info","message":"GET /api/health","service":"user-service","timestamp":"2025-07-25 12:36:40"}
{"ip":"::1","level":"info","message":"GET /api/health","service":"user-service","timestamp":"2025-07-25 12:37:10"}
{"ip":"::1","level":"info","message":"GET /api/health","service":"user-service","timestamp":"2025-07-25 12:37:40"}
{"ip":"::1","level":"info","message":"GET /api/health","service":"user-service","timestamp":"2025-07-25 12:38:11"}
{"ip":"::1","level":"info","message":"GET /api/health","service":"user-service","timestamp":"2025-07-25 12:38:42"}
{"level":"info","message":"SIGTERM received, shutting down gracefully","service":"user-service","timestamp":"2025-07-25 12:39:03"}
{"level":"info","message":"User service running on port 8082","service":"user-service","timestamp":"2025-07-25 12:39:09"}
{"level":"info","message":"Environment: development","service":"user-service","timestamp":"2025-07-25 12:39:09"}
{"level":"info","message":"Health check: http://localhost:8082/api/health","service":"user-service","timestamp":"2025-07-25 12:39:09"}
{"level":"info","message":"MongoDB Connected: mongodb","service":"user-service","timestamp":"2025-07-25 12:39:09"}
{"ip":"::1","level":"info","message":"GET /api/health","service":"user-service","timestamp":"2025-07-25 12:39:11"}
{"ip":"::1","level":"info","message":"GET /api/health","service":"user-service","timestamp":"2025-07-25 12:39:41"}
{"ip":"::1","level":"info","message":"GET /api/health","service":"user-service","timestamp":"2025-07-25 12:40:12"}
{"ip":"::1","level":"info","message":"GET /api/health","service":"user-service","timestamp":"2025-07-25 12:40:42"}
{"ip":"::ffff:172.18.0.1","level":"info","message":"POST /api/users/687c72dcbe6ec9797bc4fd97/manager","service":"user-service","timestamp":"2025-07-25 12:41:10","userAgent":"PostmanRuntime/7.28.3"}
{"level":"error","message":"Error creating manager profile: User must have manager role to create manager profile","service":"user-service","stack":"Error: User must have manager role to create manager profile\n    at UserService.createManagerProfile (/app/src/services/UserService.js:203:15)\n    at process.processTicksAndRejections (node:internal/process/task_queues:95:5)\n    at async createManagerProfile (/app/src/controllers/userController.js:179:23)","timestamp":"2025-07-25 12:41:10"}
{"level":"error","message":"Create manager profile error: User must have manager role to create manager profile","service":"user-service","stack":"Error: User must have manager role to create manager profile\n    at UserService.createManagerProfile (/app/src/services/UserService.js:203:15)\n    at process.processTicksAndRejections (node:internal/process/task_queues:95:5)\n    at async createManagerProfile (/app/src/controllers/userController.js:179:23)","timestamp":"2025-07-25 12:41:10"}
{"ip":"::1","level":"info","message":"GET /api/health","service":"user-service","timestamp":"2025-07-25 12:41:12"}
{"ip":"::ffff:172.18.0.1","level":"info","message":"GET /api/users","service":"user-service","timestamp":"2025-07-25 12:41:28","userAgent":"PostmanRuntime/7.28.3"}
{"ip":"::1","level":"info","message":"GET /api/health","service":"user-service","timestamp":"2025-07-25 12:41:42"}
{"ip":"::ffff:172.18.0.1","level":"info","message":"POST /api/users/687c72dcbe6ec9797bc4fd97/manager","service":"user-service","timestamp":"2025-07-25 12:41:53","userAgent":"PostmanRuntime/7.28.3"}
{"level":"error","message":"Error creating manager profile: User must have manager role to create manager profile","service":"user-service","stack":"Error: User must have manager role to create manager profile\n    at UserService.createManagerProfile (/app/src/services/UserService.js:203:15)\n    at process.processTicksAndRejections (node:internal/process/task_queues:95:5)\n    at async createManagerProfile (/app/src/controllers/userController.js:179:23)","timestamp":"2025-07-25 12:41:53"}
{"level":"error","message":"Create manager profile error: User must have manager role to create manager profile","service":"user-service","stack":"Error: User must have manager role to create manager profile\n    at UserService.createManagerProfile (/app/src/services/UserService.js:203:15)\n    at process.processTicksAndRejections (node:internal/process/task_queues:95:5)\n    at async createManagerProfile (/app/src/controllers/userController.js:179:23)","timestamp":"2025-07-25 12:41:53"}
{"ip":"::1","level":"info","message":"GET /api/health","service":"user-service","timestamp":"2025-07-25 12:42:13"}
{"ip":"::1","level":"info","message":"GET /api/health","service":"user-service","timestamp":"2025-07-25 12:42:43"}
{"ip":"::1","level":"info","message":"GET /api/health","service":"user-service","timestamp":"2025-07-25 12:43:13"}
{"ip":"::1","level":"info","message":"GET /api/health","service":"user-service","timestamp":"2025-07-25 12:43:43"}
{"ip":"::1","level":"info","message":"GET /api/health","service":"user-service","timestamp":"2025-07-25 12:44:14"}
{"ip":"::1","level":"info","message":"GET /api/health","service":"user-service","timestamp":"2025-07-25 12:44:44"}
{"ip":"::1","level":"info","message":"GET /api/health","service":"user-service","timestamp":"2025-07-25 12:45:14"}
{"ip":"::1","level":"info","message":"GET /api/health","service":"user-service","timestamp":"2025-07-25 12:45:44"}
{"ip":"::1","level":"info","message":"GET /api/health","service":"user-service","timestamp":"2025-07-25 12:46:14"}
{"ip":"::1","level":"info","message":"GET /api/health","service":"user-service","timestamp":"2025-07-25 12:46:45"}
{"ip":"::1","level":"info","message":"GET /api/health","service":"user-service","timestamp":"2025-07-25 12:47:15"}
{"ip":"::1","level":"info","message":"GET /api/health","service":"user-service","timestamp":"2025-07-25 12:47:45"}
{"ip":"::1","level":"info","message":"GET /api/health","service":"user-service","timestamp":"2025-07-25 12:48:15"}
{"ip":"::1","level":"info","message":"GET /api/health","service":"user-service","timestamp":"2025-07-25 12:48:46"}
{"level":"info","message":"SIGTERM received, shutting down gracefully","service":"user-service","timestamp":"2025-07-25 12:48:53"}
{"level":"info","message":"User service running on port 8082","service":"user-service","timestamp":"2025-07-25 12:48:56"}
{"level":"info","message":"Environment: development","service":"user-service","timestamp":"2025-07-25 12:48:56"}
{"level":"info","message":"Health check: http://localhost:8082/api/health","service":"user-service","timestamp":"2025-07-25 12:48:56"}
{"level":"info","message":"MongoDB Connected: mongodb","service":"user-service","timestamp":"2025-07-25 12:48:56"}
{"ip":"::1","level":"info","message":"GET /api/health","service":"user-service","timestamp":"2025-07-25 12:49:00"}
{"ip":"::ffff:172.18.0.1","level":"info","message":"POST /api/users/687c72dcbe6ec9797bc4fd97/manager","service":"user-service","timestamp":"2025-07-25 12:49:01","userAgent":"PostmanRuntime/7.28.3"}
{"level":"info","message":"Manager profile created for user: john.doe@example.com","service":"user-service","timestamp":"2025-07-25 12:49:01"}
{"ip":"::1","level":"info","message":"GET /api/health","service":"user-service","timestamp":"2025-07-25 12:49:30"}
{"ip":"::1","level":"info","message":"GET /api/health","service":"user-service","timestamp":"2025-07-25 12:50:00"}
{"ip":"::1","level":"info","message":"GET /api/health","service":"user-service","timestamp":"2025-07-25 12:50:30"}
{"ip":"::ffff:172.18.0.1","level":"info","message":"GET /api/users/687c72dcbe6ec9797bc4fd97/manager","service":"user-service","timestamp":"2025-07-25 12:50:42","userAgent":"PostmanRuntime/7.28.3"}
{"ip":"::1","level":"info","message":"GET /api/health","service":"user-service","timestamp":"2025-07-25 12:51:01"}
{"ip":"::ffff:172.18.0.1","level":"info","message":"PUT /api/687c72dcbe6ec9797bc4fd97/manager","service":"user-service","timestamp":"2025-07-25 12:51:24","userAgent":"PostmanRuntime/7.28.3"}
{"ip":"::1","level":"info","message":"GET /api/health","service":"user-service","timestamp":"2025-07-25 12:51:31"}
{"ip":"::1","level":"info","message":"GET /api/health","service":"user-service","timestamp":"2025-07-25 12:52:01"}
{"ip":"::1","level":"info","message":"GET /api/health","service":"user-service","timestamp":"2025-07-25 12:52:32"}
{"ip":"::1","level":"info","message":"GET /api/health","service":"user-service","timestamp":"2025-07-25 12:53:02"}
{"ip":"::ffff:172.18.0.1","level":"info","message":"PUT /api/user/687c72dcbe6ec9797bc4fd97/manager","service":"user-service","timestamp":"2025-07-25 12:53:31","userAgent":"PostmanRuntime/7.28.3"}
{"ip":"::1","level":"info","message":"GET /api/health","service":"user-service","timestamp":"2025-07-25 12:53:32"}
{"ip":"::ffff:172.18.0.1","level":"info","message":"PUT /api/users/687c72dcbe6ec9797bc4fd97/manager","service":"user-service","timestamp":"2025-07-25 12:53:42","userAgent":"PostmanRuntime/7.28.3"}
{"ip":"::1","level":"info","message":"GET /api/health","service":"user-service","timestamp":"2025-07-25 12:54:02"}
{"ip":"::1","level":"info","message":"GET /api/health","service":"user-service","timestamp":"2025-07-25 12:54:33"}
{"level":"info","message":"SIGTERM received, shutting down gracefully","service":"user-service","timestamp":"2025-07-25 12:54:34"}
{"level":"info","message":"User service running on port 8082","service":"user-service","timestamp":"2025-07-25 12:54:38"}
{"level":"info","message":"Environment: development","service":"user-service","timestamp":"2025-07-25 12:54:38"}
{"level":"info","message":"Health check: http://localhost:8082/api/health","service":"user-service","timestamp":"2025-07-25 12:54:38"}
{"level":"info","message":"MongoDB Connected: mongodb","service":"user-service","timestamp":"2025-07-25 12:54:38"}
{"ip":"::ffff:172.18.0.1","level":"info","message":"PUT /api/users/687c72dcbe6ec9797bc4fd97/manager","service":"user-service","timestamp":"2025-07-25 12:54:40","userAgent":"PostmanRuntime/7.28.3"}
{"level":"info","message":"Manager profile updated for user: 687c72dcbe6ec9797bc4fd97","service":"user-service","timestamp":"2025-07-25 12:54:40"}
{"ip":"::1","level":"info","message":"GET /api/health","service":"user-service","timestamp":"2025-07-25 12:54:41"}
{"ip":"::ffff:172.18.0.1","level":"info","message":"GET /api/users/687c72dcbe6ec9797bc4fd97/manager","service":"user-service","timestamp":"2025-07-25 12:54:50","userAgent":"PostmanRuntime/7.28.3"}
{"ip":"::1","level":"info","message":"GET /api/health","service":"user-service","timestamp":"2025-07-25 12:55:12"}
{"ip":"::1","level":"info","message":"GET /api/health","service":"user-service","timestamp":"2025-07-25 12:55:42"}
{"ip":"::1","level":"info","message":"GET /api/health","service":"user-service","timestamp":"2025-07-25 12:56:12"}
{"ip":"::1","level":"info","message":"GET /api/health","service":"user-service","timestamp":"2025-07-25 12:56:42"}
{"ip":"::1","level":"info","message":"GET /api/health","service":"user-service","timestamp":"2025-07-25 12:57:13"}
{"ip":"::1","level":"info","message":"GET /api/health","service":"user-service","timestamp":"2025-07-25 12:57:43"}
{"ip":"::1","level":"info","message":"GET /api/health","service":"user-service","timestamp":"2025-07-25 12:58:13"}
{"ip":"::1","level":"info","message":"GET /api/health","service":"user-service","timestamp":"2025-07-25 12:58:43"}
{"ip":"::1","level":"info","message":"GET /api/health","service":"user-service","timestamp":"2025-07-25 12:59:14"}
{"ip":"::ffff:172.18.0.1","level":"info","message":"GET /api/users/687c72dcbe6ec9797bc4fd97/manager","service":"user-service","timestamp":"2025-07-25 12:59:21","userAgent":"PostmanRuntime/7.28.3"}
{"ip":"::1","level":"info","message":"GET /api/health","service":"user-service","timestamp":"2025-07-25 12:59:44"}
{"ip":"::1","level":"info","message":"GET /api/health","service":"user-service","timestamp":"2025-07-25 13:00:14"}
{"ip":"::1","level":"info","message":"GET /api/health","service":"user-service","timestamp":"2025-07-25 13:00:44"}
{"ip":"::1","level":"info","message":"GET /api/health","service":"user-service","timestamp":"2025-07-25 13:01:15"}
{"ip":"::1","level":"info","message":"GET /api/health","service":"user-service","timestamp":"2025-07-25 13:01:45"}
{"ip":"::1","level":"info","message":"GET /api/health","service":"user-service","timestamp":"2025-07-25 13:02:15"}
{"ip":"::1","level":"info","message":"GET /api/health","service":"user-service","timestamp":"2025-07-25 13:02:45"}
{"ip":"::1","level":"info","message":"GET /api/health","service":"user-service","timestamp":"2025-07-25 13:03:15"}
{"ip":"::1","level":"info","message":"GET /api/health","service":"user-service","timestamp":"2025-07-25 13:03:46"}
{"ip":"::1","level":"info","message":"GET /api/health","service":"user-service","timestamp":"2025-07-25 13:04:16"}
{"ip":"::1","level":"info","message":"GET /api/health","service":"user-service","timestamp":"2025-07-25 13:04:46"}
{"ip":"::1","level":"info","message":"GET /api/health","service":"user-service","timestamp":"2025-07-25 13:05:16"}
{"ip":"::1","level":"info","message":"GET /api/health","service":"user-service","timestamp":"2025-07-25 13:05:47"}
{"ip":"::1","level":"info","message":"GET /api/health","service":"user-service","timestamp":"2025-07-25 13:06:17"}
{"ip":"::1","level":"info","message":"GET /api/health","service":"user-service","timestamp":"2025-07-25 13:06:47"}
{"level":"info","message":"SIGTERM received, shutting down gracefully","service":"user-service","timestamp":"2025-07-25 13:06:51"}
{"level":"info","message":"User service running on port 8082","service":"user-service","timestamp":"2025-07-25 13:08:53"}
{"level":"info","message":"Environment: development","service":"user-service","timestamp":"2025-07-25 13:08:53"}
{"level":"info","message":"Health check: http://localhost:8082/api/health","service":"user-service","timestamp":"2025-07-25 13:08:53"}
{"level":"info","message":"MongoDB Connected: mongodb","service":"user-service","timestamp":"2025-07-25 13:08:53"}
{"ip":"::1","level":"info","message":"GET /api/health","service":"user-service","timestamp":"2025-07-25 13:08:56"}
{"ip":"::ffff:172.18.0.1","level":"info","message":"GET /api/users/687c72dcbe6ec9797bc4fd97/manager","service":"user-service","timestamp":"2025-07-25 13:08:59","userAgent":"PostmanRuntime/7.28.3"}
{"ip":"::1","level":"info","message":"GET /api/health","service":"user-service","timestamp":"2025-07-25 13:09:26"}
{"ip":"::ffff:172.18.0.1","level":"info","message":"PUT /api/users/687c72dcbe6ec9797bc4fd97/manager","service":"user-service","timestamp":"2025-07-25 13:09:51","userAgent":"PostmanRuntime/7.28.3"}
{"level":"info","message":"Manager profile updated for user: 687c72dcbe6ec9797bc4fd97","service":"user-service","timestamp":"2025-07-25 13:09:51"}
{"ip":"::1","level":"info","message":"GET /api/health","service":"user-service","timestamp":"2025-07-25 13:09:56"}
{"ip":"::1","level":"info","message":"GET /api/health","service":"user-service","timestamp":"2025-07-25 13:10:27"}
{"ip":"::1","level":"info","message":"GET /api/health","service":"user-service","timestamp":"2025-07-25 13:10:57"}
{"ip":"::1","level":"info","message":"GET /api/health","service":"user-service","timestamp":"2025-07-25 13:11:27"}
{"ip":"::1","level":"info","message":"GET /api/health","service":"user-service","timestamp":"2025-07-25 13:11:57"}
{"ip":"::1","level":"info","message":"GET /api/health","service":"user-service","timestamp":"2025-07-25 13:12:27"}
{"ip":"::1","level":"info","message":"GET /api/health","service":"user-service","timestamp":"2025-07-25 13:12:58"}
{"ip":"::1","level":"info","message":"GET /api/health","service":"user-service","timestamp":"2025-07-25 13:13:28"}
{"ip":"::1","level":"info","message":"GET /api/health","service":"user-service","timestamp":"2025-07-25 13:13:58"}
{"ip":"::1","level":"info","message":"GET /api/health","service":"user-service","timestamp":"2025-07-25 13:14:28"}
{"ip":"::1","level":"info","message":"GET /api/health","service":"user-service","timestamp":"2025-07-25 13:14:59"}
{"ip":"::1","level":"info","message":"GET /api/health","service":"user-service","timestamp":"2025-07-25 13:15:29"}
{"ip":"::1","level":"info","message":"GET /api/health","service":"user-service","timestamp":"2025-07-25 13:15:59"}
{"ip":"::1","level":"info","message":"GET /api/health","service":"user-service","timestamp":"2025-07-25 13:16:29"}
{"ip":"::1","level":"info","message":"GET /api/health","service":"user-service","timestamp":"2025-07-25 13:16:59"}
{"ip":"::1","level":"info","message":"GET /api/health","service":"user-service","timestamp":"2025-07-25 13:17:30"}
{"ip":"::1","level":"info","message":"GET /api/health","service":"user-service","timestamp":"2025-07-25 13:18:00"}
{"ip":"::1","level":"info","message":"GET /api/health","service":"user-service","timestamp":"2025-07-25 13:18:30"}
{"ip":"::1","level":"info","message":"GET /api/health","service":"user-service","timestamp":"2025-07-25 13:19:01"}
{"ip":"::1","level":"info","message":"GET /api/health","service":"user-service","timestamp":"2025-07-25 13:19:31"}
{"ip":"::ffff:172.18.0.1","level":"info","message":"GET /api/users/687c72dcbe6ec9797bc4fd97/dealer","service":"user-service","timestamp":"2025-07-25 13:19:36","userAgent":"PostmanRuntime/7.28.3"}
{"level":"error","message":"Error getting dealer profile: Dealer profile not found","service":"user-service","stack":"Error: Dealer profile not found\n    at UserService.getDealerProfile (/app/src/services/UserService.js:289:15)\n    at process.processTicksAndRejections (node:internal/process/task_queues:95:5)\n    at async getDealerProfile (/app/src/controllers/userController.js:259:22)","timestamp":"2025-07-25 13:19:37"}
{"level":"error","message":"Get dealer profile error: Dealer profile not found","service":"user-service","stack":"Error: Dealer profile not found\n    at UserService.getDealerProfile (/app/src/services/UserService.js:289:15)\n    at process.processTicksAndRejections (node:internal/process/task_queues:95:5)\n    at async getDealerProfile (/app/src/controllers/userController.js:259:22)","timestamp":"2025-07-25 13:19:37"}
{"ip":"::1","level":"info","message":"GET /api/health","service":"user-service","timestamp":"2025-07-25 13:20:01"}
{"ip":"::1","level":"info","message":"GET /api/health","service":"user-service","timestamp":"2025-07-25 13:20:31"}
{"ip":"::1","level":"info","message":"GET /api/health","service":"user-service","timestamp":"2025-07-25 13:21:02"}
{"ip":"::1","level":"info","message":"GET /api/health","service":"user-service","timestamp":"2025-07-25 13:21:32"}
{"ip":"::1","level":"info","message":"GET /api/health","service":"user-service","timestamp":"2025-07-25 13:22:02"}
{"ip":"::1","level":"info","message":"GET /api/health","service":"user-service","timestamp":"2025-07-25 13:22:32"}
{"ip":"::1","level":"info","message":"GET /api/health","service":"user-service","timestamp":"2025-07-25 13:23:02"}
{"ip":"::1","level":"info","message":"GET /api/health","service":"user-service","timestamp":"2025-07-25 13:23:33"}
{"ip":"::1","level":"info","message":"GET /api/health","service":"user-service","timestamp":"2025-07-25 13:24:03"}
{"ip":"::1","level":"info","message":"GET /api/health","service":"user-service","timestamp":"2025-07-25 13:24:33"}
{"ip":"::1","level":"info","message":"GET /api/health","service":"user-service","timestamp":"2025-07-25 13:25:03"}
{"ip":"::1","level":"info","message":"GET /api/health","service":"user-service","timestamp":"2025-07-25 13:25:33"}
{"ip":"::1","level":"info","message":"GET /api/health","service":"user-service","timestamp":"2025-07-25 13:26:04"}
{"ip":"::1","level":"info","message":"GET /api/health","service":"user-service","timestamp":"2025-07-25 13:26:34"}
{"ip":"::1","level":"info","message":"GET /api/health","service":"user-service","timestamp":"2025-07-25 13:27:04"}
{"ip":"::1","level":"info","message":"GET /api/health","service":"user-service","timestamp":"2025-07-25 13:27:34"}
{"ip":"::1","level":"info","message":"GET /api/health","service":"user-service","timestamp":"2025-07-25 13:28:04"}
{"ip":"::1","level":"info","message":"GET /api/health","service":"user-service","timestamp":"2025-07-25 13:28:35"}
{"ip":"::1","level":"info","message":"GET /api/health","service":"user-service","timestamp":"2025-07-25 13:29:05"}
{"ip":"::1","level":"info","message":"GET /api/health","service":"user-service","timestamp":"2025-07-25 13:29:35"}
{"ip":"::1","level":"info","message":"GET /api/health","service":"user-service","timestamp":"2025-07-25 13:30:05"}
{"ip":"::1","level":"info","message":"GET /api/health","service":"user-service","timestamp":"2025-07-25 13:30:36"}
{"ip":"::1","level":"info","message":"GET /api/health","service":"user-service","timestamp":"2025-07-25 13:31:06"}
{"ip":"::1","level":"info","message":"GET /api/health","service":"user-service","timestamp":"2025-07-25 13:31:36"}
{"ip":"::1","level":"info","message":"GET /api/health","service":"user-service","timestamp":"2025-07-25 13:32:06"}
{"ip":"::1","level":"info","message":"GET /api/health","service":"user-service","timestamp":"2025-07-25 13:32:37"}
{"ip":"::1","level":"info","message":"GET /api/health","service":"user-service","timestamp":"2025-07-25 13:33:07"}
{"level":"info","message":"SIGTERM received, shutting down gracefully","service":"user-service","timestamp":"2025-07-25 13:33:32"}
{"level":"info","message":"User service running on port 8082","service":"user-service","timestamp":"2025-07-25 13:33:36"}
{"level":"info","message":"Environment: development","service":"user-service","timestamp":"2025-07-25 13:33:36"}
{"level":"info","message":"Health check: http://localhost:8082/api/health","service":"user-service","timestamp":"2025-07-25 13:33:36"}
{"level":"info","message":"MongoDB Connected: mongodb","service":"user-service","timestamp":"2025-07-25 13:33:36"}
{"ip":"::1","level":"info","message":"GET /api/health","service":"user-service","timestamp":"2025-07-25 13:33:39"}
{"ip":"::ffff:172.18.0.1","level":"info","message":"POST /api/users/687c72dcbe6ec9797bc4fd97/dealer","service":"user-service","timestamp":"2025-07-25 13:33:50","userAgent":"PostmanRuntime/7.28.3"}
{"ip":"::1","level":"info","message":"GET /api/health","service":"user-service","timestamp":"2025-07-25 13:34:10"}
{"ip":"::1","level":"info","message":"GET /api/health","service":"user-service","timestamp":"2025-07-25 13:34:40"}
{"ip":"::1","level":"info","message":"GET /api/health","service":"user-service","timestamp":"2025-07-25 13:35:10"}
{"ip":"::1","level":"info","message":"GET /api/health","service":"user-service","timestamp":"2025-07-25 13:35:40"}
{"ip":"::1","level":"info","message":"GET /api/health","service":"user-service","timestamp":"2025-07-25 13:36:10"}
{"ip":"::1","level":"info","message":"GET /api/health","service":"user-service","timestamp":"2025-07-25 13:36:41"}
{"ip":"::1","level":"info","message":"GET /api/health","service":"user-service","timestamp":"2025-07-25 13:37:11"}
{"ip":"::1","level":"info","message":"GET /api/health","service":"user-service","timestamp":"2025-07-25 13:37:41"}
{"ip":"::1","level":"info","message":"GET /api/health","service":"user-service","timestamp":"2025-07-25 13:38:11"}
{"ip":"::1","level":"info","message":"GET /api/health","service":"user-service","timestamp":"2025-07-25 13:38:42"}
{"ip":"::1","level":"info","message":"GET /api/health","service":"user-service","timestamp":"2025-07-25 13:39:12"}
{"ip":"::1","level":"info","message":"GET /api/health","service":"user-service","timestamp":"2025-07-25 13:39:42"}
{"ip":"::1","level":"info","message":"GET /api/health","service":"user-service","timestamp":"2025-07-25 13:40:12"}
{"ip":"::1","level":"info","message":"GET /api/health","service":"user-service","timestamp":"2025-07-25 13:40:43"}
{"ip":"::1","level":"info","message":"GET /api/health","service":"user-service","timestamp":"2025-07-25 13:41:13"}
{"ip":"::1","level":"info","message":"GET /api/health","service":"user-service","timestamp":"2025-07-25 13:41:43"}
{"ip":"::1","level":"info","message":"GET /api/health","service":"user-service","timestamp":"2025-07-25 13:42:13"}
{"ip":"::1","level":"info","message":"GET /api/health","service":"user-service","timestamp":"2025-07-25 13:42:44"}
{"ip":"::1","level":"info","message":"GET /api/health","service":"user-service","timestamp":"2025-07-25 13:43:14"}
{"ip":"::1","level":"info","message":"GET /api/health","service":"user-service","timestamp":"2025-07-25 13:43:44"}
{"ip":"::1","level":"info","message":"GET /api/health","service":"user-service","timestamp":"2025-07-25 13:44:14"}
{"ip":"::1","level":"info","message":"GET /api/health","service":"user-service","timestamp":"2025-07-25 13:44:45"}
{"ip":"::1","level":"info","message":"GET /api/health","service":"user-service","timestamp":"2025-07-25 13:45:15"}
{"ip":"::1","level":"info","message":"GET /api/health","service":"user-service","timestamp":"2025-07-25 13:45:45"}
{"ip":"::1","level":"info","message":"GET /api/health","service":"user-service","timestamp":"2025-07-25 13:46:15"}
{"ip":"::1","level":"info","message":"GET /api/health","service":"user-service","timestamp":"2025-07-25 13:46:46"}
{"ip":"::1","level":"info","message":"GET /api/health","service":"user-service","timestamp":"2025-07-25 13:47:16"}
{"ip":"::1","level":"info","message":"GET /api/health","service":"user-service","timestamp":"2025-07-25 13:47:46"}
{"ip":"::1","level":"info","message":"GET /api/health","service":"user-service","timestamp":"2025-07-25 13:48:16"}
{"level":"info","message":"SIGTERM received, shutting down gracefully","service":"user-service","timestamp":"2025-07-25 13:48:40"}
{"level":"info","message":"User service running on port 8082","service":"user-service","timestamp":"2025-07-25 13:48:44"}
{"level":"info","message":"Environment: development","service":"user-service","timestamp":"2025-07-25 13:48:44"}
{"level":"info","message":"Health check: http://localhost:8082/api/health","service":"user-service","timestamp":"2025-07-25 13:48:44"}
{"level":"info","message":"MongoDB Connected: mongodb","service":"user-service","timestamp":"2025-07-25 13:48:44"}
{"ip":"::1","level":"info","message":"GET /api/health","service":"user-service","timestamp":"2025-07-25 13:48:48"}
{"ip":"::ffff:172.18.0.1","level":"info","message":"POST /api/users/687c72dcbe6ec9797bc4fd97/dealer","service":"user-service","timestamp":"2025-07-25 13:48:58","userAgent":"PostmanRuntime/7.28.3"}
{"ip":"::1","level":"info","message":"GET /api/health","service":"user-service","timestamp":"2025-07-25 13:49:18"}
{"ip":"::1","level":"info","message":"GET /api/health","service":"user-service","timestamp":"2025-07-25 13:49:48"}
{"ip":"::1","level":"info","message":"GET /api/health","service":"user-service","timestamp":"2025-07-25 13:50:18"}
{"ip":"::1","level":"info","message":"GET /api/health","service":"user-service","timestamp":"2025-07-25 13:50:49"}
{"ip":"::1","level":"info","message":"GET /api/health","service":"user-service","timestamp":"2025-07-25 13:51:19"}
{"ip":"::1","level":"info","message":"GET /api/health","service":"user-service","timestamp":"2025-07-25 13:51:49"}
{"ip":"::1","level":"info","message":"GET /api/health","service":"user-service","timestamp":"2025-07-25 13:52:19"}
{"level":"info","message":"SIGTERM received, shutting down gracefully","service":"user-service","timestamp":"2025-07-25 13:52:33"}
{"level":"info","message":"User service running on port 8082","service":"user-service","timestamp":"2025-07-25 13:53:19"}
{"level":"info","message":"Environment: development","service":"user-service","timestamp":"2025-07-25 13:53:19"}
{"level":"info","message":"Health check: http://localhost:8082/api/health","service":"user-service","timestamp":"2025-07-25 13:53:19"}
{"level":"info","message":"MongoDB Connected: mongodb","service":"user-service","timestamp":"2025-07-25 13:53:19"}
{"ip":"::1","level":"info","message":"GET /api/health","service":"user-service","timestamp":"2025-07-25 13:53:22"}
{"ip":"::ffff:172.18.0.1","level":"info","message":"POST /api/users/687c72dcbe6ec9797bc4fd97/dealer","service":"user-service","timestamp":"2025-07-25 13:53:24","userAgent":"PostmanRuntime/7.28.3"}
{"ip":"::1","level":"info","message":"GET /api/health","service":"user-service","timestamp":"2025-07-25 13:53:53"}
{"ip":"::ffff:172.18.0.1","level":"info","message":"POST /api/users/687c72dcbe6ec9797bc4fd97/dealer","service":"user-service","timestamp":"2025-07-25 13:53:58","userAgent":"PostmanRuntime/7.28.3"}
{"_message":"Dealer validation failed","errors":{"companyName":{"kind":"required","message":"Company name is required","name":"ValidatorError","path":"companyName","properties":{"message":"Company name is required","path":"companyName","type":"required"}}},"level":"error","message":"Error creating dealer profile: Dealer validation failed: companyName: Company name is required","service":"user-service","stack":"ValidationError: Dealer validation failed: companyName: Company name is required\n    at Document.invalidate (/app/node_modules/mongoose/lib/document.js:3354:32)\n    at /app/node_modules/mongoose/lib/document.js:3115:17\n    at /app/node_modules/mongoose/lib/schemaType.js:1410:9\n    at process.processTicksAndRejections (node:internal/process/task_queues:77:11)","timestamp":"2025-07-25 13:53:58"}
{"_message":"Dealer validation failed","errors":{"companyName":{"kind":"required","message":"Company name is required","name":"ValidatorError","path":"companyName","properties":{"message":"Company name is required","path":"companyName","type":"required"}}},"level":"error","message":"Create dealer profile error: Dealer validation failed: companyName: Company name is required","service":"user-service","stack":"ValidationError: Dealer validation failed: companyName: Company name is required\n    at Document.invalidate (/app/node_modules/mongoose/lib/document.js:3354:32)\n    at /app/node_modules/mongoose/lib/document.js:3115:17\n    at /app/node_modules/mongoose/lib/schemaType.js:1410:9\n    at process.processTicksAndRejections (node:internal/process/task_queues:77:11)","timestamp":"2025-07-25 13:53:58"}
{"ip":"::1","level":"info","message":"GET /api/health","service":"user-service","timestamp":"2025-07-25 13:54:23"}
{"ip":"::ffff:172.18.0.1","level":"info","message":"POST /api/users/687c72dcbe6ec9797bc4fd97/dealer","service":"user-service","timestamp":"2025-07-25 13:54:26","userAgent":"PostmanRuntime/7.28.3"}
{"ip":"::1","level":"info","message":"GET /api/health","service":"user-service","timestamp":"2025-07-25 13:54:53"}
{"level":"info","message":"SIGTERM received, shutting down gracefully","service":"user-service","timestamp":"2025-07-25 13:55:22"}
{"level":"info","message":"User service running on port 8082","service":"user-service","timestamp":"2025-07-25 13:55:26"}
{"level":"info","message":"Environment: development","service":"user-service","timestamp":"2025-07-25 13:55:26"}
{"level":"info","message":"Health check: http://localhost:8082/api/health","service":"user-service","timestamp":"2025-07-25 13:55:26"}
{"level":"info","message":"MongoDB Connected: mongodb","service":"user-service","timestamp":"2025-07-25 13:55:26"}
{"ip":"::ffff:172.18.0.1","level":"info","message":"POST /api/users/687c72dcbe6ec9797bc4fd97/dealer","service":"user-service","timestamp":"2025-07-25 13:55:28","userAgent":"PostmanRuntime/7.28.3"}
{"level":"info","message":"Dealer profile created for user: john.doe@example.com","service":"user-service","timestamp":"2025-07-25 13:55:28"}
{"ip":"::1","level":"info","message":"GET /api/health","service":"user-service","timestamp":"2025-07-25 13:55:30"}
{"ip":"::ffff:172.18.0.1","level":"info","message":"GET /api/users/687c72dcbe6ec9797bc4fd97/manager","service":"user-service","timestamp":"2025-07-25 13:55:41","userAgent":"PostmanRuntime/7.28.3"}
{"ip":"::1","level":"info","message":"GET /api/health","service":"user-service","timestamp":"2025-07-25 13:56:00"}
{"ip":"::ffff:172.18.0.1","level":"info","message":"GET /api/users","service":"user-service","timestamp":"2025-07-25 13:56:28","userAgent":"PostmanRuntime/7.28.3"}
{"ip":"::1","level":"info","message":"GET /api/health","service":"user-service","timestamp":"2025-07-25 13:56:30"}
{"ip":"::ffff:172.18.0.1","level":"info","message":"GET /api/users/687c72dcbe6ec9797bc4fd97/dealer","service":"user-service","timestamp":"2025-07-25 13:56:47","userAgent":"PostmanRuntime/7.28.3"}
{"ip":"::1","level":"info","message":"GET /api/health","service":"user-service","timestamp":"2025-07-25 13:57:00"}
{"ip":"::1","level":"info","message":"GET /api/health","service":"user-service","timestamp":"2025-07-25 13:57:31"}
{"ip":"::1","level":"info","message":"GET /api/health","service":"user-service","timestamp":"2025-07-25 13:58:01"}
{"ip":"::1","level":"info","message":"GET /api/health","service":"user-service","timestamp":"2025-07-25 13:58:31"}
{"ip":"::ffff:172.18.0.1","level":"info","message":"PUT /api/users/687c72dcbe6ec9797bc4fd97/dealer","service":"user-service","timestamp":"2025-07-25 13:58:58","userAgent":"PostmanRuntime/7.28.3"}
{"ip":"::1","level":"info","message":"GET /api/health","service":"user-service","timestamp":"2025-07-25 13:59:01"}
{"ip":"::1","level":"info","message":"GET /api/health","service":"user-service","timestamp":"2025-07-25 13:59:32"}
{"level":"info","message":"SIGTERM received, shutting down gracefully","service":"user-service","timestamp":"2025-07-25 13:59:51"}
{"level":"info","message":"User service running on port 8082","service":"user-service","timestamp":"2025-07-25 13:59:54"}
{"level":"info","message":"Environment: development","service":"user-service","timestamp":"2025-07-25 13:59:54"}
{"level":"info","message":"Health check: http://localhost:8082/api/health","service":"user-service","timestamp":"2025-07-25 13:59:54"}
{"level":"info","message":"MongoDB Connected: mongodb","service":"user-service","timestamp":"2025-07-25 13:59:55"}
{"ip":"::ffff:172.18.0.1","level":"info","message":"PUT /api/users/687c72dcbe6ec9797bc4fd97/dealer","service":"user-service","timestamp":"2025-07-25 13:59:56","userAgent":"PostmanRuntime/7.28.3"}
{"level":"info","message":"Dealer profile updated for user: 687c72dcbe6ec9797bc4fd97","service":"user-service","timestamp":"2025-07-25 13:59:56"}
{"ip":"::1","level":"info","message":"GET /api/health","service":"user-service","timestamp":"2025-07-25 13:59:58"}
{"ip":"::1","level":"info","message":"GET /api/health","service":"user-service","timestamp":"2025-07-25 14:00:28"}
{"ip":"::1","level":"info","message":"GET /api/health","service":"user-service","timestamp":"2025-07-25 14:00:58"}
{"ip":"::1","level":"info","message":"GET /api/health","service":"user-service","timestamp":"2025-07-25 14:01:28"}
{"ip":"::1","level":"info","message":"GET /api/health","service":"user-service","timestamp":"2025-07-25 14:01:58"}
{"ip":"::1","level":"info","message":"GET /api/health","service":"user-service","timestamp":"2025-07-25 14:02:29"}
{"ip":"::1","level":"info","message":"GET /api/health","service":"user-service","timestamp":"2025-07-25 14:02:59"}
{"ip":"::1","level":"info","message":"GET /api/health","service":"user-service","timestamp":"2025-07-25 14:03:29"}
{"ip":"::1","level":"info","message":"GET /api/health","service":"user-service","timestamp":"2025-07-25 14:03:59"}
{"ip":"::1","level":"info","message":"GET /api/health","service":"user-service","timestamp":"2025-07-25 14:04:29"}
{"ip":"::1","level":"info","message":"GET /api/health","service":"user-service","timestamp":"2025-07-25 14:05:00"}
{"ip":"::1","level":"info","message":"GET /api/health","service":"user-service","timestamp":"2025-07-25 14:05:30"}
{"ip":"::1","level":"info","message":"GET /api/health","service":"user-service","timestamp":"2025-07-25 14:06:00"}
{"ip":"::1","level":"info","message":"GET /api/health","service":"user-service","timestamp":"2025-07-25 14:06:30"}
{"ip":"::1","level":"info","message":"GET /api/health","service":"user-service","timestamp":"2025-07-25 14:07:01"}
{"ip":"::1","level":"info","message":"GET /api/health","service":"user-service","timestamp":"2025-07-25 14:07:31"}
{"ip":"::1","level":"info","message":"GET /api/health","service":"user-service","timestamp":"2025-07-25 14:08:01"}
{"ip":"::1","level":"info","message":"GET /api/health","service":"user-service","timestamp":"2025-07-25 14:08:31"}
{"ip":"::1","level":"info","message":"GET /api/health","service":"user-service","timestamp":"2025-07-25 14:09:01"}
{"ip":"::1","level":"info","message":"GET /api/health","service":"user-service","timestamp":"2025-07-25 14:09:32"}
{"ip":"::1","level":"info","message":"GET /api/health","service":"user-service","timestamp":"2025-07-25 14:10:02"}
{"ip":"::1","level":"info","message":"GET /api/health","service":"user-service","timestamp":"2025-07-25 14:10:32"}
{"ip":"::1","level":"info","message":"GET /api/health","service":"user-service","timestamp":"2025-07-25 14:11:02"}
{"ip":"::1","level":"info","message":"GET /api/health","service":"user-service","timestamp":"2025-07-25 14:11:32"}
{"ip":"::1","level":"info","message":"GET /api/health","service":"user-service","timestamp":"2025-07-25 14:12:03"}
{"ip":"::1","level":"info","message":"GET /api/health","service":"user-service","timestamp":"2025-07-25 14:12:33"}
{"ip":"::1","level":"info","message":"GET /api/health","service":"user-service","timestamp":"2025-07-25 14:13:03"}
{"ip":"::1","level":"info","message":"GET /api/health","service":"user-service","timestamp":"2025-07-25 14:13:33"}
{"ip":"::1","level":"info","message":"GET /api/health","service":"user-service","timestamp":"2025-07-25 14:14:03"}
{"ip":"::1","level":"info","message":"GET /api/health","service":"user-service","timestamp":"2025-07-25 14:14:34"}
{"ip":"::1","level":"info","message":"GET /api/health","service":"user-service","timestamp":"2025-07-25 14:15:04"}
{"ip":"::1","level":"info","message":"GET /api/health","service":"user-service","timestamp":"2025-07-25 14:15:34"}
{"ip":"::1","level":"info","message":"GET /api/health","service":"user-service","timestamp":"2025-07-25 14:16:04"}
{"ip":"::1","level":"info","message":"GET /api/health","service":"user-service","timestamp":"2025-07-25 14:16:35"}
{"ip":"::1","level":"info","message":"GET /api/health","service":"user-service","timestamp":"2025-07-25 14:17:05"}
{"ip":"::1","level":"info","message":"GET /api/health","service":"user-service","timestamp":"2025-07-25 14:17:36"}
{"ip":"::1","level":"info","message":"GET /api/health","service":"user-service","timestamp":"2025-07-25 14:18:06"}
{"ip":"::1","level":"info","message":"GET /api/health","service":"user-service","timestamp":"2025-07-25 14:18:36"}
{"ip":"::1","level":"info","message":"GET /api/health","service":"user-service","timestamp":"2025-07-25 14:19:06"}
{"ip":"::1","level":"info","message":"GET /api/health","service":"user-service","timestamp":"2025-07-25 14:19:36"}
{"ip":"::1","level":"info","message":"GET /api/health","service":"user-service","timestamp":"2025-07-25 14:20:07"}
{"ip":"::1","level":"info","message":"GET /api/health","service":"user-service","timestamp":"2025-07-25 14:20:37"}
{"ip":"::1","level":"info","message":"GET /api/health","service":"user-service","timestamp":"2025-07-25 14:21:07"}
{"ip":"::1","level":"info","message":"GET /api/health","service":"user-service","timestamp":"2025-07-25 14:21:38"}
{"ip":"::1","level":"info","message":"GET /api/health","service":"user-service","timestamp":"2025-07-25 14:22:08"}
{"ip":"::1","level":"info","message":"GET /api/health","service":"user-service","timestamp":"2025-07-25 14:22:38"}
{"ip":"::1","level":"info","message":"GET /api/health","service":"user-service","timestamp":"2025-07-25 14:23:08"}
{"ip":"::1","level":"info","message":"GET /api/health","service":"user-service","timestamp":"2025-07-25 14:23:39"}
{"ip":"::1","level":"info","message":"GET /api/health","service":"user-service","timestamp":"2025-07-25 14:24:09"}
{"ip":"::1","level":"info","message":"GET /api/health","service":"user-service","timestamp":"2025-07-25 14:24:39"}
{"ip":"::1","level":"info","message":"GET /api/health","service":"user-service","timestamp":"2025-07-25 14:25:09"}
{"ip":"::1","level":"info","message":"GET /api/health","service":"user-service","timestamp":"2025-07-25 14:25:39"}
{"ip":"::1","level":"info","message":"GET /api/health","service":"user-service","timestamp":"2025-07-25 14:26:10"}
{"ip":"::1","level":"info","message":"GET /api/health","service":"user-service","timestamp":"2025-07-25 14:26:40"}
{"ip":"::1","level":"info","message":"GET /api/health","service":"user-service","timestamp":"2025-07-25 14:27:10"}
{"ip":"::1","level":"info","message":"GET /api/health","service":"user-service","timestamp":"2025-07-25 14:27:40"}
{"ip":"::1","level":"info","message":"GET /api/health","service":"user-service","timestamp":"2025-07-25 14:28:11"}
{"ip":"::1","level":"info","message":"GET /api/health","service":"user-service","timestamp":"2025-07-25 14:28:41"}
{"ip":"::1","level":"info","message":"GET /api/health","service":"user-service","timestamp":"2025-07-25 14:29:11"}
{"ip":"::1","level":"info","message":"GET /api/health","service":"user-service","timestamp":"2025-07-25 14:29:41"}
{"ip":"::1","level":"info","message":"GET /api/health","service":"user-service","timestamp":"2025-07-25 14:30:12"}
{"ip":"::1","level":"info","message":"GET /api/health","service":"user-service","timestamp":"2025-07-25 14:30:42"}
{"ip":"::1","level":"info","message":"GET /api/health","service":"user-service","timestamp":"2025-07-25 14:31:12"}
{"ip":"::1","level":"info","message":"GET /api/health","service":"user-service","timestamp":"2025-07-25 14:31:42"}
{"ip":"::1","level":"info","message":"GET /api/health","service":"user-service","timestamp":"2025-07-25 14:32:13"}
{"ip":"::1","level":"info","message":"GET /api/health","service":"user-service","timestamp":"2025-07-25 14:32:43"}
{"ip":"::1","level":"info","message":"GET /api/health","service":"user-service","timestamp":"2025-07-25 14:33:13"}
{"ip":"::1","level":"info","message":"GET /api/health","service":"user-service","timestamp":"2025-07-25 14:33:43"}
{"ip":"::1","level":"info","message":"GET /api/health","service":"user-service","timestamp":"2025-07-25 14:34:14"}
{"ip":"::1","level":"info","message":"GET /api/health","service":"user-service","timestamp":"2025-07-25 14:34:44"}
{"ip":"::1","level":"info","message":"GET /api/health","service":"user-service","timestamp":"2025-07-25 14:35:14"}
{"ip":"::1","level":"info","message":"GET /api/health","service":"user-service","timestamp":"2025-07-25 14:35:44"}
{"ip":"::1","level":"info","message":"GET /api/health","service":"user-service","timestamp":"2025-07-25 14:36:15"}
{"ip":"::1","level":"info","message":"GET /api/health","service":"user-service","timestamp":"2025-07-25 14:36:45"}
{"ip":"::1","level":"info","message":"GET /api/health","service":"user-service","timestamp":"2025-07-25 14:37:15"}
{"ip":"::1","level":"info","message":"GET /api/health","service":"user-service","timestamp":"2025-07-25 14:37:45"}
{"ip":"::1","level":"info","message":"GET /api/health","service":"user-service","timestamp":"2025-07-25 14:38:15"}
{"ip":"::1","level":"info","message":"GET /api/health","service":"user-service","timestamp":"2025-07-25 14:38:46"}
{"ip":"::1","level":"info","message":"GET /api/health","service":"user-service","timestamp":"2025-07-25 14:39:16"}
{"ip":"::1","level":"info","message":"GET /api/health","service":"user-service","timestamp":"2025-07-25 14:39:46"}
{"ip":"::1","level":"info","message":"GET /api/health","service":"user-service","timestamp":"2025-07-25 14:40:16"}
{"ip":"::1","level":"info","message":"GET /api/health","service":"user-service","timestamp":"2025-07-25 14:40:47"}
{"ip":"::1","level":"info","message":"GET /api/health","service":"user-service","timestamp":"2025-07-25 14:41:17"}
{"ip":"::1","level":"info","message":"GET /api/health","service":"user-service","timestamp":"2025-07-25 14:41:47"}
{"ip":"::1","level":"info","message":"GET /api/health","service":"user-service","timestamp":"2025-07-25 14:42:18"}
{"ip":"::1","level":"info","message":"GET /api/health","service":"user-service","timestamp":"2025-07-25 14:42:48"}
{"ip":"::1","level":"info","message":"GET /api/health","service":"user-service","timestamp":"2025-07-25 14:43:18"}
{"ip":"::1","level":"info","message":"GET /api/health","service":"user-service","timestamp":"2025-07-25 14:43:49"}
